1 1
2 1
3 1
4 1
5 2
6 2
7 2
8 2
9 2
10 2
11 3
12 2
13 2
14 3
15 3
16 2
17 3
18 3
19 3
20 3
21 3
22 3
23 3
24 4
25 4
26 3
27 3
28 3
29 4
30 4
31 3
32 4
33 4
34 4
35 4
36 3
37 4
38 4
39 5
40 4
41 4
42 4
43 4
44 5
45 4
46 5
47 5
48 4
49 4
50 4
51 5
52 4
53 6
54 5
55 5
56 6
57 4
58 5
59 5
60 5
61 5
62 6
63 5
64 4
65 6
66 5
67 5
68 5
69 6
70 5
71 6
72 6
73 5
74 6
75 5
76 5
77 6
78 6
79 5
80 6
81 6
82 5
83 7
84 5
85 6
86 6
87 6
88 6
89 6
90 6
91 5
92 6
93 6
94 7
95 6
96 8
97 6
98 6
99 7
100 5
101 6
102 6
103 7
104 6
105 7
106 6
107 7
108 6
109 6
110 7
111 6
112 6
113 6
114 7
115 7
116 7
117 6
118 7
119 7
120 8
121 7
122 6
123 7
124 6
125 7
126 7
127 7
128 8
129 8
130 7
131 8
132 7
133 6
134 7
135 7
136 8
137 7
138 7
139 7
140 8
141 8
142 8
143 7
144 6
145 8
146 7
147 7
148 7
149 8
150 7
151 7
152 8
153 8
154 8
155 9
156 7
157 7
158 8
159 7
160 8
161 8
162 8
163 7
164 8
165 8
166 8
167 9
168 8
169 8
170 7
171 8
172 7
173 8
174 8
175 9
176 10
177 8
178 8
179 9
180 8
181 8
182 9
183 7
184 10
185 8
186 8
187 8
188 9
189 8
190 9
191 9
192 8
193 8
194 9
195 9
196 7
197 9
198 8
199 9
200 8
201 8
202 8
203 9
204 9
205 10
206 9
207 9
208 8
209 9
210 9
211 8
212 9
213 8
214 9
215 9
216 10
217 8
218 9
219 9
220 9
221 10
222 10
223 9
224 12
225 9
226 8
227 9
228 8
229 10
230 9
231 10
232 10
233 10
234 9
235 9
236 9
237 10
238 10
239 10
240 10
241 8
242 9
243 9
244 9
245 9
246 10
247 9
248 12
249 10
250 10
251 9
252 9
253 10
254 10
255 10
256 8
257 11
258 9
259 9
260 9
261 10
262 9
263 10
264 10
265 10
266 10
267 11
268 9
269 12
270 10
271 10
272 10
273 9
274 10
275 9
276 11
277 10
278 10
279 9
280 10
281 10
282 10
283 11
284 11
285 10
286 11
287 10
288 12
289 10
290 9
291 11
292 9
293 11
294 10
295 11
296 12
297 10
298 10
299 11
300 10
301 10
302 11
303 11
304 10
305 12
306 10
307 9
308 11
309 10
310 11
311 10
312 12
313 10
314 11
315 11
316 10
317 10
318 11
319 11
320 12
321 11
322 11
323 11
324 9
325 10
326 10
327 11
328 10
329 12
330 10
331 11
332 11
333 12
334 11
335 13
336 10
337 11
338 11
339 11
340 11
341 12
342 11
343 10
344 12
345 10
346 11
347 11
348 11
349 10
350 12
351 11
352 12
353 12
354 12
355 11
356 12
357 11
358 11
359 11
360 12
361 12
362 10
363 11
364 10
365 12
366 11
367 11
368 12
369 12
370 11
371 12
372 11
373 12
374 12
375 13
376 14
377 12
378 11
379 11
380 12
381 10
382 12
383 11
384 16
385 11
386 12
387 11
388 11
389 12
390 12
391 11
392 12
393 12
394 12
395 12
396 13
397 12
398 13
399 11
400 10
401 12
402 11
403 13
404 11
405 12
406 11
407 13
408 12
409 12
410 12
411 12
412 11
413 12
414 12
415 13
416 12
417 13
418 12
419 13
420 13
421 11
422 12
423 11
424 12
425 12
426 13
427 11
428 13
429 12
430 13
431 13
432 12
433 12
434 12
435 12
436 12
437 12
438 13
439 13
440 14
441 12
442 11
443 13
444 11
445 12
446 12
447 13
448 12
449 13
450 12
451 13
452 12
453 14
454 13
455 13
456 14
457 12
458 12
459 13
460 13
461 13
462 13
463 11
464 14
465 12
466 13
467 12
468 12
469 12
470 13
471 13
472 14
473 12
474 13
475 13
476 14
477 13
478 14
479 14
480 16
481 12
482 13
483 13
484 11
485 14
486 12
487 13
488 12
489 14
490 12
491 13
492 13
493 13
494 13
495 13
496 12
497 14
498 13
499 15
500 13
501 14
502 13
503 15
504 14
505 14
506 13
507 12
508 13
509 12
510 14
511 13
512 16
513 12
514 14
515 13
516 13
517 14
518 13
519 13
520 14
521 13
522 14
523 13
524 15
525 14
526 15
527 14
528 14
529 14
530 12
531 13
532 12
533 14
534 13
535 14
536 14
537 14
538 13
539 15
540 13
541 14
542 14
543 13
544 16
545 14
546 13
547 15
548 14
549 14
550 14
551 15
552 14
553 12
554 14
555 13
556 13
557 13
558 14
559 13
560 16
561 14
562 14
563 13
564 15
565 14
566 15
567 14
568 16
569 15
570 14
571 13
572 14
573 14
574 15
575 15
576 12
577 14
578 13
579 15
580 13
581 15
582 13
583 14
584 14
585 14
586 14
587 15
588 13
589 14
590 14
591 15
592 14
593 16
594 14
595 15
596 15
597 14
598 14
599 15
600 14
601 13
602 15
603 13
604 14
605 14
606 15
607 13
608 16
609 14
610 14
611 15
612 15
613 14
614 15
615 14
616 16
617 14
618 15
619 15
620 15
621 15
622 16
623 15
624 14
625 14
626 13
627 15
628 13
629 15
630 14
631 15
632 16
633 15
634 14
635 15
636 14
637 14
638 15
639 15
640 16
641 16
642 14
643 15
644 15
645 16
646 15
647 15
648 16
649 16
650 15
651 13
652 14
653 14
654 15
655 14
656 16
657 14
658 15
659 15
660 16
661 14
662 15
663 15
664 16
665 15
666 15
667 16
668 15
669 14
670 16
671 15
672 16
673 16
674 16
675 15
676 13
677 16
678 14
679 15
680 14
681 15
682 14
683 15
684 15
685 16
686 15
687 17
688 14
689 16
690 15
691 15
692 15
693 16
694 15
695 15
696 16
697 16
698 15
699 16
700 15
701 18
702 16
703 14
704 20
705 14
706 16
707 15
708 16
709 14
710 15
711 15
712 16
713 16
714 16
715 15
716 17
717 15
718 17
719 15
720 16
721 16
722 16
723 16
724 15
725 16
726 16
727 15
728 18
729 16
730 14
731 16
732 14
733 16
734 15
735 17
736 20
737 16
738 15
739 15
740 15
741 16
742 16
743 17
744 16
745 16
746 15
747 17
748 16
749 18
750 16
751 17
752 18
753 16
754 16
755 16
756 15
757 14
758 16
759 15
760 18
761 15
762 16
763 15
764 17
765 16
766 17
767 15
768 16
769 16
770 16
771 16
772 16
773 16
774 17
775 15
776 18
777 16
778 17
779 17
780 17
781 16
782 18
783 17
784 14
785 18
786 15
787 16
788 15
789 16
790 15
791 17
792 16
793 16
794 16
795 17
796 15
797 18
798 16
799 17
800 16
801 16
802 16
803 17
804 16
805 17
806 16
807 17
808 16
809 18
810 17
811 17
812 17
813 15
814 17
815 15
816 18
817 16
818 16
819 15
820 17
821 16
822 17
823 17
824 18
825 16
826 17
827 16
828 17
829 16
830 18
831 17
832 16
833 17
834 17
835 17
836 18
837 16
838 17
839 17
840 18
841 17
842 15
843 17
844 15
845 18
846 16
847 17
848 18
849 16
850 16
851 17
852 16
853 18
854 17
855 17
856 18
857 18
858 16
859 17
860 17
861 18
862 17
863 18
864 20
865 17
866 17
867 17
868 16
869 18
870 17
871 15
872 18
873 16
874 17
875 16
876 17
877 16
878 18
879 17
880 18
881 16
882 17
883 17
884 17
885 17
886 18
887 18
888 20
889 16
890 18
891 17
892 17
893 18
894 18
895 17
896 24
897 18
898 17
899 19
900 15
901 17
902 16
903 17
904 16
905 18
906 16
907 19
908 17
909 18
910 17
911 18
912 16
913 18
914 17
915 17
916 17
917 18
918 17
919 18
920 18
921 20
922 17
923 19
924 17
925 18
926 18
927 18
928 20
929 18
930 18
931 16
932 19
933 16
934 17
935 17
936 18
937 16
938 18
939 17
940 18
941 18
942 19
943 17
944 18
945 17
946 18
947 17
948 17
949 18
950 18
951 18
952 20
953 18
954 18
955 17
956 19
957 18
958 20
959 18
960 20
961 18
962 16
963 19
964 16
965 18
966 17
967 17
968 18
969 18
970 17
971 20
972 17
973 18
974 18
975 19
976 18
977 19
978 17
979 19
980 18
981 18
982 18
983 18
984 20
985 18
986 18
987 19
988 17
989 20
990 18
991 19
992 24
993 16
994 18
995 17
996 19
997 17
998 19
999 17
1000 20
1001 18
1002 18
1003 17
1004 18
1005 18
1006 19
1007 18
1008 18
1009 19
1010 19
1011 17
1012 19
1013 18
1014 19
1015 19
1016 20
1017 18
1018 18
1019 19
1020 19
1021 18
1022 19
1023 18
1024 16
1025 18
1026 17
1027 19
1028 17
1029 20
1030 17
1031 19
1032 18
1033 20
1034 18
1035 19
1036 17
1037 18
1038 18
1039 19
1040 18
1041 19
1042 18
1043 21
1044 19
1045 19
1046 18
1047 19
1048 18
1049 20
1050 19
1051 20
1052 20
1053 18
1054 19
1055 19
1056 20
1057 17
1058 18
1059 17
1060 19
1061 18
1062 19
1063 17
1064 20
1065 18
1066 20
1067 19
1068 19
1069 18
1070 20
1071 18
1072 18
1073 18
1074 19
1075 19
1076 21
1077 19
1078 19
1079 19
1080 20
1081 18
1082 19
1083 19
1084 19
1085 19
1086 20
1087 19
1088 20
1089 20
1090 17
1091 19
1092 17
1093 18
1094 18
1095 19
1096 20
1097 20
1098 18
1099 19
1100 18
1101 20
1102 19
1103 21
1104 22
1105 20
1106 18
1107 20
1108 19
1109 19
1110 19
1111 19
1112 20
1113 20
1114 19
1115 21
1116 18
1117 20
1118 19
1119 19
1120 20
1121 20
1122 19
1123 17
1124 20
1125 18
1126 20
1127 18
1128 20
1129 18
1130 19
1131 19
1132 19
1133 18
1134 20
1135 19
1136 22
1137 19
1138 20
1139 20
1140 20
1141 18
1142 21
1143 19
1144 22
1145 20
1146 19
1147 19
1148 20
1149 20
1150 20
1151 21
1152 24
1153 19
1154 21
1155 19
1156 17
1157 20
1158 18
1159 21
1160 18
1161 20
1162 18
1163 21
1164 19
1165 20
1166 19
1167 19
1168 18
1169 20
1170 19
1171 20
1172 19
1173 20
1174 19
1175 21
1176 20
1177 20
1178 19
1179 21
1180 19
1181 21
1182 20
1183 19
1184 24
1185 20
1186 20
1187 21
1188 20
1189 20
1190 19
1191 18
1192 20
1193 18
1194 20
1195 19
1196 21
1197 18
1198 21
1199 19
1200 20
1201 20
1202 21
1203 19
1204 19
1205 19
1206 20
1207 19
1208 22
1209 20
1210 20
1211 20
1212 21
1213 20
1214 21
1215 19
1216 20
1217 20
1218 21
1219 20
1220 21
1221 20
1222 20
1223 21
1224 20
1225 20
1226 18
1227 19
1228 18
1229 20
1230 19
1231 21
1232 22
1233 20
1234 19
1235 21
1236 19
1237 22
1238 20
1239 22
1240 22
1241 21
1242 19
1243 20
1244 20
1245 20
1246 20
1247 21
1248 24
1249 20
1250 20
1251 21
1252 19
1253 22
1254 20
1255 21
1256 22
1257 21
1258 20
1259 21
1260 21
1261 18
1262 21
1263 19
1264 20
1265 19
1266 20
1267 19
1268 20
1269 20
1270 21
1271 19
1272 22
1273 20
1274 21
1275 20
1276 21
1277 21
1278 22
1279 19
1280 24
1281 20
1282 20
1283 21
1284 21
1285 20
1286 21
1287 21
1288 22
1289 22
1290 21
1291 20
1292 21
1293 20
1294 22
1295 21
1296 18
1297 22
1298 19
1299 21
1300 19
1301 22
1302 19
1303 21
1304 20
1305 20
1306 20
1307 21
1308 19
1309 21
1310 20
1311 22
1312 20
1313 22
1314 20
1315 21
1316 21
1317 22
1318 20
1319 22
1320 20
1321 20
1322 21
1323 21
1324 21
1325 22
1326 21
1327 21
1328 22
1329 22
1330 20
1331 21
1332 21
1333 19
1334 21
1335 19
1336 22
1337 20
1338 22
1339 19
1340 21
1341 20
1342 22
1343 21
1344 20
1345 20
1346 21
1347 20
1348 21
1349 20
1350 21
1351 21
1352 22
1353 21
1354 22
1355 21
1356 22
1357 20
1358 22
1359 21
1360 22
1361 21
1362 21
1363 21
1364 21
1365 22
1366 22
1367 21
1368 22
1369 20
1370 19
1371 21
1372 19
1373 22
1374 20
1375 21
1376 24
1377 22
1378 20
1379 23
1380 20
1381 23
1382 21
1383 22
1384 22
1385 21
1386 20
1387 21
1388 21
1389 22
1390 21
1391 22
1392 22
1393 22
1394 21
1395 23
1396 20
1397 23
1398 21
1399 23
1400 24
1401 22
1402 21
1403 21
1404 21
1405 22
1406 22
1407 19
1408 24
1409 20
1410 21
1411 20
1412 21
1413 20
1414 22
1415 21
1416 24
1417 20
1418 22
1419 21
1420 22
1421 21
1422 23
1423 21
1424 24
1425 20
1426 21
1427 21
1428 22
1429 22
1430 22
1431 21
1432 22
1433 22
1434 22
1435 23
1436 22
1437 21
1438 23
1439 21
1440 24
1441 22
1442 24
1443 23
1444 19
1445 22
1446 20
1447 22
1448 20
1449 22
1450 20
1451 21
1452 21
1453 22
1454 21
1455 22
1456 20
1457 24
1458 21
1459 23
1460 21
1461 22
1462 21
1463 23
1464 22
1465 23
1466 21
1467 21
1468 21
1469 22
1470 22
1471 23
1472 24
1473 22
1474 22
1475 23
1476 23
1477 22
1478 21
1479 23
1480 22
1481 23
1482 22
1483 20
1484 23
1485 20
1486 23
1487 21
1488 22
1489 20
1490 22
1491 21
1492 21
1493 22
1494 22
1495 21
1496 24
1497 21
1498 22
1499 21
1500 23
1501 22
1502 24
1503 22
1504 28
1505 22
1506 23
1507 21
1508 23
1509 22
1510 22
1511 22
1512 22
1513 22
1514 23
1515 23
1516 22
1517 22
1518 23
1519 21
1520 24
1521 22
1522 20
1523 24
1524 20
1525 22
1526 21
1527 23
1528 24
1529 24
1530 21
1531 24
1532 21
1533 22
1534 22
1535 22
1536 32
1537 22
1538 21
1539 23
1540 22
1541 24
1542 22
1543 23
1544 24
1545 24
1546 22
1547 24
1548 21
1549 24
1550 22
1551 23
1552 22
1553 22
1554 22
1555 23
1556 23
1557 23
1558 23
1559 25
1560 24
1561 20
1562 22
1563 21
1564 22
1565 21
1566 23
1567 21
1568 24
1569 22
1570 23
1571 21
1572 23
1573 22
1574 24
1575 22
1576 24
1577 23
1578 22
1579 21
1580 23
1581 22
1582 23
1583 23
1584 26
1585 22
1586 24
1587 23
1588 23
1589 24
1590 24
1591 22
1592 26
1593 22
1594 24
1595 23
1596 22
1597 23
1598 23
1599 23
1600 20
1601 24
1602 21
1603 23
1604 21
1605 22
1606 21
1607 23
1608 22
1609 23
1610 22
1611 25
1612 21
1613 24
1614 22
1615 23
1616 22
1617 24
1618 22
1619 24
1620 23
1621 22
1622 22
1623 23
1624 22
1625 24
1626 23
1627 23
1628 25
1629 24
1630 23
1631 25
1632 24
1633 24
1634 22
1635 24
1636 23
1637 24
1638 23
1639 25
1640 24
1641 21
1642 23
1643 21
1644 23
1645 22
1646 24
1647 21
1648 22
1649 22
1650 23
1651 23
1652 24
1653 22
1654 23
1655 22
1656 24
1657 22
1658 25
1659 23
1660 25
1661 23
1662 24
1663 23
1664 24
1665 22
1666 23
1667 23
1668 23
1669 23
1670 24
1671 23
1672 24
1673 24
1674 24
1675 23
1676 25
1677 22
1678 25
1679 23
1680 26
1681 24
1682 21
1683 23
1684 21
1685 24
1686 22
1687 23
1688 24
1689 24
1690 22
1691 24
1692 22
1693 23
1694 23
1695 23
1696 24
1697 24
1698 22
1699 25
1700 23
1701 24
1702 23
1703 25
1704 26
1705 25
1706 23
1707 25
1708 22
1709 24
1710 23
1711 23
1712 26
1713 24
1714 23
1715 24
1716 24
1717 24
1718 24
1719 25
1720 26
1721 24
1722 23
1723 21
1724 23
1725 22
1726 24
1727 22
1728 24
1729 22
1730 24
1731 23
1732 24
1733 22
1734 24
1735 23
1736 24
1737 23
1738 23
1739 24
1740 24
1741 22
1742 24
1743 23
1744 24
1745 24
1746 25
1747 23
1748 24
1749 24
1750 25
1751 25
1752 26
1753 23
1754 26
1755 23
1756 23
1757 24
1758 24
1759 25
1760 28
1761 24
1762 24
1763 25
1764 21
1765 24
1766 22
1767 23
1768 22
1769 24
1770 22
1771 24
1772 23
1773 26
1774 23
1775 25
1776 22
1777 24
1778 23
1779 25
1780 23
1781 24
1782 23
1783 23
1784 24
1785 24
1786 23
1787 25
1788 23
1789 24
1790 24
1791 25
1792 24
1793 25
1794 24
1795 25
1796 25
1797 25
1798 23
1799 25
1800 24
1801 26
1802 24
1803 24
1804 25
1805 24
1806 25
1807 22
1808 24
1809 22
1810 25
1811 23
1812 23
1813 22
1814 24
1815 23
1816 26
1817 24
1818 24
1819 23
1820 25
1821 23
1822 26
1823 23
1824 28
1825 24
1826 25
1827 24
1828 24
1829 24
1830 24
1831 23
1832 24
1833 24
1834 25
1835 24
1836 25
1837 24
1838 25
1839 25
1840 26
1841 24
1842 25
1843 23
1844 26
1845 24
1846 25
1847 26
1848 26
1849 24
1850 22
1851 25
1852 22
1853 26
1854 23
1855 25
1856 28
1857 25
1858 23
1859 24
1860 23
1861 24
1862 24
1863 25
1864 26
1865 26
1866 23
1867 25
1868 24
1869 26
1870 24
1871 26
1872 24
1873 26
1874 24
1875 25
1876 23
1877 24
1878 24
1879 25
1880 26
1881 25
1882 24
1883 27
1884 25
1885 26
1886 25
1887 25
1888 28
1889 26
1890 24
1891 25
1892 24
1893 22
1894 25
1895 23
1896 26
1897 23
1898 25
1899 23
1900 25
1901 24
1902 26
1903 23
1904 28
1905 24
1906 24
1907 24
1908 25
1909 25
1910 25
1911 23
1912 28
1913 24
1914 26
1915 25
1916 25
1917 24
1918 26
1919 25
1920 32
1921 25
1922 27
1923 24
1924 24
1925 24
1926 25
1927 25
1928 26
1929 26
1930 25
1931 25
1932 26
1933 26
1934 27
1935 25
1936 22
1937 24
1938 23
1939 25
1940 23
1941 25
1942 23
1943 27
1944 24
1945 26
1946 24
1947 25
1948 23
1949 26
1950 24
1951 26
1952 24
1953 24
1954 24
1955 25
1956 25
1957 26
1958 24
1959 25
1960 24
1961 26
1962 25
1963 27
1964 26
1965 26
1966 25
1967 26
1968 26
1969 26
1970 24
1971 27
1972 25
1973 25
1974 25
1975 25
1976 26
1977 26
1978 26
1979 27
1980 25
1981 23
1982 26
1983 23
1984 24
1985 24
1986 25
1987 23
1988 27
1989 24
1990 25
1991 25
1992 26
1993 24
1994 27
1995 24
1996 25
1997 24
1998 26
1999 25
2000 26
2001 25
2002 25
2003 25
2004 25
2005 24
2006 26
2007 25
2008 26
2009 25
2010 26
2011 25
2012 27
2013 26
2014 27
2015 25
2016 28
2017 24
2018 26
2019 25
2020 27
2021 26
2022 25
2023 25
2024 26
2025 26
2026 23
2027 27
2028 23
2029 26
2030 24
2031 26
2032 26
2033 25
2034 24
2035 25
2036 24
2037 26
2038 25
2039 27
2040 28
2041 26
2042 24
2043 27
2044 25
2045 27
2046 25
2047 26
2048 32
2049 26
2050 25
2051 25
2052 24
2053 26
2054 25
2055 26
2056 28
2057 28
2058 25
2059 27
2060 26
2061 26
2062 26
2063 27
2064 26
2065 28
2066 25
2067 28
2068 25
2069 28
2070 26
2071 23
2072 26
2073 24
2074 26
2075 24
2076 26
2077 24
2078 27
2079 25
2080 28
2081 24
2082 25
2083 25
2084 26
2085 25
2086 26
2087 26
2088 28
2089 24
2090 27
2091 25
2092 26
2093 26
2094 27
2095 25
2096 30
2097 26
2098 26
2099 27
2100 25
2101 25
2102 26
2103 25
2104 30
2105 26
2106 26
2107 27
2108 27
2109 26
2110 28
2111 27
2112 28
2113 26
2114 27
2115 25
2116 23
2117 26
2118 24
2119 26
2120 24
2121 26
2122 24
2123 27
2124 25
2125 26
2126 25
2127 27
2128 24
2129 27
2130 25
2131 25
2132 25
2133 26
2134 25
2135 27
2136 26
2137 26
2138 25
2139 27
2140 25
2141 28
2142 26
2143 27
2144 28
2145 27
2146 26
2147 27
2148 27
2149 26
2150 25
2151 26
2152 26
2153 26
2154 26
2155 27
2156 27
2157 28
2158 27
2159 27
2160 26
2161 28
2162 27
2163 24
2164 25
2165 24
2166 26
2167 25
2168 28
2169 24
2170 26
2171 25
2172 26
2173 26
2174 27
2175 25
2176 32
2177 25
2178 27
2179 25
2180 27
2181 26
2182 26
2183 26
2184 26
2185 26
2186 27
2187 25
2188 27
2189 26
2190 27
2191 26
2192 28
2193 26
2194 28
2195 27
2196 27
2197 26
2198 27
2199 25
2200 28
2201 26
2202 26
2203 27
2204 27
2205 26
2206 27
2207 27
2208 28
2209 28
2210 24
2211 28
2212 24
2213 27
2214 25
2215 26
2216 28
2217 26
2218 25
2219 27
2220 25
2221 28
2222 26
2223 27
2224 26
2225 27
2226 25
2227 27
2228 26
2229 28
2230 26
2231 27
2232 28
2233 26
2234 26
2235 27
2236 25
2237 27
2238 26
2239 29
2240 32
2241 28
2242 26
2243 27
2244 27
2245 28
2246 27
2247 29
2248 28
2249 29
2250 26
2251 27
2252 26
2253 26
2254 27
2255 27
2256 30
2257 24
2258 27
2259 25
2260 27
2261 25
2262 28
2263 25
2264 30
2265 26
2266 26
2267 25
2268 27
2269 26
2270 27
2271 26
2272 32
2273 27
2274 28
2275 25
2276 27
2277 26
2278 27
2279 27
2280 28
2281 26
2282 28
2283 27
2284 26
2285 28
2286 27
2287 26
2288 28
2289 26
2290 27
2291 27
2292 28
2293 28
2294 29
2295 27
2296 30
2297 28
2298 28
2299 27
2300 29
2301 26
2302 29
2303 27
2304 24
2305 27
2306 25
2307 28
2308 25
2309 28
2310 25
2311 27
2312 26
2313 28
2314 26
2315 28
2316 25
2317 26
2318 26
2319 27
2320 26
2321 28
2322 26
2323 27
2324 27
2325 28
2326 26
2327 29
2328 26
2329 28
2330 27
2331 27
2332 28
2333 28
2334 27
2335 29
2336 28
2337 27
2338 26
2339 27
2340 27
2341 28
2342 27
2343 29
2344 28
2345 28
2346 28
2347 29
2348 27
2349 29
2350 28
2351 30
2352 26
2353 25
2354 27
2355 25
2356 27
2357 26
2358 27
2359 25
2360 28
2361 26
2362 28
2363 27
2364 29
2365 26
2366 28
2367 26
2368 28
2369 26
2370 27
2371 27
2372 27
2373 27
2374 28
2375 27
2376 28
2377 26
2378 28
2379 27
2380 29
2381 27
2382 29
2383 27
2384 30
2385 28
2386 28
2387 27
2388 28
2389 26
2390 27
2391 27
2392 28
2393 29
2394 28
2395 27
2396 30
2397 28
2398 29
2399 29
2400 28
2401 28
2402 25
2403 28
2404 25
2405 27
2406 26
2407 27
2408 30
2409 28
2410 26
2411 28
2412 26
2413 28
2414 27
2415 29
2416 28
2417 29
2418 26
2419 29
2420 27
2421 28
2422 27
2423 27
2424 30
2425 28
2426 27
2427 28
2428 26
2429 30
2430 27
2431 29
2432 32
2433 28
2434 27
2435 29
2436 28
2437 30
2438 28
2439 29
2440 28
2441 28
2442 27
2443 27
2444 27
2445 28
2446 28
2447 29
2448 30
2449 28
2450 28
2451 25
2452 28
2453 26
2454 29
2455 26
2456 30
2457 26
2458 27
2459 27
2460 28
2461 26
2462 28
2463 27
2464 32
2465 27
2466 28
2467 28
2468 28
2469 26
2470 29
2471 27
2472 30
2473 28
2474 30
2475 27
2476 27
2477 28
2478 28
2479 29
2480 30
2481 27
2482 28
2483 27
2484 29
2485 28
2486 30
2487 29
2488 32
2489 28
2490 29
2491 29
2492 29
2493 28
2494 30
2495 27
2496 28
2497 28
2498 28
2499 28
2500 25
2501 30
2502 26
2503 29
2504 26
2505 28
2506 26
2507 29
2508 27
2509 29
2510 27
2511 27
2512 26
2513 28
2514 27
2515 29
2516 27
2517 28
2518 27
2519 29
2520 28
2521 28
2522 27
2523 29
2524 27
2525 29
2526 28
2527 29
2528 32
2529 30
2530 28
2531 28
2532 29
2533 28
2534 27
2535 29
2536 28
2537 30
2538 28
2539 29
2540 29
2541 30
2542 29
2543 30
2544 28
2545 30
2546 29
2547 29
2548 27
2549 30
2550 28
2551 26
2552 30
2553 26
2554 28
2555 27
2556 29
2557 26
2558 30
2559 27
2560 32
2561 28
2562 29
2563 27
2564 29
2565 27
2566 28
2567 27
2568 28
2569 28
2570 29
2571 28
2572 29
2573 28
2574 29
2575 27
2576 30
2577 28
2578 29
2579 28
2580 29
2581 28
2582 29
2583 29
2584 30
2585 28
2586 28
2587 27
2588 29
2589 28
2590 29
2591 30
2592 32
2593 28
2594 30
2595 29
2596 29
2597 30
2598 30
2599 30
2600 30
2601 29
2602 26
2603 28
2604 26
2605 28
2606 27
2607 29
2608 28
2609 30
2610 27
2611 29
2612 27
2613 30
2614 28
2615 30
2616 30
2617 31
2618 27
2619 29
2620 28
2621 28
2622 28
2623 29
2624 32
2625 29
2626 28
2627 31
2628 27
2629 30
2630 28
2631 29
2632 30
2633 30
2634 28
2635 29
2636 29
2637 30
2638 29
2639 30
2640 32
2641 28
2642 28
2643 29
2644 28
2645 30
2646 29
2647 29
2648 30
2649 30
2650 29
2651 31
2652 29
2653 26
2654 30
2655 27
2656 32
2657 27
2658 28
2659 27
2660 29
2661 28
2662 29
2663 27
2664 30
2665 28
2666 30
2667 28
2668 29
2669 29
2670 30
2671 27
2672 30
2673 28
2674 31
2675 29
2676 28
2677 28
2678 29
2679 29
2680 32
2681 30
2682 29
2683 28
2684 30
2685 28
2686 31
2687 29
2688 32
2689 30
2690 30
2691 29
2692 29
2693 30
2694 30
2695 29
2696 32
2697 28
2698 29
2699 29
2700 29
2701 29
2702 30
2703 30
2704 26
2705 30
2706 27
2707 29
2708 27
2709 30
2710 27
2711 30
2712 28
2713 28
2714 28
2715 29
2716 27
2717 30
2718 28
2719 29
2720 28
2721 30
2722 28
2723 31
2724 29
2725 30
2726 28
2727 30
2728 28
2729 30
2730 29
2731 31
2732 30
2733 29
2734 29
2735 29
2736 30
2737 30
2738 28
2739 31
2740 29
2741 30
2742 29
2743 31
2744 30
2745 31
2746 30
2747 32
2748 29
2749 30
2750 30
2751 30
2752 28
2753 30
2754 29
2755 29
2756 31
2757 27
2758 29
2759 27
2760 30
2761 28
2762 30
2763 27
2764 30
2765 28
2766 30
2767 29
2768 30
2769 28
2770 29
2771 28
2772 29
2773 28
2774 30
2775 29
2776 30
2777 29
2778 30
2779 29
2780 30
2781 28
2782 31
2783 29
2784 32
2785 29
2786 30
2787 29
2788 31
2789 30
2790 29
2791 29
2792 30
2793 28
2794 30
2795 29
2796 32
2797 31
2798 31
2799 29
2800 30
2801 30
2802 31
2803 31
2804 31
2805 31
2806 31
2807 30
2808 32
2809 29
2810 27
2811 29
2812 27
2813 30
2814 28
2815 31
2816 40
2817 30
2818 28
2819 31
2820 28
2821 30
2822 29
2823 31
2824 32
2825 30
2826 28
2827 29
2828 29
2829 30
2830 29
2831 30
2832 32
2833 32
2834 29
2835 31
2836 28
2837 30
2838 29
2839 31
2840 30
2841 31
2842 29
2843 32
2844 30
2845 32
2846 30
2847 29
2848 32
2849 30
2850 29
2851 31
2852 29
2853 30
2854 30
2855 31
2856 32
2857 32
2858 30
2859 31
2860 30
2861 31
2862 31
2863 27
2864 34
2865 28
2866 29
2867 28
2868 30
2869 28
2870 30
2871 29
2872 34
2873 28
2874 31
2875 29
2876 30
2877 29
2878 31
2879 30
2880 32
2881 28
2882 31
2883 29
2884 29
2885 30
2886 30
2887 29
2888 32
2889 30
2890 30
2891 31
2892 31
2893 29
2894 32
2895 29
2896 30
2897 30
2898 31
2899 31
2900 32
2901 30
2902 31
2903 31
2904 32
2905 30
2906 30
2907 29
2908 30
2909 30
2910 31
2911 30
2912 36
2913 32
2914 31
2915 31
2916 27
2917 30
2918 28
2919 31
2920 28
2921 31
2922 28
2923 29
2924 29
2925 30
2926 29
2927 31
2928 28
2929 30
2930 29
2931 31
2932 29
2933 32
2934 29
2935 31
2936 30
2937 31
2938 29
2939 31
2940 29
2941 32
2942 30
2943 30
2944 40
2945 30
2946 30
2947 31
2948 31
2949 32
2950 29
2951 31
2952 30
2953 32
2954 30
2955 32
2956 30
2957 31
2958 31
2959 31
2960 30
2961 32
2962 31
2963 33
2964 29
2965 30
2966 30
2967 31
2968 32
2969 31
2970 30
2971 28
2972 31
2973 28
2974 32
2975 29
2976 32
2977 28
2978 31
2979 29
2980 31
2981 30
2982 30
2983 29
2984 30
2985 29
2986 31
2987 29
2988 31
2989 30
2990 31
2991 30
2992 32
2993 30
2994 32
2995 29
2996 33
2997 30
2998 31
2999 30
3000 32
3001 30
3002 30
3003 31
3004 31
3005 30
3006 31
3007 29
3008 36
3009 30
3010 32
3011 32
3012 31
3013 30
3014 32
3015 31
3016 32
3017 31
3018 31
3019 31
3020 32
3021 31
3022 32
3023 30
3024 30
3025 30
3026 28
3027 31
3028 28
3029 32
3030 29
3031 31
3032 32
3033 32
3034 29
3035 32
3036 29
3037 34
3038 30
3039 31
3040 36
3041 30
3042 29
3043 31
3044 30
3045 31
3046 30
3047 31
3048 32
3049 32
3050 30
3051 31
3052 29
3053 32
3054 30
3055 33
3056 34
3057 32
3058 30
3059 33
3060 31
3061 30
3062 31
3063 31
3064 34
3065 32
3066 30
3067 31
3068 30
3069 32
3070 31
3071 33
3072 32
3073 32
3074 31
3075 32
3076 31
3077 33
3078 31
3079 31
3080 32
3081 28
3082 30
3083 29
3084 31
3085 29
3086 31
3087 29
3088 32
3089 30
3090 32
3091 29
3092 31
3093 30
3094 32
3095 30
3096 34
3097 31
3098 33
3099 29
3100 30
3101 30
3102 31
3103 31
3104 36
3105 30
3106 31
3107 31
3108 31
3109 32
3110 32
3111 30
3112 34
3113 30
3114 32
3115 31
3116 33
3117 32
3118 33
3119 31
3120 34
3121 32
3122 31
3123 31
3124 31
3125 30
3126 32
3127 31
3128 36
3129 31
3130 32
3131 33
3132 33
3133 32
3134 33
3135 31
3136 28
3137 32
3138 29
3139 31
3140 29
3141 30
3142 29
3143 31
3144 30
3145 32
3146 30
3147 31
3148 29
3149 32
3150 30
3151 34
3152 30
3153 32
3154 30
3155 32
3156 31
3157 32
3158 30
3159 33
3160 30
3161 31
3162 31
3163 31
3164 33
3165 32
3166 31
3167 33
3168 32
3169 32
3170 30
3171 32
3172 31
3173 32
3174 31
3175 33
3176 32
3177 32
3178 32
3179 33
3180 31
3181 34
3182 32
3183 31
3184 30
3185 32
3186 31
3187 32
3188 33
3189 33
3190 31
3191 33
3192 32
3193 29
3194 33
3195 29
3196 33
3197 30
3198 32
3199 29
3200 32
3201 30
3202 31
3203 31
3204 31
3205 30
3206 32
3207 30
3208 32
3209 30
3210 32
3211 31
3212 33
3213 31
3214 33
3215 31
3216 32
3217 30
3218 32
3219 31
3220 33
3221 31
3222 31
3223 31
3224 32
3225 32
3226 32
3227 31
3228 34
3229 30
3230 33
3231 31
3232 32
3233 33
3234 32
3235 31
3236 33
3237 32
3238 33
3239 33
3240 34
3241 32
3242 33
3243 32
3244 31
3245 31
3246 32
3247 31
3248 34
3249 32
3250 29
3251 33
3252 29
3253 32
3254 30
3255 33
3256 34
3257 33
3258 30
3259 35
3260 30
3261 32
3262 31
3263 31
3264 36
3265 32
3266 30
3267 32
3268 31
3269 33
3270 31
3271 33
3272 32
3273 32
3274 31
3275 33
3276 30
3277 34
3278 31
3279 34
3280 34
3281 33
3282 31
3283 31
3284 32
3285 32
3286 32
3287 33
3288 34
3289 32
3290 31
3291 33
3292 31
3293 34
3294 32
3295 33
3296 36
3297 32
3298 32
3299 33
3300 32
3301 34
3302 33
3303 33
3304 34
3305 34
3306 31
3307 29
3308 32
3309 30
3310 32
3311 30
3312 34
3313 30
3314 33
3315 31
3316 32
3317 30
3318 33
3319 31
3320 36
3321 31
3322 34
3323 32
3324 31
3325 30
3326 32
3327 31
3328 32
3329 32
3330 32
3331 31
3332 33
3333 32
3334 33
3335 33
3336 34
3337 31
3338 33
3339 31
3340 34
3341 32
3342 34
3343 33
3344 36
3345 32
3346 32
3347 33
3348 32
3349 32
3350 33
3351 31
3352 34
3353 32
3354 33
3355 32
3356 34
3357 34
3358 34
3359 33
3360 36
3361 32
3362 33
3363 33
3364 29
3365 33
3366 30
3367 31
3368 30
3369 32
3370 30
3371 33
3372 31
3373 32
3374 31
3375 33
3376 30
3377 35
3378 31
3379 33
3380 31
3381 33
3382 31
3383 33
3384 32
3385 34
3386 31
3387 32
3388 31
3389 32
3390 32
3391 33
3392 36
3393 33
3394 32
3395 33
3396 32
3397 34
3398 31
3399 34
3400 32
3401 34
3402 32
3403 33
3404 33
3405 34
3406 33
3407 35
3408 32
3409 32
3410 33
3411 33
3412 31
3413 33
3414 32
3415 34
3416 34
3417 34
3418 32
3419 33
3420 33
3421 34
3422 34
3423 30
3424 36
3425 30
3426 33
3427 31
3428 33
3429 30
3430 32
3431 31
3432 32
3433 32
3434 33
3435 31
3436 33
3437 31
3438 33
3439 31
3440 34
3441 32
3442 34
3443 32
3444 35
3445 32
3446 33
3447 31
3448 34
3449 32
3450 32
3451 32
3452 33
3453 32
3454 33
3455 33
3456 40
3457 32
3458 33
3459 31
3460 33
3461 32
3462 34
3463 33
3464 34
3465 32
3466 34
3467 33
3468 34
3469 34
3470 34
3471 34
3472 32
3473 33
3474 33
3475 32
3476 36
3477 32
3478 33
3479 33
3480 34
3481 34
3482 30
3483 33
3484 30
3485 34
3486 31
3487 34
3488 36
3489 35
3490 31
3491 33
3492 31
3493 32
3494 32
3495 33
3496 34
3497 33
3498 31
3499 35
3500 32
3501 34
3502 32
3503 33
3504 34
3505 34
3506 32
3507 35
3508 31
3509 35
3510 32
3511 35
3512 36
3513 32
3514 32
3515 33
3516 33
3517 34
3518 33
3519 33
3520 36
3521 34
3522 32
3523 33
3524 32
3525 34
3526 33
3527 34
3528 34
3529 34
3530 33
3531 35
3532 33
3533 35
3534 34
3535 35
3536 34
3537 33
3538 32
3539 33
3540 33
3541 30
3542 33
3543 31
3544 36
3545 31
3546 34
3547 31
3548 33
3549 32
3550 34
3551 31
3552 40
3553 32
3554 35
3555 32
3556 32
3557 33
3558 33
3559 31
3560 36
3561 32
3562 33
3563 33
3564 34
3565 32
3566 35
3567 33
3568 34
3569 34
3570 34
3571 32
3572 35
3573 32
3574 35
3575 33
3576 36
3577 34
3578 33
3579 33
3580 33
3581 34
3582 34
3583 33
3584 48
3585 32
3586 34
3587 33
3588 35
3589 33
3590 34
3591 33
3592 34
3593 34
3594 34
3595 33
3596 35
3597 34
3598 35
3599 34
3600 30
3601 32
3602 31
3603 33
3604 31
3605 34
3606 31
3607 33
3608 32
3609 34
3610 32
3611 36
3612 31
3613 34
3614 32
3615 34
3616 32
3617 34
3618 32
3619 35
3620 33
3621 33
3622 32
3623 33
3624 32
3625 34
3626 33
3627 35
3628 33
3629 34
3630 33
3631 35
3632 34
3633 35
3634 32
3635 36
3636 33
3637 34
3638 33
3639 35
3640 34
3641 36
3642 34
3643 33
3644 33
3645 34
3646 34
3647 34
3648 32
3649 35
3650 33
3651 35
3652 35
3653 34
3654 33
3655 35
3656 34
3657 34
3658 34
3659 35
3660 34
3661 31
3662 34
3663 31
3664 34
3665 32
3666 33
3667 31
3668 33
3669 32
3670 34
3671 33
3672 34
3673 32
3674 34
3675 32
3676 35
3677 32
3678 35
3679 33
3680 36
3681 33
3682 34
3683 33
3684 35
3685 32
3686 33
3687 33
3688 34
3689 33
3690 34
3691 33
3692 35
3693 34
3694 35
3695 33
3696 34
3697 32
3698 35
3699 33
3700 35
3701 35
3702 35
3703 33
3704 36
3705 34
3706 35
3707 35
3708 33
3709 35
3710 34
3711 34
3712 40
3713 33
3714 34
3715 33
3716 35
3717 34
3718 35
3719 35
3720 36
3721 34
3722 31
3723 35
3724 31
3725 34
3726 32
3727 35
3728 38
3729 34
3730 32
3731 33
3732 32
3733 34
3734 33
3735 34
3736 34
3737 36
3738 32
3739 35
3740 33
3741 34
3742 33
3743 35
3744 36
3745 36
3746 33
3747 36
3748 32
3749 36
3750 33
3751 33
3752 36
3753 34
3754 33
3755 35
3756 34
3757 34
3758 34
3759 35
3760 36
3761 37
3762 33
3763 35
3764 33
3765 35
3766 34
3767 38
3768 38
3769 36
3770 34
3771 36
3772 34
3773 36
3774 35
3775 34
3776 36
3777 34
3778 33
3779 35
3780 34
3781 36
3782 34
3783 31
3784 36
3785 32
3786 35
3787 32
3788 34
3789 32
3790 35
3791 33
3792 34
3793 32
3794 35
3795 33
3796 33
3797 33
3798 34
3799 34
3800 36
3801 32
3802 34
3803 33
3804 35
3805 34
3806 36
3807 33
3808 40
3809 34
3810 35
3811 35
3812 36
3813 33
3814 36
3815 33
3816 36
3817 34
3818 34
3819 35
3820 34
3821 34
3822 35
3823 35
3824 38
3825 34
3826 35
3827 33
3828 35
3829 34
3830 36
3831 34
3832 40
3833 36
3834 35
3835 35
3836 36
3837 34
3838 37
3839 35
3840 40
3841 35
3842 34
3843 33
3844 31
3845 34
3846 32
3847 35
3848 32
3849 34
3850 32
3851 35
3852 33
3853 36
3854 33
3855 35
3856 32
3857 35
3858 33
3859 35
3860 33
3861 35
3862 33
3863 34
3864 34
3865 34
3866 33
3867 35
3868 33
3869 36
3870 34
3871 35
3872 36
3873 36
3874 34
3875 36
3876 35
3877 36
3878 33
3879 35
3880 34
3881 36
3882 34
3883 37
3884 35
3885 34
3886 35
3887 35
3888 34
3889 35
3890 35
3891 36
3892 33
3893 36
3894 34
3895 35
3896 36
3897 36
3898 34
3899 36
3900 35
3901 37
3902 36
3903 37
3904 36
3905 36
3906 35
3907 32
3908 35
3909 32
3910 34
3911 33
3912 34
3913 32
3914 35
3915 33
3916 35
3917 34
3918 35
3919 33
3920 36
3921 33
3922 36
3923 33
3924 36
3925 34
3926 35
3927 34
3928 36
3929 34
3930 34
3931 33
3932 35
3933 34
3934 35
3935 34
3936 40
3937 34
3938 36
3939 35
3940 35
3941 34
3942 36
3943 33
3944 36
3945 34
3946 36
3947 36
3948 37
3949 34
3950 36
3951 35
3952 34
3953 36
3954 35
3955 36
3956 39
3957 35
3958 35
3959 34
3960 36
3961 34
3962 36
3963 35
3964 35
3965 36
3966 36
3967 35
3968 48
3969 36
3970 32
3971 36
3972 32
3973 36
3974 33
3975 35
3976 36
3977 34
3978 33
3979 35
3980 33
3981 35
3982 34
3983 37
3984 38
3985 36
3986 33
3987 35
3988 34
3989 36
3990 34
3991 37
3992 38
3993 37
3994 34
3995 37
3996 33
3997 34
3998 34
3999 35
4000 40
4001 36
4002 34
4003 35
4004 35
4005 36
4006 35
4007 37
4008 36
4009 36
4010 34
4011 36
4012 34
4013 36
4014 35
4015 37
4016 36
4017 37
4018 35
4019 37
4020 35
4021 35
4022 36
4023 35
4024 38
4025 36
4026 34
4027 37
4028 35
4029 36
4030 35
4031 37
4032 36
4033 32
4034 36
4035 33
4036 35
4037 33
4038 36
4039 33
4040 38
4041 34
4042 36
4043 33
4044 34
4045 34
4046 35
4047 34
4048 38
4049 35
4050 35
4051 33
4052 36
4053 34
4054 37
4055 35
4056 38
4057 34
4058 36
4059 35
4060 37
4061 36
4062 37
4063 34
4064 40
4065 34
4066 35
4067 35
4068 35
4069 36
4070 36
4071 35
4072 36
4073 36
4074 36
4075 35
4076 37
4077 34
4078 37
4079 35
4080 38
4081 35
4082 36
4083 37
4084 36
4085 36
4086 37
4087 35
4088 38
4089 36
4090 35
4091 36
4092 36
4093 34
4094 36
4095 35
4096 32
4097 36
4098 33
4099 35
4100 33
4101 36
4102 33
4103 38
4104 34
4105 36
4106 34
4107 36
4108 33
4109 36
4110 34
4111 37
4112 34
4113 35
4114 34
4115 35
4116 35
4117 36
4118 34
4119 37
4120 34
4121 36
4122 35
4123 37
4124 37
4125 37
4126 35
4127 38
4128 36
4129 36
4130 34
4131 37
4132 35
4133 38
4134 35
4135 35
4136 36
4137 36
4138 36
4139 36
4140 35
4141 36
4142 36
4143 37
4144 34
4145 36
4146 35
4147 37
4148 36
4149 38
4150 35
4151 37
4152 36
4153 38
4154 37
4155 37
4156 37
4157 37
4158 36
4159 35
4160 36
4161 33
4162 35
4163 33
4164 35
4165 34
4166 36
4167 33
4168 36
4169 34
4170 36
4171 35
4172 37
4173 34
4174 37
4175 34
4176 38
4177 34
4178 36
4179 35
4180 37
4181 35
4182 35
4183 35
4184 36
4185 34
4186 36
4187 35
4188 37
4189 35
4190 37
4191 35
4192 36
4193 36
4194 37
4195 35
4196 37
4197 34
4198 37
4199 35
4200 38
4201 37
4202 37
4203 35
4204 35
4205 36
4206 36
4207 37
4208 40
4209 37
4210 36
4211 36
4212 36
4213 35
4214 37
4215 35
4216 38
4217 36
4218 37
4219 37
4220 38
4221 36
4222 38
4223 37
4224 40
4225 37
4226 33
4227 37
4228 33
4229 36
4230 34
4231 35
4232 36
4233 36
4234 34
4235 36
4236 34
4237 38
4238 35
4239 37
4240 38
4241 36
4242 34
4243 37
4244 35
4245 38
4246 35
4247 38
4248 38
4249 36
4250 35
4251 35
4252 34
4253 36
4254 35
4255 37
4256 40
4257 36
4258 35
4259 37
4260 36
4261 38
4262 36
4263 37
4264 40
4265 37
4266 35
4267 39
4268 35
4269 38
4270 36
4271 38
4272 38
4273 38
4274 36
4275 36
4276 36
4277 36
4278 37
4279 37
4280 40
4281 40
4282 35
4283 37
4284 36
4285 37
4286 36
4287 37
4288 36
4289 38
4290 37
4291 33
4292 36
4293 34
4294 37
4295 34
4296 38
4297 34
4298 38
4299 35
4300 35
4301 34
4302 36
4303 35
4304 42
4305 35
4306 36
4307 36
4308 37
4309 34
4310 38
4311 35
4312 38
4313 36
4314 37
4315 35
4316 38
4317 36
4318 38
4319 37
4320 40
4321 35
4322 36
4323 35
4324 36
4325 36
4326 37
4327 37
4328 38
4329 36
4330 37
4331 37
4332 37
4333 36
4334 38
4335 35
4336 38
4337 36
4338 37
4339 36
4340 38
4341 38
4342 39
4343 37
4344 40
4345 36
4346 36
4347 37
4348 37
4349 37
4350 37
4351 35
4352 40
4353 36
4354 38
4355 37
4356 33
4357 36
4358 34
4359 37
4360 34
4361 37
4362 34
4363 37
4364 35
4365 37
4366 35
4367 37
4368 34
4369 38
4370 35
4371 36
4372 35
4373 36
4374 35
4375 37
4376 36
4377 38
4378 35
4379 37
4380 35
4381 38
4382 36
4383 38
4384 40
4385 39
4386 36
4387 37
4388 37
4389 38
4390 35
4391 39
4392 36
4393 36
4394 36
4395 37
4396 37
4397 37
4398 37
4399 38
4400 36
4401 38
4402 37
4403 37
4404 35
4405 38
4406 36
4407 38
4408 38
4409 38
4410 36
4411 39
4412 37
4413 38
4414 38
4415 39
4416 44
4417 36
4418 37
4419 37
4420 37
4421 40
4422 36
4423 34
4424 36
4425 34
4426 37
4427 35
4428 37
4429 34
4430 37
4431 35
4432 38
4433 36
4434 37
4435 35
4436 38
4437 35
4438 37
4439 35
4440 38
4441 36
4442 36
4443 36
4444 37
4445 36
4446 37
4447 35
4448 40
4449 36
4450 38
4451 36
4452 37
4453 36
4454 38
4455 37
4456 38
4457 36
4458 38
4459 35
4460 39
4461 36
4462 38
4463 38
4464 36
4465 36
4466 37
4467 37
4468 37
4469 38
4470 37
4471 38
4472 38
4473 37
4474 38
4475 36
4476 38
4477 36
4478 38
4479 37
4480 40
4481 38
4482 38
4483 37
4484 39
4485 38
4486 39
4487 38
4488 38
4489 40
4490 34
4491 37
4492 34
4493 36
4494 35
4495 37
4496 40
4497 37
4498 35
4499 39
4500 35
4501 38
4502 36
4503 37
4504 40
4505 38
4506 35
4507 37
4508 36
4509 38
4510 36
4511 39
4512 40
4513 36
4514 36
4515 37
4516 35
4517 38
4518 36
4519 37
4520 38
4521 38
4522 36
4523 39
4524 37
4525 38
4526 37
4527 38
4528 38
4529 41
4530 36
4531 39
4532 36
4533 39
4534 37
4535 39
4536 40
4537 37
4538 37
4539 37
4540 37
4541 38
4542 38
4543 38
4544 44
4545 38
4546 36
4547 39
4548 37
4549 39
4550 37
4551 39
4552 40
4553 38
4554 38
4555 39
4556 37
4557 34
4558 38
4559 35
4560 40
4561 35
4562 39
4563 35
4564 36
4565 36
4566 37
4567 35
4568 42
4569 36
4570 37
4571 36
4572 38
4573 37
4574 39
4575 35
4576 44
4577 36
4578 38
4579 37
4580 39
4581 36
4582 38
4583 37
4584 38
4585 38
4586 37
4587 36
4588 37
4589 36
4590 38
4591 37
4592 40
4593 38
4594 38
4595 37
4596 39
4597 38
4598 39
4599 37
4600 40
4601 36
4602 38
4603 37
4604 39
4605 37
4606 40
4607 39
4608 48
4609 38
4610 37
4611 37
4612 38
4613 38
4614 38
4615 38
4616 42
4617 36
4618 38
4619 37
4620 38
4621 38
4622 39
4623 37
4624 34
4625 38
4626 35
4627 39
4628 35
4629 38
4630 35
4631 38
4632 36
4633 38
4634 36
4635 39
4636 35
4637 37
4638 36
4639 37
4640 36
4641 38
4642 36
4643 39
4644 37
4645 38
4646 36
4647 39
4648 36
4649 39
4650 37
4651 40
4652 41
4653 38
4654 37
4655 39
4656 38
4657 38
4658 36
4659 37
4660 37
4661 38
4662 37
4663 38
4664 38
4665 39
4666 38
4667 39
4668 37
4669 38
4670 38
4671 39
4672 36
4673 40
4674 37
4675 40
4676 39
4677 40
4678 37
4679 39
4680 38
4681 40
4682 39
4683 37
4684 39
4685 38
4686 38
4687 41
4688 38
4689 38
4690 37
4691 39
4692 37
4693 35
4694 38
4695 35
4696 38
4697 36
4698 38
4699 35
4700 39
4701 36
4702 39
4703 37
4704 40
4705 36
4706 38
4707 36
4708 39
4709 36
4710 37
4711 37
4712 38
4713 37
4714 38
4715 37
4716 41
4717 36
4718 39
4719 37
4720 38
4721 37
4722 39
4723 37
4724 39
4725 38
4726 39
4727 37
4728 40
4729 36
4730 39
4731 37
4732 37
4733 39
4734 38
4735 37
4736 48
4737 38
4738 38
4739 39
4740 39
4741 38
4742 39
4743 38
4744 40
4745 37
4746 39
4747 37
4748 41
4749 38
4750 40
4751 39
4752 40
4753 38
4754 41
4755 39
4756 39
4757 39
4758 38
4759 39
4760 38
4761 38
4762 35
4763 37
4764 35
4765 38
4766 36
4767 38
4768 40
4769 40
4770 36
4771 39
4772 36
4773 38
4774 37
4775 39
4776 40
4777 40
4778 36
4779 39
4780 37
4781 40
4782 37
4783 37
4784 42
4785 38
4786 37
4787 39
4788 36
4789 38
4790 37
4791 39
4792 42
4793 42
4794 37
4795 39
4796 38
4797 39
4798 38
4799 41
4800 40
4801 40
4802 37
4803 40
4804 37
4805 40
4806 38
4807 38
4808 42
4809 38
4810 38
4811 39
4812 38
4813 40
4814 39
4815 39
4816 38
4817 40
4818 37
4819 39
4820 38
4821 40
4822 38
4823 39
4824 40
4825 40
4826 39
4827 41
4828 38
4829 40
4830 39
4831 35
4832 44
4833 36
4834 40
4835 36
4836 37
4837 36
4838 38
4839 37
4840 40
4841 36
4842 38
4843 37
4844 39
4845 37
4846 40
4847 38
4848 42
4849 36
4850 39
4851 37
4852 39
4853 38
4854 40
4855 37
4856 42
4857 38
4858 38
4859 39
4860 38
4861 37
4862 39
4863 37
4864 40
4865 38
4866 39
4867 39
4868 40
4869 38
4870 40
4871 39
4872 42
4873 38
4874 39
4875 37
4876 40
4877 38
4878 41
4879 38
4880 42
4881 40
4882 38
4883 39
4884 39
4885 38
4886 39
4887 39
4888 40
4889 39
4890 40
4891 37
4892 39
4893 38
4894 40
4895 39
4896 40
4897 38
4898 40
4899 39
4900 35
4901 40
4902 36
4903 39
4904 36
4905 39
4906 36
4907 39
4908 37
4909 40
4910 37
4911 38
4912 36
4913 38
4914 37
4915 39
4916 37
4917 40
4918 37
4919 39
4920 38
4921 40
4922 37
4923 40
4924 37
4925 41
4926 38
4927 39
4928 44
4929 40
4930 38
4931 40
4932 39
4933 38
4934 37
4935 39
4936 38
4937 39
4938 38
4939 40
4940 39
4941 40
4942 39
4943 39
4944 38
4945 40
4946 39
4947 41
4948 37
4949 41
4950 38
4951 41
4952 40
4953 40
4954 38
4955 41
4956 39
4957 38
4958 40
4959 39
4960 44
4961 42
4962 39
4963 39
4964 39
4965 40
4966 38
4967 41
4968 38
4969 40
4970 39
4971 36
4972 39
4973 36
4974 39
4975 37
4976 40
4977 36
4978 40
4979 37
4980 40
4981 38
4982 39
4983 37
4984 40
4985 37
4986 38
4987 37
4988 39
4989 38
4990 39
4991 38
4992 48
4993 38
4994 40
4995 37
4996 39
4997 38
4998 40
4999 38
5000 40
5001 38
5002 40
5003 39
5004 39
5005 38
5006 40
5007 37
5008 38
5009 38
5010 39
5011 40
5012 41
5013 38
5014 39
5015 39
5016 40
5017 40
5018 40
5019 40
5020 41
5021 39
5022 40
5023 38
5024 44
5025 38
5026 41
5027 39
5028 41
5029 40
5030 42
5031 39
5032 40
5033 40
5034 39
5035 40
5036 39
5037 42
5038 40
5039 39
5040 42
5041 38
5042 36
5043 39
5044 36
5045 39
5046 37
5047 39
5048 42
5049 40
5050 37
5051 39
5052 37
5053 40
5054 38
5055 41
5056 40
5057 41
5058 37
5059 41
5060 38
5061 38
5062 38
5063 39
5064 40
5065 40
5066 38
5067 39
5068 37
5069 40
5070 38
5071 41
5072 40
5073 40
5074 38
5075 40
5076 39
5077 41
5078 39
5079 41
5080 42
5081 41
5082 38
5083 40
5084 38
5085 39
5086 39
5087 39
5088 44
5089 40
5090 39
5091 41
5092 39
5093 40
5094 40
5095 41
5096 42
5097 41
5098 38
5099 41
5100 39
5101 40
5102 39
5103 41
5104 42
5105 42
5106 40
5107 41
5108 39
5109 42
5110 40
5111 39
5112 44
5113 36
5114 41
5115 37
5116 38
5117 37
5118 39
5119 37
5120 48
5121 38
5122 39
5123 37
5124 40
5125 38
5126 40
5127 38
5128 40
5129 39
5130 40
5131 37
5132 41
5133 38
5134 41
5135 39
5136 42
5137 38
5138 39
5139 39
5140 39
5141 40
5142 40
5143 38
5144 42
5145 38
5146 40
5147 39
5148 41
5149 40
5150 41
5151 39
5152 44
5153 40
5154 40
5155 39
5156 41
5157 38
5158 41
5159 39
5160 42
5161 39
5162 39
5163 41
5164 40
5165 40
5166 40
5167 39
5168 42
5169 40
5170 41
5171 40
5172 40
5173 38
5174 41
5175 39
5176 44
5177 40
5178 42
5179 39
5180 41
5181 40
5182 41
5183 42
5184 36
5185 40
5186 37
5187 40
5188 37
5189 40
5190 37
5191 41
5192 38
5193 39
5194 38
5195 39
5196 37
5197 40
5198 38
5199 41
5200 38
5201 40
5202 38
5203 41
5204 39
5205 40
5206 38
5207 41
5208 38
5209 40
5210 39
5211 41
5212 41
5213 42
5214 39
5215 39
5216 40
5217 40
5218 38
5219 40
5220 39
5221 41
5222 39
5223 41
5224 40
5225 40
5226 40
5227 41
5228 39
5229 42
5230 40
5231 42
5232 38
5233 42
5234 39
5235 41
5236 41
5237 42
5238 39
5239 39
5240 40
5241 40
5242 41
5243 41
5244 41
5245 40
5246 40
5247 41
5248 40
5249 42
5250 39
5251 41
5252 39
5253 41
5254 40
5255 42
5256 40
5257 37
5258 40
5259 37
5260 41
5261 38
5262 41
5263 37
5264 42
5265 38
5266 40
5267 39
5268 41
5269 38
5270 39
5271 38
5272 40
5273 38
5274 40
5275 39
5276 43
5277 39
5278 41
5279 39
5280 40
5281 38
5282 41
5283 39
5284 40
5285 39
5286 41
5287 39
5288 42
5289 40
5290 41
5291 39
5292 39
5293 38
5294 40
5295 39
5296 42
5297 40
5298 40
5299 39
5300 41
5301 40
5302 41
5303 41
5304 42
5305 41
5306 41
5307 40
5308 42
5309 39
5310 42
5311 39
5312 44
5313 40
5314 43
5315 41
5316 41
5317 40
5318 40
5319 41
5320 40
5321 41
5322 41
5323 41
5324 41
5325 40
5326 41
5327 39
5328 42
5329 40
5330 37
5331 40
5332 37
5333 42
5334 38
5335 41
5336 42
5337 40
5338 38
5339 41
5340 38
5341 42
5342 39
5343 42
5344 44
5345 42
5346 38
5347 39
5348 39
5349 40
5350 39
5351 41
5352 44
5353 40
5354 39
5355 41
5356 38
5357 43
5358 39
5359 41
5360 42
5361 41
5362 39
5363 43
5364 40
5365 41
5366 40
5367 41
5368 44
5369 42
5370 39
5371 40
5372 39
5373 40
5374 40
5375 41
5376 40
5377 43
5378 40
5379 41
5380 40
5381 42
5382 41
5383 42
5384 42
5385 42
5386 39
5387 41
5388 40
5389 42
5390 40
5391 43
5392 42
5393 42
5394 41
5395 43
5396 40
5397 40
5398 41
5399 41
5400 42
5401 41
5402 42
5403 37
5404 39
5405 38
5406 40
5407 38
5408 44
5409 38
5410 40
5411 39
5412 41
5413 38
5414 42
5415 39
5416 44
5417 39
5418 41
5419 40
5420 42
5421 38
5422 42
5423 39
5424 44
5425 40
5426 40
5427 39
5428 40
5429 40
5430 41
5431 41
5432 44
5433 39
5434 41
5435 39
5436 42
5437 40
5438 42
5439 41
5440 44
5441 40
5442 41
5443 41
5444 42
5445 40
5446 41
5447 39
5448 42
5449 40
5450 40
5451 40
5452 41
5453 42
5454 41
5455 41
5456 42
5457 40
5458 42
5459 41
5460 41
5461 41
5462 42
5463 39
5464 44
5465 40
5466 43
5467 41
5468 42
5469 40
5470 42
5471 41
5472 44
5473 42
5474 43
5475 41
5476 37
5477 41
5478 38
5479 41
5480 38
5481 42
5482 38
5483 40
5484 39
5485 40
5486 39
5487 41
5488 38
5489 42
5490 39
5491 41
5492 39
5493 42
5494 39
5495 42
5496 40
5497 43
5498 39
5499 41
5500 39
5501 42
5502 40
5503 43
5504 48
5505 40
5506 40
5507 41
5508 41
5509 41
5510 39
5511 42
5512 40
5513 42
5514 40
5515 41
5516 41
5517 42
5518 41
5519 43
5520 40
5521 43
5522 41
5523 43
5524 39
5525 42
5526 40
5527 41
5528 42
5529 40
5530 40
5531 41
5532 41
5533 42
5534 42
5535 41
5536 44
5537 42
5538 41
5539 43
5540 41
5541 43
5542 40
5543 42
5544 40
5545 44
5546 41
5547 43
5548 41
5549 44
5550 41
5551 38
5552 42
5553 38
5554 42
5555 39
5556 43
5557 38
5558 41
5559 39
5560 42
5561 40
5562 40
5563 39
5564 41
5565 39
5566 41
5567 39
5568 44
5569 40
5570 42
5571 40
5572 41
5573 40
5574 42
5575 39
5576 42
5577 40
5578 42
5579 40
5580 43
5581 40
5582 42
5583 41
5584 40
5585 40
5586 41
5587 39
5588 45
5589 40
5590 41
5591 42
5592 42
5593 40
5594 42
5595 41
5596 43
5597 42
5598 42
5599 42
5600 48
5601 41
5602 43
5603 40
5604 43
5605 40
5606 43
5607 41
5608 42
5609 42
5610 41
5611 41
5612 41
5613 42
5614 42
5615 42
5616 42
5617 44
5618 42
5619 41
5620 43
5621 40
5622 43
5623 41
5624 44
5625 41
5626 38
5627 43
5628 38
5629 42
5630 39
5631 41
5632 48
5633 42
5634 39
5635 43
5636 39
5637 43
5638 40
5639 43
5640 42
5641 40
5642 39
5643 41
5644 40
5645 42
5646 40
5647 41
5648 42
5649 42
5650 40
5651 45
5652 39
5653 42
5654 40
5655 42
5656 44
5657 42
5658 40
5659 43
5660 41
5661 43
5662 41
5663 43
5664 48
5665 41
5666 40
5667 41
5668 40
5669 42
5670 41
5671 43
5672 44
5673 42
5674 41
5675 43
5676 41
5677 43
5678 42
5679 43
5680 44
5681 42
5682 40
5683 43
5684 41
5685 44
5686 41
5687 43
5688 46
5689 44
5690 42
5691 41
5692 41
5693 42
5694 42
5695 42
5696 48
5697 43
5698 43
5699 43
5700 40
5701 38
5702 41
5703 39
5704 42
5705 39
5706 41
5707 39
5708 42
5709 40
5710 43
5711 39
5712 44
5713 40
5714 42
5715 40
5716 43
5717 41
5718 43
5719 39
5720 44
5721 40
5722 41
5723 41
5724 41
5725 40
5726 42
5727 41
5728 44
5729 42
5730 42
5731 40
5732 43
5733 40
5734 43
5735 41
5736 44
5737 42
5738 42
5739 41
5740 43
5741 42
5742 43
5743 41
5744 44
5745 40
5746 41
5747 41
5748 42
5749 41
5750 42
5751 42
5752 46
5753 42
5754 43
5755 41
5756 42
5757 42
5758 43
5759 42
5760 48
5761 40
5762 44
5763 41
5764 43
5765 42
5766 43
5767 41
5768 48
5769 42
5770 44
5771 44
5772 41
5773 42
5774 42
5775 42
5776 38
5777 42
5778 39
5779 43
5780 39
5781 41
5782 39
5783 41
5784 40
5785 42
5786 40
5787 43
5788 39
5789 42
5790 40
5791 43
5792 40
5793 43
5794 40
5795 43
5796 41
5797 42
5798 40
5799 43
5800 40
5801 44
5802 41
5803 41
5804 42
5805 42
5806 41
5807 42
5808 42
5809 43
5810 40
5811 43
5812 41
5813 42
5814 41
5815 43
5816 42
5817 44
5818 42
5819 44
5820 41
5821 42
5822 42
5823 43
5824 40
5825 44
5826 41
5827 41
5828 43
5829 42
5830 41
5831 45
5832 42
5833 42
5834 42
5835 43
5836 43
5837 44
5838 42
5839 45
5840 42
5841 43
5842 41
5843 45
5844 41
5845 44
5846 42
5847 45
5848 42
5849 47
5850 42
5851 43
5852 43
5853 39
5854 43
5855 39
5856 44
5857 40
5858 42
5859 39
5860 43
5861 40
5862 41
5863 41
5864 42
5865 40
5866 42
5867 40
5868 42
5869 40
5870 43
5871 41
5872 42
5873 41
5874 43
5875 41
5876 43
5877 40
5878 43
5879 41
5880 44
5881 41
5882 43
5883 41
5884 41
5885 42
5886 42
5887 41
5888 48
5889 40
5890 42
5891 41
5892 43
5893 43
5894 43
5895 41
5896 44
5897 42
5898 43
5899 43
5900 45
5901 43
5902 44
5903 42
5904 46
5905 41
5906 43
5907 41
5908 43
5909 42
5910 42
5911 43
5912 42
5913 42
5914 43
5915 43
5916 45
5917 42
5918 43
5919 43
5920 44
5921 42
5922 44
5923 41
5924 45
5925 42
5926 43
5927 42
5928 44
5929 44
5930 39
5931 43
5932 39
5933 42
5934 40
5935 43
5936 46
5937 44
5938 40
5939 44
5940 40
5941 44
5942 41
5943 41
5944 46
5945 42
5946 40
5947 43
5948 41
5949 42
5950 41
5951 43
5952 44
5953 43
5954 41
5955 43
5956 40
5957 43
5958 41
5959 46
5960 44
5961 44
5962 41
5963 44
5964 42
5965 44
5966 42
5967 42
5968 42
5969 42
5970 41
5971 43
5972 41
5973 46
5974 42
5975 43
5976 44
5977 44
5978 42
5979 44
5980 42
5981 44
5982 43
5983 43
5984 48
5985 44
5986 41
5987 45
5988 42
5989 44
5990 42
5991 43
5992 44
5993 42
5994 43
5995 43
5996 42
5997 43
5998 43
5999 45
6000 46
6001 44
6002 43
6003 43
6004 41
6005 44
6006 42
6007 39
6008 48
6009 40
6010 42
6011 40
6012 43
6013 40
6014 44
6015 41
6016 56
6017 40
6018 43
6019 41
6020 44
6021 41
6022 44
6023 42
6024 46
6025 40
6026 42
6027 41
6028 42
6029 42
6030 43
6031 41
6032 46
6033 42
6034 43
6035 43
6036 44
6037 41
6038 43
6039 41
6040 44
6041 42
6042 43
6043 43
6044 44
6045 42
6046 45
6047 43
6048 44
6049 42
6050 42
6051 41
6052 43
6053 42
6054 43
6055 42
6056 46
6057 44
6058 44
6059 43
6060 43
6061 42
6062 44
6063 43
6064 44
6065 43
6066 45
6067 41
6068 44
6069 42
6070 44
6071 43
6072 46
6073 42
6074 45
6075 43
6076 42
6077 44
6078 43
6079 43
6080 48
6081 43
6082 43
6083 43
6084 39
6085 44
6086 40
6087 42
6088 40
6089 42
6090 40
6091 43
6092 41
6093 44
6094 41
6095 43
6096 40
6097 44
6098 41
6099 44
6100 41
6101 45
6102 41
6103 43
6104 42
6105 44
6106 41
6107 45
6108 41
6109 42
6110 42
6111 43
6112 48
6113 43
6114 42
6115 44
6116 43
6117 44
6118 41
6119 43
6120 42
6121 44
6122 42
6123 43
6124 43
6125 44
6126 43
6127 45
6128 42
6129 44
6130 43
6131 45
6132 41
6133 42
6134 42
6135 43
6136 44
6137 45
6138 42
6139 43
6140 43
6141 44
6142 44
6143 45
6144 64
6145 46
6146 43
6147 44
6148 43
6149 46
6150 42
6151 45
6152 42
6153 45
6154 43
6155 45
6156 43
6157 44
6158 43
6159 45
6160 44
6161 43
6162 44
6163 40
6164 45
6165 40
6166 43
6167 41
6168 44
6169 40
6170 42
6171 41
6172 43
6173 42
6174 43
6175 41
6176 48
6177 41
6178 44
6179 41
6180 43
6181 42
6182 44
6183 42
6184 44
6185 42
6186 44
6187 41
6188 45
6189 42
6190 44
6191 42
6192 42
6193 42
6194 43
6195 43
6196 45
6197 42
6198 43
6199 41
6200 44
6201 42
6202 44
6203 44
6204 45
6205 42
6206 44
6207 43
6208 44
6209 44
6210 44
6211 44
6212 44
6213 43
6214 45
6215 42
6216 44
6217 42
6218 43
6219 43
6220 43
6221 44
6222 44
6223 43
6224 46
6225 44
6226 44
6227 44
6228 45
6229 44
6230 45
6231 43
6232 46
6233 42
6234 44
6235 43
6236 45
6237 43
6238 46
6239 45
6240 48
6241 44
6242 40
6243 43
6244 40
6245 44
6246 41
6247 45
6248 44
6249 44
6250 41
6251 45
6252 41
6253 42
6254 42
6255 43
6256 44
6257 44
6258 41
6259 43
6260 42
6261 44
6262 42
6263 45
6264 46
6265 44
6266 42
6267 44
6268 41
6269 46
6270 42
6271 45
6272 48
6273 45
6274 42
6275 45
6276 43
6277 43
6278 43
6279 43
6280 46
6281 44
6282 42
6283 47
6284 42
6285 44
6286 43
6287 45
6288 46
6289 45
6290 43
6291 45
6292 43
6293 44
6294 44
6295 45
6296 48
6297 44
6298 42
6299 45
6300 43
6301 45
6302 43
6303 43
6304 48
6305 44
6306 44
6307 44
6308 43
6309 46
6310 44
6311 45
6312 44
6313 44
6314 45
6315 45
6316 42
6317 46
6318 43
6319 45
6320 46
6321 40
6322 43
6323 41
6324 44
6325 41
6326 45
6327 41
6328 46
6329 42
6330 44
6331 41
6332 45
6333 42
6334 45
6335 42
6336 52
6337 43
6338 43
6339 41
6340 43
6341 42
6342 44
6343 43
6344 48
6345 42
6346 44
6347 43
6348 45
6349 44
6350 45
6351 42
6352 46
6353 42
6354 44
6355 43
6356 45
6357 44
6358 46
6359 43
6360 48
6361 44
6362 43
6363 43
6364 44
6365 42
6366 44
6367 43
6368 52
6369 43
6370 45
6371 45
6372 44
6373 44
6374 45
6375 43
6376 48
6377 44
6378 46
6379 44
6380 45
6381 42
6382 45
6383 43
6384 44
6385 44
6386 45
6387 43
6388 43
6389 44
6390 44
6391 46
6392 46
6393 44
6394 44
6395 44
6396 45
6397 44
6398 46
6399 45
6400 40
6401 43
6402 41
6403 43
6404 41
6405 44
6406 41
6407 45
6408 42
6409 44
6410 42
6411 45
6412 41
6413 45
6414 42
6415 46
6416 42
6417 44
6418 42
6419 45
6420 43
6421 46
6422 42
6423 43
6424 42
6425 44
6426 43
6427 44
6428 45
6429 45
6430 43
6431 45
6432 44
6433 44
6434 42
6435 45
6436 43
6437 46
6438 43
6439 45
6440 44
6441 46
6442 44
6443 45
6444 43
6445 46
6446 44
6447 43
6448 42
6449 44
6450 43
6451 47
6452 45
6453 44
6454 43
6455 45
6456 44
6457 46
6458 45
6459 47
6460 45
6461 45
6462 44
6463 47
6464 44
6465 46
6466 43
6467 48
6468 43
6469 46
6470 44
6471 45
6472 44
6473 45
6474 44
6475 44
6476 45
6477 44
6478 45
6479 45
6480 46
6481 41
6482 44
6483 41
6484 44
6485 42
6486 43
6487 41
6488 44
6489 42
6490 44
6491 43
6492 46
6493 42
6494 45
6495 42
6496 44
6497 42
6498 45
6499 43
6500 45
6501 43
6502 45
6503 43
6504 46
6505 42
6506 45
6507 43
6508 43
6509 43
6510 44
6511 43
6512 50
6513 44
6514 44
6515 43
6516 45
6517 42
6518 45
6519 43
6520 46
6521 45
6522 45
6523 43
6524 45
6525 44
6526 46
6527 45
6528 48
6529 45
6530 46
6531 44
6532 45
6533 43
6534 44
6535 43
6536 44
6537 44
6538 45
6539 45
6540 47
6541 44
6542 45
6543 45
6544 46
6545 45
6546 46
6547 47
6548 47
6549 44
6550 45
6551 43
6552 46
6553 44
6554 47
6555 44
6556 47
6557 46
6558 47
6559 45
6560 48
6561 44
6562 41
6563 45
6564 41
6565 46
6566 42
6567 46
6568 46
6569 46
6570 42
6571 43
6572 42
6573 44
6574 43
6575 45
6576 46
6577 44
6578 42
6579 45
6580 43
6581 46
6582 43
6583 45
6584 48
6585 45
6586 43
6587 47
6588 42
6589 46
6590 43
6591 46
6592 44
6593 46
6594 43
6595 44
6596 44
6597 44
6598 44
6599 45
6600 46
6601 47
6602 43
6603 45
6604 43
6605 46
6606 44
6607 46
6608 48
6609 46
6610 44
6611 45
6612 44
6613 46
6614 45
6615 46
6616 46
6617 46
6618 43
6619 47
6620 44
6621 44
6622 44
6623 45
6624 48
6625 45
6626 45
6627 47
6628 44
6629 46
6630 45
6631 45
6632 50
6633 46
6634 46
6635 48
6636 43
6637 46
6638 44
6639 47
6640 50
6641 46
6642 44
6643 41
6644 45
6645 42
6646 46
6647 42
6648 48
6649 42
6650 45
6651 43
6652 46
6653 42
6654 46
6655 43
6656 48
6657 43
6658 44
6659 44
6660 44
6661 42
6662 45
6663 43
6664 46
6665 44
6666 45
6667 43
6668 46
6669 44
6670 46
6671 45
6672 46
6673 43
6674 45
6675 43
6676 46
6677 44
6678 47
6679 45
6680 48
6681 44
6682 44
6683 45
6684 45
6685 44
6686 45
6687 43
6688 48
6689 44
6690 46
6691 44
6692 45
6693 46
6694 46
6695 45
6696 48
6697 44
6698 46
6699 45
6700 45
6701 45
6702 46
6703 43
6704 50
6705 44
6706 46
6707 45
6708 44
6709 44
6710 45
6711 45
6712 50
6713 47
6714 45
6715 45
6716 46
6717 45
6718 47
6719 45
6720 52
6721 46
6722 46
6723 44
6724 41
6725 44
6726 42
6727 45
6728 42
6729 46
6730 42
6731 45
6732 43
6733 46
6734 43
6735 46
6736 42
6737 47
6738 43
6739 45
6740 43
6741 46
6742 43
6743 47
6744 44
6745 44
6746 43
6747 45
6748 43
6749 45
6750 44
6751 45
6752 48
6753 46
6754 44
6755 45
6756 45
6757 46
6758 43
6759 47
6760 44
6761 47
6762 44
6763 47
6764 45
6765 46
6766 45
6767 47
6768 44
6769 44
6770 45
6771 45
6772 43
6773 48
6774 44
6775 45
6776 46
6777 46
6778 44
6779 47
6780 45
6781 48
6782 46
6783 46
6784 48
6785 48
6786 45
6787 47
6788 45
6789 46
6790 44
6791 46
6792 44
6793 46
6794 45
6795 47
6796 45
6797 45
6798 45
6799 45
6800 46
6801 46
6802 46
6803 47
6804 45
6805 46
6806 45
6807 42
6808 46
6809 42
6810 44
6811 43
6812 45
6813 42
6814 45
6815 43
6816 52
6817 44
6818 46
6819 43
6820 45
6821 43
6822 46
6823 43
6824 46
6825 44
6826 46
6827 44
6828 47
6829 44
6830 46
6831 43
6832 44
6833 44
6834 45
6835 44
6836 48
6837 44
6838 45
6839 45
6840 46
6841 44
6842 46
6843 43
6844 46
6845 44
6846 46
6847 46
6848 52
6849 44
6850 47
6851 45
6852 47
6853 46
6854 48
6855 46
6856 46
6857 45
6858 45
6859 44
6860 45
6861 44
6862 46
6863 45
6864 48
6865 46
6866 46
6867 45
6868 47
6869 46
6870 47
6871 46
6872 48
6873 47
6874 46
6875 45
6876 47
6877 44
6878 48
6879 45
6880 52
6881 45
6882 46
6883 47
6884 47
6885 46
6886 45
6887 45
6888 46
6889 46
6890 42
6891 47
6892 42
6893 47
6894 43
6895 46
6896 46
6897 44
6898 43
6899 45
6900 43
6901 46
6902 44
6903 45
6904 48
6905 46
6906 43
6907 48
6908 44
6909 46
6910 44
6911 46
6912 48
6913 48
6914 44
6915 47
6916 43
6917 47
6918 44
6919 47
6920 48
6921 45
6922 44
6923 45
6924 45
6925 46
6926 45
6927 47
6928 48
6929 46
6930 44
6931 47
6932 44
6933 46
6934 45
6935 47
6936 48
6937 46
6938 45
6939 47
6940 45
6941 48
6942 46
6943 47
6944 48
6945 48
6946 44
6947 45
6948 45
6949 46
6950 45
6951 46
6952 46
6953 48
6954 46
6955 47
6956 45
6957 46
6958 46
6959 47
6960 48
6961 48
6962 47
6963 47
6964 44
6965 48
6966 45
6967 47
6968 48
6969 49
6970 45
6971 48
6972 46
6973 42
6974 47
6975 43
6976 48
6977 43
6978 46
6979 43
6980 47
6981 44
6982 47
6983 43
6984 50
6985 44
6986 45
6987 44
6988 45
6989 45
6990 46
6991 43
6992 48
6993 44
6994 46
6995 45
6996 47
6997 44
6998 47
6999 45
7000 50
7001 46
7002 46
7003 44
7004 47
7005 44
7006 48
7007 45
7008 52
7009 46
7010 45
7011 45
7012 46
7013 46
7014 46
7015 45
7016 52
7017 44
7018 47
7019 45
7020 46
7021 45
7022 47
7023 47
7024 46
7025 46
7026 47
7027 45
7028 47
7029 46
7030 47
7031 46
7032 48
7033 44
7034 48
7035 45
7036 45
7037 46
7038 46
7039 45
7040 56
7041 46
7042 46
7043 47
7044 47
7045 46
7046 48
7047 46
7048 48
7049 46
7050 47
7051 47
7052 49
7053 45
7054 48
7055 45
7056 42
7057 46
7058 43
7059 47
7060 43
7061 46
7062 43
7063 47
7064 44
7065 47
7066 44
7067 48
7068 43
7069 46
7070 44
7071 47
7072 44
7073 48
7074 44
7075 45
7076 45
7077 46
7078 44
7079 46
7080 44
7081 47
7082 45
7083 47
7084 48
7085 46
7086 45
7087 47
7088 46
7089 48
7090 44
7091 48
7092 45
7093 48
7094 45
7095 47
7096 46
7097 48
7098 46
7099 45
7100 45
7101 46
7102 46
7103 49
7104 44
7105 46
7106 45
7107 47
7108 47
7109 48
7110 45
7111 47
7112 46
7113 47
7114 47
7115 49
7116 49
7117 47
7118 46
7119 47
7120 46
7121 48
7122 45
7123 47
7124 45
7125 48
7126 46
7127 46
7128 46
7129 46
7130 46
7131 47
7132 46
7133 48
7134 47
7135 47
7136 48
7137 48
7138 46
7139 48
7140 47
7141 43
7142 45
7143 43
7144 46
7145 44
7146 46
7147 43
7148 50
7149 44
7150 47
7151 45
7152 46
7153 44
7154 47
7155 44
7156 47
7157 44
7158 47
7159 45
7160 48
7161 45
7162 47
7163 45
7164 45
7165 44
7166 46
7167 45
7168 48
7169 45
7170 46
7171 45
7172 47
7173 46
7174 47
7175 45
7176 48
7177 44
7178 47
7179 45
7180 49
7181 47
7182 48
7183 45
7184 50
7185 46
7186 48
7187 47
7188 47
7189 46
7190 46
7191 46
7192 46
7193 45
7194 47
7195 45
7196 49
7197 46
7198 47
7199 47
7200 48
7201 46
7202 48
7203 47
7204 49
7205 47
7206 47
7207 49
7208 48
7209 46
7210 47
7211 45
7212 48
7213 46
7214 48
7215 46
7216 50
7217 48
7218 46
7219 47
7220 47
7221 46
7222 47
7223 47
7224 50
7225 47
7226 43
7227 47
7228 43
7229 48
7230 44
7231 45
7232 48
7233 46
7234 44
7235 47
7236 44
7237 46
7238 45
7239 47
7240 50
7241 48
7242 44
7243 47
7244 45
7245 47
7246 45
7247 51
7248 46
7249 48
7250 45
7251 48
7252 44
7253 48
7254 45
7255 46
7256 48
7257 46
7258 45
7259 47
7260 46
7261 50
7262 46
7263 47
7264 52
7265 48
7266 45
7267 48
7268 45
7269 48
7270 46
7271 47
7272 48
7273 48
7274 46
7275 49
7276 46
7277 48
7278 47
7279 49
7280 50
7281 46
7282 45
7283 47
7284 46
7285 47
7286 46
7287 49
7288 52
7289 48
7290 47
7291 47
7292 46
7293 48
7294 47
7295 49
7296 56
7297 48
7298 48
7299 49
7300 45
7301 48
7302 46
7303 47
7304 50
7305 48
7306 46
7307 51
7308 47
7309 46
7310 48
7311 43
7312 48
7313 44
7314 47
7315 44
7316 48
7317 44
7318 47
7319 45
7320 48
7321 44
7322 46
7323 45
7324 46
7325 45
7326 47
7327 46
7328 48
7329 44
7330 47
7331 45
7332 48
7333 46
7334 48
7335 45
7336 50
7337 46
7338 47
7339 47
7340 48
7341 45
7342 49
7343 45
7344 50
7345 46
7346 46
7347 47
7348 47
7349 46
7350 47
7351 47
7352 50
7353 46
7354 48
7355 45
7356 47
7357 46
7358 48
7359 46
7360 52
7361 48
7362 48
7363 47
7364 48
7365 46
7366 48
7367 47
7368 50
7369 47
7370 49
7371 45
7372 46
7373 46
7374 47
7375 47
7376 52
7377 46
7378 47
7379 47
7380 48
7381 49
7382 49
7383 47
7384 50
7385 47
7386 48
7387 47
7388 51
7389 48
7390 49
7391 46
7392 52
7393 46
7394 49
7395 47
7396 43
7397 48
7398 44
7399 47
7400 44
7401 48
7402 44
7403 48
7404 45
7405 49
7406 45
7407 47
7408 44
7409 48
7410 45
7411 47
7412 45
7413 46
7414 45
7415 47
7416 46
7417 47
7418 45
7419 48
7420 45
7421 48
7422 46
7423 47
7424 56
7425 48
7426 46
7427 49
7428 47
7429 49
7430 45
7431 49
7432 46
7433 48
7434 46
7435 49
7436 47
7437 46
7438 47
7439 47
7440 46
7441 48
7442 47
7443 47
7444 45
7445 48
7446 46
7447 49
7448 48
7449 50
7450 46
7451 48
7452 47
7453 48
7454 48
7455 49
7456 52
7457 51
7458 47
7459 49
7460 47
7461 48
7462 46
7463 49
7464 46
7465 47
7466 47
7467 47
7468 47
7469 48
7470 47
7471 49
7472 48
7473 48
7474 48
7475 49
7476 49
7477 49
7478 47
7479 49
7480 48
7481 48
7482 46
7483 44
7484 47
7485 44
7486 47
7487 45
7488 48
7489 44
7490 48
7491 45
7492 47
7493 46
7494 48
7495 45
7496 48
7497 45
7498 48
7499 45
7500 49
7501 46
7502 48
7503 46
7504 46
7505 46
7506 47
7507 45
7508 48
7509 46
7510 47
7511 46
7512 48
7513 46
7514 48
7515 47
7516 49
7517 46
7518 48
7519 45
7520 52
7521 46
7522 49
7523 48
7524 50
7525 46
7526 50
7527 47
7528 48
7529 48
7530 47
7531 48
7532 47
7533 47
7534 48
7535 46
7536 50
7537 46
7538 48
7539 47
7540 49
7541 48
7542 49
7543 47
7544 50
7545 48
7546 48
7547 48
7548 49
7549 50
7550 49
7551 47
7552 56
7553 46
7554 50
7555 47
7556 49
7557 47
7558 47
7559 49
7560 48
7561 48
7562 48
7563 47
7564 49
7565 48
7566 49
7567 49
7568 48
7569 49
7570 44
7571 49
7572 44
7573 46
7574 45
7575 47
7576 50
7577 48
7578 45
7579 47
7580 45
7581 48
7582 46
7583 51
7584 52
7585 48
7586 45
7587 48
7588 46
7589 50
7590 46
7591 49
7592 50
7593 49
7594 46
7595 49
7596 45
7597 47
7598 46
7599 47
7600 50
7601 48
7602 46
7603 49
7604 47
7605 48
7606 47
7607 49
7608 52
7609 49
7610 46
7611 49
7612 46
7613 48
7614 47
7615 49
7616 56
7617 50
7618 47
7619 49
7620 47
7621 50
7622 48
7623 47
7624 48
7625 48
7626 46
7627 48
7628 47
7629 50
7630 47
7631 49
7632 50
7633 48
7634 48
7635 49
7636 47
7637 50
7638 48
7639 49
7640 50
7641 48
7642 49
7643 49
7644 46
7645 50
7646 47
7647 49
7648 56
7649 50
7650 47
7651 47
7652 48
7653 48
7654 49
7655 49
7656 52
7657 44
7658 48
7659 45
7660 49
7661 45
7662 49
7663 45
7664 50
7665 46
7666 47
7667 45
7668 47
7669 46
7670 48
7671 46
7672 52
7673 47
7674 48
7675 45
7676 49
7677 46
7678 49
7679 47
7680 64
7681 46
7682 48
7683 47
7684 49
7685 48
7686 50
7687 46
7688 54
7689 46
7690 47
7691 47
7692 48
7693 48
7694 48
7695 47
7696 48
7697 48
7698 49
7699 47
7700 48
7701 46
7702 49
7703 47
7704 50
7705 47
7706 50
7707 49
7708 49
7709 48
7710 49
7711 47
7712 52
7713 48
7714 50
7715 48
7716 47
7717 46
7718 48
7719 47
7720 50
7721 48
7722 48
7723 47
7724 49
7725 48
7726 50
7727 49
7728 52
7729 48
7730 49
7731 48
7732 49
7733 48
7734 50
7735 49
7736 54
7737 47
7738 49
7739 47
7740 49
7741 48
7742 50
7743 49
7744 44
7745 48
7746 45
7747 49
7748 45
7749 49
7750 45
7751 50
7752 46
7753 48
7754 46
7755 49
7756 45
7757 50
7758 46
7759 47
7760 46
7761 48
7762 46
7763 48
7764 47
7765 49
7766 46
7767 49
7768 46
7769 48
7770 47
7771 49
7772 51
7773 50
7774 47
7775 50
7776 48
7777 50
7778 46
7779 49
7780 47
7781 50
7782 47
7783 47
7784 48
7785 48
7786 48
7787 51
7788 47
7789 48
7790 48
7791 49
7792 46
7793 49
7794 47
7795 49
7796 49
7797 49
7798 47
7799 51
7800 48
7801 50
7802 49
7803 51
7804 51
7805 51
7806 48
7807 49
7808 48
7809 50
7810 47
7811 48
7812 47
7813 48
7814 48
7815 49
7816 48
7817 50
7818 48
7819 49
7820 49
7821 50
7822 49
7823 50
7824 50
7825 50
7826 48
7827 49
7828 49
7829 50
7830 47
7831 50
7832 48
7833 45
7834 48
7835 45
7836 50
7837 46
7838 49
7839 45
7840 48
7841 46
7842 49
7843 47
7844 49
7845 46
7846 49
7847 46
7848 50
7849 46
7850 49
7851 47
7852 47
7853 47
7854 48
7855 47
7856 52
7857 46
7858 48
7859 47
7860 49
7861 47
7862 49
7863 47
7864 50
7865 48
7866 49
7867 47
7868 51
7869 46
7870 50
7871 47
7872 52
7873 48
7874 51
7875 47
7876 49
7877 48
7878 48
7879 49
7880 48
7881 49
7882 49
7883 48
7884 51
7885 47
7886 49
7887 47
7888 50
7889 48
7890 49
7891 49
7892 50
7893 48
7894 49
7895 49
7896 50
7897 49
7898 51
7899 51
7900 50
7901 48
7902 51
7903 47
7904 52
7905 48
7906 48
7907 48
7908 49
7909 49
7910 49
7911 49
7912 52
7913 48
7914 50
7915 49
7916 49
7917 50
7918 50
7919 50
7920 50
7921 50
7922 45
7923 47
7924 45
7925 48
7926 46
7927 49
7928 52
7929 48
7930 46
7931 49
7932 46
7933 52
7934 47
7935 49
7936 48
7937 49
7938 46
7939 52
7940 47
7941 50
7942 47
7943 50
7944 50
7945 50
7946 47
7947 48
7948 46
7949 48
7950 47
7951 49
7952 54
7953 52
7954 47
7955 49
7956 48
7957 50
7958 48
7959 50
7960 50
7961 50
7962 47
7963 49
7964 47
7965 50
7966 48
7967 51
7968 52
7969 50
7970 48
7971 51
7972 48
7973 48
7974 49
7975 49
7976 54
7977 49
7978 47
7979 51
7980 48
7981 50
7982 48
7983 49
7984 50
7985 50
7986 49
7987 49
7988 48
7989 50
7990 49
7991 51
7992 52
7993 50
7994 50
7995 51
7996 47
7997 51
7998 48
7999 51
8000 52
8001 48
8002 48
8003 49
8004 49
8005 50
8006 49
8007 49
8008 50
8009 50
8010 49
8011 45
8012 50
8013 46
8014 50
8015 46
8016 50
8017 46
8018 48
8019 47
8020 48
8021 46
8022 49
8023 47
8024 52
8025 47
8026 49
8027 48
8028 50
8029 46
8030 50
8031 47
8032 52
8033 48
8034 49
8035 47
8036 50
8037 48
8038 51
8039 49
8040 52
8041 47
8042 48
8043 47
8044 49
8045 48
8046 49
8047 49
8048 54
8049 48
8050 50
8051 49
8052 49
8053 48
8054 50
8055 47
8056 54
8057 48
8058 51
8059 48
8060 50
8061 50
8062 50
8063 49
8064 56
8065 48
8066 51
8067 49
8068 48
8069 49
8070 49
8071 47
8072 52
8073 48
8074 49
8075 49
8076 50
8077 48
8078 51
8079 49
8080 54
8081 51
8082 50
8083 49
8084 52
8085 49
8086 50
8087 49
8088 50
8089 50
8090 51
8091 48
8092 50
8093 48
8094 51
8095 49
8096 52
8097 50
8098 49
8099 49
8100 45
8101 50
8102 46
8103 49
8104 46
8105 50
8106 46
8107 49
8108 47
8109 50
8110 47
8111 51
8112 46
8113 48
8114 47
8115 49
8116 47
8117 49
8118 47
8119 50
8120 48
8121 50
8122 47
8123 49
8124 47
8125 50
8126 48
8127 51
8128 52
8129 51
8130 48
8131 51
8132 49
8133 50
8134 47
8135 51
8136 48
8137 48
8138 48
8139 49
8140 49
8141 52
8142 49
8143 49
8144 48
8145 50
8146 49
8147 51
8148 47
8149 52
8150 48
8151 50
8152 50
8153 52
8154 48
8155 51
8156 49
8157 52
8158 50
8159 51
8160 56
8161 50
8162 49
8163 51
8164 49
8165 49
8166 48
8167 49
8168 48
8169 50
8170 49
8171 51
8172 49
8173 50
8174 49
8175 51
8176 50
8177 51
8178 50
8179 51
8180 51
8181 50
8182 49
8183 51
8184 50
8185 50
8186 48
8187 51
8188 49
8189 51
8190 49
8191 46
8192 64
8193 46
8194 50
8195 47
8196 49
8197 46
8198 50
8199 47
8200 50
8201 48
8202 50
8203 47
8204 50
8205 47
8206 50
8207 47
8208 48
8209 48
8210 49
8211 48
8212 52
8213 48
8214 49
8215 47
8216 50
8217 48
8218 50
8219 48
8220 51
8221 48
8222 50
8223 49
8224 56
8225 48
8226 51
8227 47
8228 51
8229 48
8230 52
8231 50
8232 50
8233 48
8234 49
8235 49
8236 49
8237 50
8238 50
8239 50
8240 52
8241 49
8242 50
8243 48
8244 51
8245 48
8246 51
8247 49
8248 52
8249 50
8250 50
8251 49
8252 51
8253 50
8254 52
8255 50
8256 52
8257 52
8258 52
8259 49
8260 53
8261 48
8262 49
8263 49
8264 50
8265 49
8266 50
8267 51
8268 53
8269 50
8270 51
8271 49
8272 50
8273 50
8274 51
8275 51
8276 51
8277 51
8278 51
8279 51
8280 52
8281 48
8282 46
8283 49
8284 46
8285 50
8286 47
8287 49
8288 52
8289 50
8290 47
8291 52
8292 47
8293 50
8294 48
8295 50
8296 52
8297 54
8298 47
8299 51
8300 48
8301 50
8302 48
8303 51
8304 52
8305 49
8306 48
8307 49
8308 47
8309 50
8310 48
8311 51
8312 54
8313 50
8314 48
8315 51
8316 49
8317 51
8318 49
8319 51
8320 56
8321 50
8322 48
8323 51
8324 48
8325 52
8326 49
8327 51
8328 50
8329 52
8330 49
8331 49
8332 49
8333 50
8334 50
8335 50
8336 52
8337 52
8338 48
8339 51
8340 49
8341 50
8342 49
8343 51
8344 52
8345 53
8346 50
8347 51
8348 49
8349 52
8350 50
8351 51
8352 56
8353 53
8354 51
8355 52
8356 48
8357 54
8358 49
8359 49
8360 54
8361 50
8362 49
8363 51
8364 50
8365 50
8366 51
8367 51
8368 52
8369 53
8370 50
8371 53
8372 51
8373 46
8374 51
8375 47
8376 54
8377 47
8378 49
8379 47
8380 49
8381 48
8382 50
8383 47
8384 60
8385 48
8386 50
8387 48
8388 51
8389 49
8390 51
8391 47
8392 52
8393 48
8394 50
8395 49
8396 51
8397 48
8398 52
8399 49
8400 50
8401 50
8402 49
8403 48
8404 50
8405 48
8406 50
8407 49
8408 52
8409 50
8410 51
8411 49
8412 50
8413 50
8414 51
8415 49
8416 60
8417 48
8418 52
8419 49
8420 51
8421 49
8422 51
8423 51
8424 52
8425 50
8426 52
8427 49
8428 49
8429 50
8430 50
8431 50
8432 54
8433 48
8434 50
8435 49
8436 51
8437 50
8438 52
8439 49
8440 56
8441 50
8442 51
8443 52
8444 51
8445 50
8446 52
8447 50
8448 56
8449 50
8450 52
8451 51
8452 51
8453 49
8454 52
8455 49
8456 54
8457 50
8458 50
8459 51
8460 50
8461 50
8462 51
8463 51
8464 46
8465 51
8466 47
8467 51
8468 47
8469 50
8470 47
8471 51
8472 48
8473 52
8474 48
8475 49
8476 47
8477 50
8478 48
8479 50
8480 48
8481 51
8482 48
8483 51
8484 49
8485 50
8486 48
8487 51
8488 48
8489 52
8490 49
8491 52
8492 51
8493 52
8494 49
8495 51
8496 50
8497 52
8498 48
8499 49
8500 49
8501 50
8502 49
8503 51
8504 50
8505 50
8506 50
8507 51
8508 49
8509 52
8510 50
8511 53
8512 48
8513 51
8514 49
8515 53
8516 51
8517 52
8518 49
8519 53
8520 50
8521 54
8522 51
8523 51
8524 50
8525 52
8526 50
8527 50
8528 50
8529 50
8530 49
8531 51
8532 49
8533 52
8534 50
8535 51
8536 50
8537 52
8538 50
8539 52
8540 51
8541 52
8542 51
8543 51
8544 52
8545 52
8546 50
8547 52
8548 51
8549 54
8550 49
8551 53
8552 50
8553 52
8554 50
8555 52
8556 53
8557 47
8558 51
8559 47
8560 50
8561 48
8562 51
8563 47
8564 51
8565 48
8566 51
8567 49
8568 52
8569 48
8570 51
8571 48
8572 49
8573 48
8574 50
8575 49
8576 56
8577 49
8578 50
8579 49
8580 51
8581 48
8582 51
8583 49
8584 52
8585 49
8586 51
8587 49
8588 54
8589 50
8590 52
8591 49
8592 54
8593 48
8594 53
8595 49
8596 51
8597 51
8598 50
8599 49
8600 50
8601 50
8602 51
8603 51
8604 52
8605 51
8606 51
8607 50
8608 52
8609 49
8610 52
8611 49
8612 52
8613 50
8614 51
8615 51
8616 52
8617 50
8618 53
8619 51
8620 54
8621 51
8622 53
8623 53
8624 54
8625 50
8626 50
8627 49
8628 51
8629 50
8630 51
8631 50
8632 54
8633 52
8634 52
8635 51
8636 51
8637 50
8638 52
8639 51
8640 52
8641 52
8642 53
8643 52
8644 51
8645 52
8646 52
8647 49
8648 54
8649 50
8650 47
8651 51
8652 47
8653 50
8654 48
8655 51
8656 50
8657 54
8658 48
8659 51
8660 48
8661 51
8662 49
8663 51
8664 52
8665 52
8666 48
8667 52
8668 49
8669 52
8670 49
8671 50
8672 56
8673 50
8674 49
8675 51
8676 48
8677 54
8678 49
8679 51
8680 52
8681 52
8682 49
8683 52
8684 50
8685 52
8686 50
8687 51
8688 52
8689 52
8690 49
8691 53
8692 49
8693 52
8694 50
8695 53
8696 54
8697 50
8698 50
8699 51
8700 50
8701 51
8702 51
8703 51
8704 64
8705 52
8706 49
8707 51
8708 50
8709 52
8710 50
8711 53
8712 54
8713 52
8714 51
8715 53
8716 50
8717 52
8718 51
8719 54
8720 54
8721 53
8722 52
8723 55
8724 49
8725 50
8726 50
8727 51
8728 52
8729 52
8730 50
8731 51
8732 51
8733 52
8734 52
8735 54
8736 52
8737 52
8738 51
8739 52
8740 52
8741 54
8742 52
8743 47
8744 54
8745 48
8746 50
8747 48
8748 50
8749 48
8750 51
8751 49
8752 54
8753 48
8754 51
8755 49
8756 52
8757 49
8758 52
8759 50
8760 54
8761 48
8762 51
8763 49
8764 51
8765 50
8766 52
8767 49
8768 56
8769 50
8770 50
8771 51
8772 51
8773 49
8774 51
8775 49
8776 56
8777 50
8778 52
8779 51
8780 51
8781 50
8782 52
8783 51
8784 54
8785 50
8786 53
8787 49
8788 52
8789 50
8790 52
8791 50
8792 54
8793 52
8794 53
8795 51
8796 50
8797 50
8798 51
8799 51
8800 56
8801 51
8802 51
8803 49
8804 52
8805 50
8806 52
8807 51
8808 52
8809 50
8810 52
8811 51
8812 54
8813 53
8814 53
8815 51
8816 54
8817 51
8818 53
8819 51
8820 52
8821 52
8822 53
8823 50
8824 54
8825 50
8826 51
8827 51
8828 51
8829 52
8830 52
8831 51
8832 56
8833 52
8834 52
8835 52
8836 47
8837 53
8838 48
8839 51
8840 48
8841 52
8842 48
8843 53
8844 49
8845 50
8846 49
8847 51
8848 48
8849 51
8850 49
8851 52
8852 49
8853 52
8854 49
8855 51
8856 50
8857 52
8858 49
8859 53
8860 49
8861 53
8862 50
8863 53
8864 56
8865 52
8866 50
8867 52
8868 51
8869 50
8870 49
8871 51
8872 50
8873 54
8874 50
8875 51
8876 51
8877 52
8878 51
8879 53
8880 50
8881 54
8882 51
8883 52
8884 49
8885 54
8886 50
8887 53
8888 52
8889 55
8890 50
8891 55
8892 51
8893 52
8894 52
8895 53
8896 52
8897 51
8898 51
8899 51
8900 51
8901 52
8902 50
8903 53
8904 50
8905 52
8906 51
8907 53
8908 51
8909 52
8910 51
8911 53
8912 52
8913 52
8914 52
8915 53
8916 53
8917 54
8918 51
8919 53
8920 52
8921 54
8922 50
8923 53
8924 51
8925 53
8926 51
8927 51
8928 56
8929 52
8930 52
8931 48
8932 51
8933 48
8934 52
8935 49
8936 52
8937 48
8938 52
8939 49
8940 53
8941 50
8942 52
8943 49
8944 50
8945 49
8946 51
8947 49
8948 53
8949 50
8950 51
8951 50
8952 52
8953 50
8954 52
8955 49
8956 53
8957 50
8958 52
8959 50
8960 64
8961 50
8962 53
8963 51
8964 55
8965 50
8966 54
8967 49
8968 52
8969 50
8970 51
8971 52
8972 51
8973 50
8974 52
8975 51
8976 54
8977 52
8978 52
8979 52
8980 53
8981 51
8982 53
8983 50
8984 54
8985 50
8986 52
8987 51
8988 53
8989 52
8990 54
8991 51
8992 56
8993 52
8994 54
8995 52
8996 55
8997 52
8998 51
8999 51
9000 52
9001 50
9002 52
9003 51
9004 54
9005 51
9006 53
9007 53
9008 52
9009 52
9010 53
9011 51
9012 52
9013 52
9014 53
9015 53
9016 54
9017 53
9018 53
9019 53
9020 54
9021 50
9022 54
9023 51
9024 60
9025 52
9026 48
9027 51
9028 48
9029 52
9030 49
9031 55
9032 54
9033 52
9034 49
9035 52
9036 49
9037 53
9038 50
9039 53
9040 54
9041 53
9042 49
9043 53
9044 50
9045 51
9046 50
9047 51
9048 56
9049 52
9050 50
9051 53
9052 49
9053 52
9054 50
9055 53
9056 60
9057 53
9058 50
9059 53
9060 51
9061 52
9062 51
9063 53
9064 52
9065 54
9066 50
9067 53
9068 50
9069 54
9070 51
9071 51
9072 54
9073 52
9074 51
9075 52
9076 51
9077 54
9078 52
9079 53
9080 54
9081 52
9082 50
9083 53
9084 51
9085 55
9086 51
9087 53
9088 64
9089 54
9090 52
9091 53
9092 51
9093 55
9094 52
9095 54
9096 56
9097 54
9098 52
9099 51
9100 50
9101 52
9102 51
9103 53
9104 54
9105 52
9106 51
9107 53
9108 52
9109 54
9110 53
9111 55
9112 54
9113 53
9114 52
9115 55
9116 53
9117 53
9118 53
9119 53
9120 56
9121 48
9122 51
9123 49
9124 51
9125 49
9126 52
9127 49
9128 56
9129 50
9130 52
9131 49
9132 53
9133 50
9134 53
9135 50
9136 52
9137 51
9138 52
9139 49
9140 53
9141 50
9142 53
9143 51
9144 54
9145 50
9146 51
9147 51
9148 52
9149 52
9150 52
9151 50
9152 56
9153 50
9154 53
9155 51
9156 52
9157 52
9158 53
9159 51
9160 54
9161 52
9162 54
9163 51
9164 53
9165 50
9166 53
9167 51
9168 56
9169 51
9170 54
9171 53
9172 51
9173 52
9174 52
9175 51
9176 58
9177 52
9178 52
9179 52
9180 53
9181 50
9182 54
9183 51
9184 60
9185 52
9186 53
9187 51
9188 55
9189 52
9190 54
9191 54
9192 56
9193 52
9194 54
9195 52
9196 53
9197 52
9198 54
9199 53
9200 58
9201 51
9202 52
9203 51
9204 52
9205 52
9206 53
9207 53
9208 58
9209 52
9210 53
9211 53
9212 54
9213 53
9214 54
9215 54
9216 48
9217 52
9218 49
9219 53
9220 49
9221 54
9222 49
9223 51
9224 50
9225 52
9226 50
9227 52
9228 49
9229 53
9230 50
9231 53
9232 50
9233 52
9234 50
9235 53
9236 51
9237 54
9238 50
9239 54
9240 50
9241 53
9242 51
9243 53
9244 53
9245 54
9246 51
9247 51
9248 52
9249 52
9250 50
9251 55
9252 51
9253 52
9254 51
9255 53
9256 52
9257 54
9258 52
9259 55
9260 51
9261 53
9262 52
9263 54
9264 50
9265 54
9266 51
9267 55
9268 52
9269 55
9270 51
9271 53
9272 52
9273 54
9274 53
9275 52
9276 54
9277 52
9278 52
9279 53
9280 52
9281 54
9282 51
9283 53
9284 51
9285 54
9286 52
9287 54
9288 52
9289 54
9290 52
9291 53
9292 53
9293 54
9294 53
9295 55
9296 54
9297 56
9298 52
9299 55
9300 53
9301 54
9302 51
9303 54
9304 52
9305 52
9306 52
9307 53
9308 53
9309 53
9310 53
9311 55
9312 52
9313 49
9314 53
9315 49
9316 53
9317 50
9318 53
9319 49
9320 54
9321 50
9322 53
9323 51
9324 51
9325 50
9326 52
9327 50
9328 56
9329 50
9330 52
9331 51
9332 53
9333 51
9334 53
9335 51
9336 54
9337 50
9338 53
9339 51
9340 57
9341 51
9342 54
9343 51
9344 56
9345 52
9346 53
9347 51
9348 53
9349 50
9350 52
9351 51
9352 52
9353 53
9354 53
9355 51
9356 54
9357 52
9358 53
9359 53
9360 54
9361 53
9362 54
9363 52
9364 55
9365 51
9366 53
9367 51
9368 54
9369 52
9370 54
9371 53
9372 55
9373 52
9374 55
9375 53
9376 56
9377 53
9378 52
9379 55
9380 53
9381 52
9382 53
9383 51
9384 56
9385 52
9386 54
9387 52
9388 53
9389 54
9390 54
9391 53
9392 54
9393 52
9394 54
9395 53
9396 55
9397 54
9398 54
9399 54
9400 56
9401 54
9402 55
9403 51
9404 57
9405 52
9406 56
9407 53
9408 52
9409 52
9410 49
9411 53
9412 49
9413 54
9414 50
9415 53
9416 54
9417 53
9418 50
9419 55
9420 50
9421 54
9422 51
9423 54
9424 54
9425 54
9426 50
9427 52
9428 51
9429 52
9430 51
9431 53
9432 54
9433 55
9434 51
9435 53
9436 50
9437 54
9438 51
9439 54
9440 56
9441 54
9442 51
9443 53
9444 52
9445 54
9446 52
9447 55
9448 56
9449 54
9450 51
9451 53
9452 51
9453 52
9454 52
9455 53
9456 58
9457 53
9458 52
9459 55
9460 52
9461 54
9462 53
9463 53
9464 56
9465 54
9466 51
9467 56
9468 52
9469 54
9470 52
9471 55
9472 56
9473 54
9474 53
9475 55
9476 52
9477 54
9478 53
9479 55
9480 54
9481 52
9482 54
9483 53
9484 51
9485 54
9486 52
9487 53
9488 54
9489 54
9490 52
9491 56
9492 53
9493 56
9494 54
9495 54
9496 56
9497 54
9498 53
9499 55
9500 54
9501 55
9502 54
9503 55
9504 56
9505 54
9506 52
9507 49
9508 52
9509 50
9510 53
9511 50
9512 56
9513 50
9514 53
9515 51
9516 53
9517 50
9518 54
9519 51
9520 58
9521 51
9522 53
9523 52
9524 54
9525 50
9526 55
9527 51
9528 58
9529 52
9530 52
9531 51
9532 53
9533 52
9534 53
9535 53
9536 60
9537 51
9538 54
9539 51
9540 53
9541 52
9542 54
9543 53
9544 56
9545 52
9546 55
9547 53
9548 54
9549 52
9550 54
9551 51
9552 56
9553 52
9554 55
9555 52
9556 52
9557 54
9558 53
9559 53
9560 54
9561 52
9562 53
9563 53
9564 54
9565 53
9566 55
9567 51
9568 56
9569 52
9570 54
9571 53
9572 57
9573 52
9574 55
9575 53
9576 56
9577 55
9578 55
9579 53
9580 54
9581 53
9582 55
9583 53
9584 60
9585 54
9586 53
9587 52
9588 53
9589 52
9590 54
9591 53
9592 58
9593 54
9594 54
9595 53
9596 55
9597 54
9598 55
9599 54
9600 56
9601 55
9602 54
9603 53
9604 49
9605 54
9606 50
9607 55
9608 50
9609 52
9610 50
9611 53
9612 51
9613 53
9614 51
9615 54
9616 50
9617 54
9618 51
9619 53
9620 51
9621 54
9622 51
9623 54
9624 52
9625 54
9626 51
9627 55
9628 51
9629 54
9630 52
9631 55
9632 60
9633 52
9634 52
9635 53
9636 53
9637 56
9638 51
9639 53
9640 52
9641 54
9642 52
9643 55
9644 53
9645 56
9646 53
9647 54
9648 52
9649 56
9650 53
9651 55
9652 51
9653 56
9654 52
9655 57
9656 54
9657 54
9658 52
9659 55
9660 53
9661 53
9662 54
9663 53
9664 56
9665 54
9666 53
9667 55
9668 53
9669 54
9670 52
9671 55
9672 52
9673 55
9674 53
9675 55
9676 53
9677 54
9678 53
9679 55
9680 54
9681 56
9682 54
9683 57
9684 55
9685 56
9686 53
9687 55
9688 54
9689 55
9690 52
9691 53
9692 53
9693 54
9694 53
9695 54
9696 60
9697 56
9698 54
9699 55
9700 53
9701 54
9702 54
9703 50
9704 54
9705 50
9706 54
9707 51
9708 55
9709 50
9710 54
9711 51
9712 52
9713 52
9714 53
9715 51
9716 57
9717 51
9718 53
9719 51
9720 54
9721 52
9722 54
9723 52
9724 55
9725 52
9726 54
9727 51
9728 64
9729 52
9730 54
9731 52
9732 55
9733 52
9734 55
9735 53
9736 54
9737 52
9738 53
9739 51
9740 53
9741 52
9742 54
9743 54
9744 56
9745 52
9746 54
9747 53
9748 55
9749 54
9750 55
9751 54
9752 56
9753 53
9754 54
9755 52
9756 55
9757 52
9758 56
9759 53
9760 56
9761 54
9762 56
9763 53
9764 56
9765 54
9766 53
9767 54
9768 54
9769 56
9770 54
9771 53
9772 54
9773 52
9774 55
9775 53
9776 54
9777 53
9778 55
9779 55
9780 55
9781 54
9782 56
9783 53
9784 56
9785 54
9786 55
9787 55
9788 57
9789 55
9790 56
9791 55
9792 60
9793 52
9794 57
9795 53
9796 53
9797 54
9798 54
9799 53
9800 56
9801 54
9802 50
9803 57
9804 50
9805 54
9806 51
9807 54
9808 56
9809 56
9810 51
9811 55
9812 51
9813 55
9814 52
9815 55
9816 58
9817 53
9818 51
9819 53
9820 52
9821 54
9822 52
9823 57
9824 60
9825 54
9826 52
9827 55
9828 51
9829 55
9830 52
9831 55
9832 54
9833 54
9834 52
9835 55
9836 53
9837 54
9838 53
9839 55
9840 56
9841 56
9842 52
9843 53
9844 52
9845 54
9846 53
9847 54
9848 56
9849 56
9850 53
9851 55
9852 53
9853 54
9854 54
9855 55
9856 64
9857 57
9858 52
9859 55
9860 53
9861 56
9862 53
9863 55
9864 56
9865 56
9866 54
9867 56
9868 53
9869 58
9870 54
9871 53
9872 56
9873 54
9874 55
9875 55
9876 52
9877 54
9878 53
9879 55
9880 58
9881 55
9882 53
9883 55
9884 54
9885 55
9886 55
9887 57
9888 60
9889 56
9890 54
9891 56
9892 55
9893 57
9894 55
9895 55
9896 60
9897 56
9898 53
9899 57
9900 53
9901 50
9902 54
9903 51
9904 54
9905 51
9906 54
9907 51
9908 55
9909 52
9910 55
9911 51
9912 56
9913 52
9914 54
9915 52
9916 55
9917 53
9918 56
9919 51
9920 60
9921 52
9922 53
9923 53
9924 54
9925 52
9926 54
9927 53
9928 56
9929 54
9930 55
9931 52
9932 54
9933 52
9934 55
9935 53
9936 58
9937 54
9938 56
9939 53
9940 55
9941 54
9942 55
9943 53
9944 60
9945 52
9946 55
9947 53
9948 53
9949 53
9950 54
9951 55
9952 64
9953 54
9954 54
9955 53
9956 55
9957 54
9958 56
9959 54
9960 58
9961 52
9962 55
9963 53
9964 57
9965 54
9966 56
9967 53
9968 58
9969 54
9970 56
9971 56
9972 55
9973 54
9974 56
9975 54
9976 60
9977 54
9978 54
9979 55
9980 54
9981 53
9982 55
9983 53
9984 56
9985 54
9986 55
9987 55
9988 56
9989 54
9990 55
9991 55
9992 56
9993 55
9994 55
9995 56
9996 56
9997 54
9998 57
9999 55
10000 50
10001 56
10002 51
10003 53
10004 51
10005 54
10006 51
10007 54
10008 52
10009 55
10010 52
10011 55
10012 51
10013 54
10014 52
10015 55
10016 52
10017 56
10018 52
10019 56
10020 53
10021 56
10022 52
10023 55
10024 52
10025 56
10026 53
10027 53
10028 57
10029 54
10030 53
10031 57
10032 54
10033 54
10034 52
10035 55
10036 53
10037 56
10038 53
10039 57
10040 54
10041 55
10042 54
10043 57
10044 53
10045 56
10046 54
10047 58
10048 52
10049 58
10050 53
10051 55
10052 55
10053 56
10054 53
10055 54
10056 54
10057 54
10058 55
10059 55
10060 57
10061 56
10062 54
10063 55
10064 54
10065 56
10066 53
10067 56
10068 53
10069 56
10070 54
10071 55
10072 54
10073 56
10074 54
10075 57
10076 55
10077 58
10078 55
10079 57
10080 56
10081 56
10082 54
10083 56
10084 55
10085 54
10086 53
10087 55
10088 54
10089 55
10090 54
10091 57
10092 57
10093 56
10094 55
10095 55
10096 54
10097 56
10098 55
10099 55
10100 55
10101 51
10102 55
10103 51
10104 56
10105 52
10106 55
10107 51
10108 53
10109 52
10110 54
10111 53
10112 64
10113 52
10114 54
10115 52
10116 55
10117 52
10118 55
10119 53
10120 56
10121 53
10122 55
10123 53
10124 56
10125 52
10126 56
10127 53
10128 58
10129 53
10130 57
10131 53
10132 55
10133 54
10134 54
10135 53
10136 54
10137 52
10138 55
10139 53
10140 57
10141 55
10142 55
10143 53
10144 56
10145 54
10146 56
10147 55
10148 57
10149 55
10150 55
10151 54
10152 56
10153 53
10154 57
10155 53
10156 58
10157 54
10158 57
10159 55
10160 58
10161 54
10162 54
10163 55
10164 55
10165 55
10166 55
10167 57
10168 58
10169 54
10170 56
10171 53
10172 55
10173 54
10174 56
10175 54
10176 56
10177 56
10178 57
10179 55
10180 57
10181 54
10182 56
10183 55
10184 58
10185 56
10186 57
10187 56
10188 57
10189 56
10190 58
10191 53
10192 54
10193 54
10194 55
10195 55
10196 57
10197 54
10198 55
10199 55
10200 56
10201 56
10202 51
10203 55
10204 51
10205 55
10206 52
10207 57
10208 60
10209 56
10210 52
10211 56
10212 52
10213 56
10214 53
10215 54
10216 56
10217 54
10218 52
10219 55
10220 53
10221 58
10222 53
10223 55
10224 58
10225 56
10226 53
10227 56
10228 52
10229 56
10230 53
10231 55
10232 60
10233 56
10234 53
10235 57
10236 54
10237 56
10238 54
10239 57
10240 64
10241 54
10242 53
10243 55
10244 53
10245 55
10246 54
10247 57
10248 58
10249 56
10250 54
10251 55
10252 54
10253 56
10254 55
10255 57
10256 58
10257 56
10258 53
10259 57
10260 54
10261 56
10262 54
10263 58
10264 56
10265 57
10266 55
10267 59
10268 54
10269 54
10270 55
10271 55
10272 56
10273 56
10274 56
10275 55
10276 53
10277 56
10278 54
10279 57
10280 58
10281 58
10282 54
10283 56
10284 55
10285 58
10286 56
10287 57
10288 58
10289 57
10290 55
10291 57
10292 56
10293 56
10294 56
10295 57
10296 58
10297 58
10298 54
10299 59
10300 54
10301 55
10302 55
10303 51
10304 60
10305 52
10306 55
10307 52
10308 56
10309 52
10310 56
10311 53
10312 58
10313 52
10314 55
10315 53
10316 56
10317 53
10318 57
10319 54
10320 58
10321 52
10322 54
10323 53
10324 55
10325 54
10326 55
10327 53
10328 58
10329 54
10330 56
10331 55
10332 55
10333 53
10334 56
10335 53
10336 60
10337 54
10338 57
10339 55
10340 56
10341 54
10342 56
10343 55
10344 56
10345 54
10346 57
10347 53
10348 54
10349 54
10350 55
10351 54
10352 58
10353 56
10354 55
10355 55
10356 56
10357 54
10358 57
10359 55
10360 58
10361 55
10362 56
10363 53
10364 57
10365 54
10366 57
10367 55
10368 64
10369 54
10370 57
10371 55
10372 56
10373 56
10374 57
10375 55
10376 60
10377 55
10378 55
10379 55
10380 55
10381 56
10382 56
10383 54
10384 58
10385 54
10386 56
10387 55
10388 57
10389 56
10390 57
10391 55
10392 60
10393 56
10394 56
10395 56
10396 57
10397 57
10398 58
10399 55
10400 60
10401 56
10402 57
10403 57
10404 51
10405 54
10406 52
10407 55
10408 52
10409 55
10410 52
10411 56
10412 53
10413 56
10414 53
10415 55
10416 52
10417 56
10418 53
10419 57
10420 53
10421 57
10422 53
10423 57
10424 54
10425 56
10426 53
10427 57
10428 53
10429 54
10430 54
10431 55
10432 56
10433 58
10434 54
10435 55
10436 55
10437 56
10438 53
10439 57
10440 54
10441 58
10442 54
10443 56
10444 55
10445 58
10446 55
10447 57
10448 54
10449 59
10450 55
10451 60
10452 53
10453 56
10454 54
10455 57
10456 56
10457 55
10458 54
10459 55
10460 55
10461 56
10462 56
10463 57
10464 60
10465 56
10466 55
10467 57
10468 55
10469 57
10470 54
10471 57
10472 54
10473 56
10474 55
10475 57
10476 55
10477 58
10478 55
10479 58
10480 56
10481 58
10482 56
10483 57
10484 56
10485 57
10486 55
10487 55
10488 56
10489 56
10490 54
10491 56
10492 55
10493 58
10494 55
10495 57
10496 64
10497 56
10498 56
10499 57
10500 55
10501 58
10502 56
10503 57
10504 56
10505 58
10506 56
10507 52
10508 57
10509 52
10510 56
10511 53
10512 54
10513 52
10514 55
10515 53
10516 59
10517 54
10518 55
10519 53
10520 56
10521 53
10522 56
10523 53
10524 57
10525 54
10526 56
10527 54
10528 60
10529 54
10530 57
10531 53
10532 57
10533 54
10534 57
10535 54
10536 56
10537 54
10538 55
10539 55
10540 55
10541 54
10542 56
10543 53
10544 58
10545 54
10546 56
10547 56
10548 57
10549 54
10550 57
10551 55
10552 58
10553 56
10554 56
10555 56
10556 57
10557 55
10558 58
10559 54
10560 64
10561 54
10562 58
10563 55
10564 56
10565 56
10566 55
10567 55
10568 56
10569 56
10570 56
10571 56
10572 58
10573 58
10574 57
10575 55
10576 56
10577 54
10578 57
10579 55
10580 57
10581 55
10582 58
10583 57
10584 58
10585 56
10586 57
10587 55
10588 57
10589 56
10590 58
10591 57
10592 60
10593 56
10594 58
10595 57
10596 55
10597 54
10598 56
10599 55
10600 58
10601 56
10602 56
10603 55
10604 57
10605 56
10606 59
10607 59
10608 58
10609 56
10610 52
10611 56
10612 52
10613 58
10614 53
10615 57
10616 60
10617 57
10618 53
10619 57
10620 53
10621 55
10622 54
10623 55
10624 64
10625 56
10626 53
10627 59
10628 54
10629 56
10630 54
10631 57
10632 56
10633 56
10634 54
10635 57
10636 53
10637 56
10638 54
10639 57
10640 58
10641 58
10642 54
10643 57
10644 55
10645 58
10646 55
10647 55
10648 58
10649 56
10650 54
10651 56
10652 54
10653 58
10654 55
10655 57
10656 60
10657 56
10658 55
10659 57
10660 55
10661 59
10662 56
10663 57
10664 60
10665 58
10666 54
10667 57
10668 55
10669 59
10670 55
10671 58
10672 58
10673 60
10674 56
10675 55
10676 55
10677 56
10678 56
10679 57
10680 60
10681 56
10682 57
10683 57
10684 54
10685 58
10686 55
10687 59
10688 60
10689 57
10690 55
10691 59
10692 56
10693 58
10694 57
10695 58
10696 62
10697 60
10698 56
10699 57
10700 57
10701 58
10702 57
10703 58
10704 56
10705 58
10706 55
10707 56
10708 55
10709 56
10710 56
10711 57
10712 58
10713 52
10714 56
10715 53
10716 57
10717 53
10718 57
10719 53
10720 64
10721 54
10722 56
10723 53
10724 57
10725 54
10726 58
10727 54
10728 58
10729 55
10730 55
10731 53
10732 56
10733 54
10734 56
10735 55
10736 60
10737 54
10738 57
10739 55
10740 56
10741 56
10742 57
10743 54
10744 62
10745 54
10746 57
10747 55
10748 57
10749 56
10750 57
10751 55
10752 64
10753 56
10754 58
10755 55
10756 55
10757 54
10758 56
10759 55
10760 60
10761 55
10762 56
10763 57
10764 57
10765 56
10766 58
10767 55
10768 58
10769 56
10770 57
10771 56
10772 60
10773 54
10774 58
10775 55
10776 60
10777 56
10778 58
10779 55
10780 57
10781 56
10782 58
10783 57
10784 64
10785 56
10786 56
10787 56
10788 56
10789 56
10790 57
10791 57
10792 58
10793 55
10794 57
10795 55
10796 58
10797 56
10798 58
10799 57
10800 58
10801 56
10802 57
10803 57
10804 58
10805 57
10806 59
10807 58
10808 60
10809 56
10810 58
10811 57
10812 59
10813 58
10814 58
10815 55
10816 52
10817 56
10818 53
10819 56
10820 53
10821 57
10822 53
10823 57
10824 54
10825 56
10826 54
10827 57
10828 53
10829 58
10830 54
10831 58
10832 54
10833 58
10834 54
10835 57
10836 55
10837 58
10838 54
10839 55
10840 54
10841 56
10842 55
10843 59
10844 59
10845 56
10846 55
10847 57
10848 56
10849 58
10850 54
10851 59
10852 55
10853 57
10854 55
10855 59
10856 56
10857 58
10858 56
10859 57
10860 55
10861 58
10862 56
10863 57
10864 54
10865 58
10866 55
10867 56
10868 57
10869 56
10870 55
10871 57
10872 56
10873 58
10874 57
10875 57
10876 58
10877 58
10878 56
10879 58
10880 56
10881 58
10882 55
10883 57
10884 55
10885 58
10886 56
10887 59
10888 56
10889 60
10890 56
10891 59
10892 57
10893 58
10894 57
10895 58
10896 58
10897 56
10898 56
10899 57
10900 57
10901 57
10902 55
10903 57
10904 56
10905 58
10906 56
10907 57
10908 59
10909 58
10910 57
10911 59
10912 56
10913 59
10914 57
10915 59
10916 57
10917 58
10918 57
10919 61
10920 58
10921 53
10922 57
10923 53
10924 55
10925 54
10926 56
10927 53
10928 60
10929 54
10930 56
10931 55
10932 57
10933 54
10934 57
10935 54
10936 58
10937 54
10938 57
10939 55
10940 58
10941 55
10942 58
10943 55
10944 60
10945 54
10946 59
10947 55
10948 57
10949 55
10950 56
10951 55
10952 56
10953 56
10954 57
10955 55
10956 59
10957 54
10958 57
10959 55
10960 58
10961 57
10962 58
10963 55
10964 59
10965 56
10966 57
10967 57
10968 58
10969 57
10970 59
10971 56
10972 57
10973 55
10974 58
10975 55
10976 60
10977 56
10978 56
10979 57
10980 57
10981 56
10982 57
10983 57
10984 60
10985 57
10986 58
10987 59
10988 57
10989 56
10990 58
10991 55
10992 58
10993 56
10994 59
10995 56
10996 59
10997 58
10998 58
10999 57
11000 60
11001 56
11002 59
11003 57
11004 60
11005 58
11006 60
11007 58
11008 56
11009 58
11010 57
11011 55
11012 59
11013 56
11014 57
11015 57
11016 58
11017 56
11018 58
11019 57
11020 58
11021 60
11022 58
11023 57
11024 62
11025 57
11026 53
11027 60
11028 53
11029 58
11030 54
11031 58
11032 58
11033 58
11034 54
11035 56
11036 54
11037 56
11038 55
11039 57
11040 60
11041 60
11042 54
11043 57
11044 55
11045 58
11046 55
11047 58
11048 60
11049 58
11050 55
11051 57
11052 54
11053 58
11054 55
11055 59
11056 60
11057 58
11058 55
11059 59
11060 56
11061 56
11062 56
11063 57
11064 60
11065 57
11066 55
11067 59
11068 55
11069 58
11070 56
11071 57
11072 60
11073 58
11074 56
11075 60
11076 56
11077 58
11078 57
11079 59
11080 58
11081 58
11082 55
11083 60
11084 56
11085 59
11086 56
11087 58
11088 58
11089 56
11090 57
11091 57
11092 56
11093 58
11094 57
11095 57
11096 60
11097 58
11098 58
11099 60
11100 55
11101 60
11102 56
11103 58
11104 60
11105 60
11106 56
11107 59
11108 57
11109 59
11110 58
11111 59
11112 60
11113 58
11114 57
11115 59
11116 57
11117 60
11118 58
11119 59
11120 60
11121 57
11122 56
11123 57
11124 56
11125 58
11126 57
11127 59
11128 62
11129 58
11130 57
11131 53
11132 58
11133 54
11134 58
11135 54
11136 64
11137 54
11138 57
11139 55
11140 58
11141 54
11142 59
11143 55
11144 60
11145 55
11146 56
11147 56
11148 57
11149 54
11150 57
11151 55
11152 62
11153 56
11154 58
11155 55
11156 57
11157 56
11158 58
11159 57
11160 58
11161 55
11162 59
11163 55
11164 58
11165 56
11166 58
11167 57
11168 60
11169 56
11170 59
11171 57
11172 56
11173 56
11174 57
11175 55
11176 60
11177 56
11178 57
11179 56
11180 58
11181 58
11182 59
11183 57
11184 64
11185 56
11186 58
11187 57
11188 61
11189 57
11190 59
11191 55
11192 62
11193 56
11194 59
11195 57
11196 58
11197 56
11198 59
11199 57
11200 60
11201 59
11202 57
11203 57
11204 57
11205 57
11206 58
11207 57
11208 62
11209 58
11210 58
11211 56
11212 59
11213 56
11214 59
11215 57
11216 62
11217 58
11218 58
11219 57
11220 59
11221 58
11222 60
11223 58
11224 62
11225 59
11226 59
11227 57
11228 60
11229 58
11230 59
11231 58
11232 64
11233 56
11234 57
11235 57
11236 53
11237 57
11238 54
11239 58
11240 54
11241 58
11242 54
11243 57
11244 55
11245 58
11246 55
11247 59
11248 54
11249 59
11250 55
11251 59
11252 55
11253 58
11254 55
11255 59
11256 56
11257 56
11258 55
11259 57
11260 55
11261 60
11262 56
11263 57
11264 80
11265 58
11266 56
11267 59
11268 57
11269 60
11270 55
11271 58
11272 56
11273 58
11274 56
11275 59
11276 57
11277 59
11278 57
11279 62
11280 56
11281 58
11282 57
11283 59
11284 55
11285 57
11286 56
11287 57
11288 58
11289 58
11290 56
11291 59
11292 57
11293 58
11294 58
11295 59
11296 64
11297 59
11298 57
11299 59
11300 57
11301 58
11302 56
11303 59
11304 56
11305 60
11306 57
11307 61
11308 57
11309 60
11310 57
11311 59
11312 58
11313 59
11314 58
11315 57
11316 59
11317 58
11318 57
11319 58
11320 58
11321 60
11322 56
11323 59
11324 57
11325 58
11326 57
11327 59
11328 64
11329 60
11330 58
11331 60
11332 57
11333 60
11334 58
11335 59
11336 58
11337 62
11338 58
11339 60
11340 59
11341 60
11342 58
11343 54
11344 56
11345 54
11346 57
11347 55
11348 59
11349 54
11350 57
11351 55
11352 58
11353 56
11354 58
11355 55
11356 59
11357 55
11358 58
11359 55
11360 60
11361 56
11362 59
11363 56
11364 61
11365 56
11366 60
11367 55
11368 58
11369 56
11370 57
11371 56
11372 57
11373 56
11374 58
11375 57
11376 60
11377 56
11378 58
11379 55
11380 59
11381 56
11382 59
11383 58
11384 60
11385 56
11386 58
11387 57
11388 58
11389 58
11390 59
11391 58
11392 64
11393 57
11394 59
11395 56
11396 60
11397 56
11398 57
11399 57
11400 58
11401 58
11402 58
11403 57
11404 59
11405 58
11406 59
11407 58
11408 58
11409 60
11410 59
11411 57
11412 59
11413 56
11414 60
11415 57
11416 60
11417 57
11418 59
11419 59
11420 61
11421 58
11422 60
11423 57
11424 64
11425 58
11426 61
11427 59
11428 57
11429 59
11430 58
11431 59
11432 60
11433 56
11434 58
11435 57
11436 59
11437 58
11438 60
11439 57
11440 60
11441 58
11442 59
11443 61
11444 61
11445 58
11446 60
11447 58
11448 62
11449 62
11450 54
11451 59
11452 54
11453 59
11454 55
11455 59
11456 68
11457 57
11458 55
11459 57
11460 55
11461 58
11462 56
11463 59
11464 58
11465 58
11466 55
11467 59
11468 56
11469 59
11470 56
11471 59
11472 60
11473 58
11474 56
11475 59
11476 55
11477 60
11478 56
11479 59
11480 60
11481 60
11482 56
11483 57
11484 57
11485 58
11486 57
11487 58
11488 68
11489 60
11490 56
11491 59
11492 56
11493 58
11494 57
11495 59
11496 62
11497 61
11498 57
11499 59
11500 57
11501 60
11502 58
11503 59
11504 60
11505 59
11506 56
11507 59
11508 57
11509 60
11510 57
11511 57
11512 62
11513 58
11514 58
11515 59
11516 57
11517 58
11518 58
11519 59
11520 64
11521 60
11522 59
11523 60
11524 56
11525 59
11526 57
11527 61
11528 62
11529 60
11530 57
11531 60
11532 58
11533 61
11534 59
11535 59
11536 58
11537 60
11538 58
11539 61
11540 59
11541 62
11542 59
11543 58
11544 60
11545 58
11546 57
11547 59
11548 57
11549 60
11550 58
11551 59
11552 64
11553 60
11554 58
11555 60
11556 59
11557 54
11558 59
11559 55
11560 60
11561 55
11562 58
11563 55
11564 59
11565 56
11566 60
11567 55
11568 62
11569 56
11570 57
11571 56
11572 58
11573 57
11574 58
11575 55
11576 64
11577 56
11578 59
11579 57
11580 58
11581 56
11582 59
11583 57
11584 60
11585 58
11586 60
11587 56
11588 59
11589 56
11590 59
11591 57
11592 62
11593 58
11594 60
11595 57
11596 57
11597 58
11598 58
11599 57
11600 64
11601 56
11602 58
11603 57
11604 59
11605 57
11606 60
11607 59
11608 62
11609 58
11610 59
11611 57
11612 62
11613 58
11614 60
11615 58
11616 64
11617 56
11618 60
11619 57
11620 59
11621 58
11622 59
11623 57
11624 60
11625 58
11626 58
11627 60
11628 58
11629 58
11630 59
11631 58
11632 60
11633 58
11634 59
11635 59
11636 60
11637 57
11638 60
11639 57
11640 62
11641 58
11642 59
11643 59
11644 60
11645 58
11646 61
11647 59
11648 72
11649 59
11650 60
11651 60
11652 61
11653 58
11654 60
11655 59
11656 62
11657 60
11658 58
11659 57
11660 59
11661 58
11662 59
11663 58
11664 54
11665 59
11666 55
11667 59
11668 55
11669 58
11670 55
11671 59
11672 56
11673 60
11674 56
11675 60
11676 55
11677 60
11678 56
11679 59
11680 56
11681 60
11682 56
11683 57
11684 57
11685 58
11686 56
11687 61
11688 56
11689 58
11690 57
11691 59
11692 58
11693 60
11694 57
11695 59
11696 58
11697 59
11698 56
11699 60
11700 57
11701 60
11702 57
11703 61
11704 58
11705 60
11706 58
11707 59
11708 57
11709 60
11710 58
11711 58
11712 56
11713 58
11714 57
11715 59
11716 59
11717 60
11718 57
11719 59
11720 58
11721 60
11722 59
11723 60
11724 61
11725 60
11726 58
11727 59
11728 58
11729 60
11730 57
11731 61
11732 57
11733 62
11734 58
11735 61
11736 58
11737 60
11738 58
11739 59
11740 59
11741 58
11742 59
11743 59
11744 60
11745 59
11746 58
11747 61
11748 59
11749 60
11750 57
11751 59
11752 58
11753 60
11754 58
11755 61
11756 62
11757 61
11758 59
11759 61
11760 58
11761 60
11762 59
11763 61
11764 59
11765 61
11766 59
11767 61
11768 60
11769 62
11770 59
11771 61
11772 57
11773 55
11774 58
11775 55
11776 80
11777 56
11778 58
11779 55
11780 59
11781 56
11782 59
11783 57
11784 60
11785 56
11786 59
11787 56
11788 61
11789 56
11790 60
11791 57
11792 62
11793 57
11794 61
11795 57
11796 59
11797 56
11798 58
11799 57
11800 58
11801 57
11802 59
11803 57
11804 61
11805 58
11806 59
11807 57
11808 60
11809 56
11810 60
11811 57
11812 59
11813 59
11814 59
11815 57
11816 60
11817 58
11818 60
11819 59
11820 61
11821 59
11822 61
11823 58
11824 60
11825 57
11826 58
11827 57
11828 59
11829 58
11830 59
11831 59
11832 62
11833 58
11834 60
11835 59
11836 59
11837 59
11838 60
11839 61
11840 60
11841 58
11842 61
11843 57
11844 61
11845 58
11846 60
11847 58
11848 62
11849 60
11850 61
11851 59
11852 63
11853 58
11854 62
11855 59
11856 58
11857 60
11858 59
11859 60
11860 60
11861 60
11862 59
11863 57
11864 60
11865 58
11866 61
11867 59
11868 61
11869 58
11870 60
11871 59
11872 64
11873 62
11874 61
11875 59
11876 62
11877 59
11878 61
11879 61
11880 60
11881 60
11882 55
11883 60
11884 55
11885 60
11886 56
11887 58
11888 62
11889 58
11890 56
11891 59
11892 56
11893 60
11894 57
11895 59
11896 64
11897 60
11898 56
11899 60
11900 57
11901 60
11902 57
11903 59
11904 64
11905 60
11906 57
11907 61
11908 56
11909 60
11910 57
11911 61
11912 62
11913 58
11914 57
11915 59
11916 58
11917 59
11918 58
11919 61
11920 62
11921 60
11922 57
11923 59
11924 57
11925 60
11926 58
11927 62
11928 60
11929 60
11930 58
11931 60
11932 58
11933 60
11934 59
11935 61
11936 60
11937 61
11938 57
11939 61
11940 58
11941 58
11942 58
11943 59
11944 62
11945 60
11946 59
11947 59
11948 58
11949 60
11950 59
11951 62
11952 62
11953 62
11954 60
11955 60
11956 57
11957 62
11958 58
11959 61
11960 62
11961 61
11962 58
11963 63
11964 59
11965 60
11966 60
11967 61
11968 64
11969 62
11970 59
11971 63
11972 60
11973 59
11974 60
11975 59
11976 64
11977 60
11978 58
11979 61
11980 58
11981 60
11982 59
11983 61
11984 66
11985 61
11986 59
11987 61
11988 60
11989 60
11990 60
11991 55
11992 62
11993 56
11994 59
11995 56
11996 60
11997 56
11998 61
11999 57
12000 64
12001 56
12002 58
12003 57
12004 59
12005 57
12006 59
12007 58
12008 60
12009 56
12010 60
12011 57
12012 59
12013 58
12014 60
12015 57
12016 62
12017 58
12018 61
12019 59
12020 60
12021 57
12022 60
12023 57
12024 62
12025 58
12026 61
12027 59
12028 58
12029 58
12030 59
12031 59
12032 72
12033 58
12034 59
12035 57
12036 60
12037 58
12038 61
12039 58
12040 64
12041 60
12042 60
12043 59
12044 63
12045 58
12046 61
12047 59
12048 62
12049 59
12050 60
12051 57
12052 60
12053 58
12054 61
12055 59
12056 64
12057 58
12058 59
12059 59
12060 59
12061 61
12062 60
12063 59
12064 64
12065 59
12066 60
12067 59
12068 61
12069 60
12070 61
12071 58
12072 62
12073 58
12074 60
12075 59
12076 61
12077 60
12078 62
12079 59
12080 64
12081 60
12082 61
12083 60
12084 62
12085 60
12086 61
12087 59
12088 64
12089 60
12090 59
12091 61
12092 60
12093 58
12094 60
12095 59
12096 60
12097 59
12098 61
12099 60
12100 55
12101 60
12102 56
12103 59
12104 56
12105 60
12106 56
12107 61
12108 57
12109 61
12110 57
12111 61
12112 56
12113 60
12114 57
12115 61
12116 57
12117 58
12118 57
12119 59
12120 58
12121 62
12122 57
12123 59
12124 57
12125 60
12126 58
12127 61
12128 64
12129 61
12130 58
12131 60
12132 59
12133 62
12134 57
12135 61
12136 58
12137 62
12138 58
12139 63
12140 59
12141 60
12142 59
12143 61
12144 58
12145 59
12146 59
12147 59
12148 57
12149 60
12150 58
12151 61
12152 60
12153 60
12154 58
12155 61
12156 59
12157 61
12158 60
12159 61
12160 72
12161 60
12162 59
12163 61
12164 59
12165 62
12166 58
12167 63
12168 58
12169 60
12170 59
12171 61
12172 59
12173 61
12174 59
12175 59
12176 60
12177 60
12178 60
12179 60
12180 61
12181 62
12182 59
12183 61
12184 60
12185 60
12186 58
12187 61
12188 59
12189 62
12190 59
12191 62
12192 64
12193 62
12194 60
12195 61
12196 59
12197 63
12198 60
12199 62
12200 60
12201 62
12202 60
12203 63
12204 61
12205 62
12206 60
12207 59
12208 58
12209 60
12210 59
12211 56
12212 61
12213 56
12214 59
12215 57
12216 60
12217 56
12218 60
12219 57
12220 61
12221 58
12222 60
12223 57
12224 68
12225 57
12226 61
12227 57
12228 63
12229 58
12230 62
12231 58
12232 60
12233 58
12234 59
12235 57
12236 59
12237 58
12238 60
12239 58
12240 62
12241 58
12242 60
12243 59
12244 60
12245 58
12246 61
12247 57
12248 62
12249 58
12250 60
12251 60
12252 61
12253 58
12254 62
12255 59
12256 68
12257 60
12258 62
12259 60
12260 63
12261 59
12262 59
12263 58
12264 60
12265 58
12266 60
12267 59
12268 62
12269 60
12270 61
12271 59
12272 60
12273 60
12274 61
12275 60
12276 61
12277 62
12278 62
12279 59
12280 62
12281 58
12282 61
12283 59
12284 63
12285 59
12286 62
12287 61
12288 64
12289 60
12290 61
12291 59
12292 59
12293 60
12294 60
12295 61
12296 62
12297 61
12298 60
12299 61
12300 61
12301 58
12302 63
12303 59
12304 62
12305 60
12306 61
12307 59
12308 63
12309 60
12310 62
12311 63
12312 62
12313 60
12314 62
12315 60
12316 61
12317 64
12318 62
12319 61
12320 64
12321 60
12322 56
12323 61
12324 56
12325 59
12326 57
12327 59
12328 60
12329 60
12330 57
12331 63
12332 57
12333 60
12334 58
12335 61
12336 62
12337 61
12338 57
12339 61
12340 58
12341 60
12342 58
12343 61
12344 62
12345 62
12346 58
12347 61
12348 57
12349 62
12350 58
12351 59
12352 64
12353 60
12354 58
12355 60
12356 59
12357 62
12358 59
12359 61
12360 64
12361 60
12362 58
12363 61
12364 58
12365 61
12366 59
12367 61
12368 62
12369 62
12370 59
12371 61
12372 59
12373 62
12374 60
12375 62
12376 64
12377 62
12378 58
12379 59
12380 59
12381 60
12382 59
12383 61
12384 68
12385 60
12386 60
12387 61
12388 59
12389 63
12390 60
12391 63
12392 66
12393 61
12394 61
12395 63
12396 58
12397 62
12398 59
12399 62
12400 60
12401 64
12402 59
12403 61
12404 60
12405 62
12406 61
12407 63
12408 62
12409 64
12410 60
12411 60
12412 61
12413 60
12414 61
12415 61
12416 72
12417 62
12418 59
12419 61
12420 59
12421 62
12422 60
12423 62
12424 62
12425 64
12426 60
12427 61
12428 61
12429 62
12430 61
12431 63
12432 62
12433 56
12434 60
12435 57
12436 61
12437 57
12438 62
12439 57
12440 64
12441 58
12442 59
12443 57
12444 60
12445 58
12446 60
12447 58
12448 68
12449 59
12450 61
12451 57
12452 60
12453 58
12454 61
12455 59
12456 64
12457 58
12458 62
12459 59
12460 61
12461 60
12462 61
12463 58
12464 66
12465 58
12466 62
12467 59
12468 59
12469 60
12470 60
12471 59
12472 66
12473 60
12474 60
12475 59
12476 61
12477 58
12478 62
12479 59
12480 68
12481 59
12482 61
12483 61
12484 63
12485 60
12486 61
12487 59
12488 62
12489 60
12490 62
12491 60
12492 61
12493 58
12494 62
12495 59
12496 62
12497 60
12498 60
12499 59
12500 60
12501 60
12502 61
12503 62
12504 64
12505 60
12506 61
12507 60
12508 62
12509 60
12510 62
12511 61
12512 72
12513 59
12514 61
12515 59
12516 62
12517 60
12518 63
12519 61
12520 64
12521 60
12522 62
12523 61
12524 63
12525 61
12526 62
12527 62
12528 66
12529 60
12530 60
12531 61
12532 61
12533 62
12534 61
12535 59
12536 66
12537 60
12538 62
12539 60
12540 61
12541 61
12542 62
12543 61
12544 56
12545 60
12546 57
12547 61
12548 57
12549 62
12550 57
12551 62
12552 58
12553 62
12554 58
12555 61
12556 57
12557 62
12558 58
12559 59
12560 58
12561 60
12562 58
12563 61
12564 59
12565 60
12566 58
12567 61
12568 58
12569 62
12570 59
12571 63
12572 62
12573 61
12574 59
12575 63
12576 60
12577 62
12578 58
12579 64
12580 59
12581 64
12582 59
12583 61
12584 60
12585 62
12586 60
12587 60
12588 59
12589 60
12590 60
12591 61
12592 58
12593 62
12594 59
12595 61
12596 61
12597 62
12598 59
12599 62
12600 60
12601 62
12602 61
12603 61
12604 61
12605 62
12606 60
12607 61
12608 60
12609 62
12610 59
12611 63
12612 59
12613 62
12614 60
12615 62
12616 60
12617 60
12618 60
12619 61
12620 61
12621 61
12622 61
12623 63
12624 62
12625 62
12626 60
12627 61
12628 61
12629 62
12630 59
12631 63
12632 60
12633 63
12634 60
12635 63
12636 63
12637 62
12638 61
12639 65
12640 60
12641 63
12642 61
12643 63
12644 61
12645 64
12646 61
12647 63
12648 62
12649 60
12650 61
12651 61
12652 59
12653 66
12654 60
12655 61
12656 66
12657 57
12658 60
12659 57
12660 61
12661 58
12662 61
12663 57
12664 62
12665 58
12666 61
12667 59
12668 65
12669 58
12670 62
12671 58
12672 64
12673 58
12674 63
12675 59
12676 61
12677 59
12678 60
12679 59
12680 60
12681 58
12682 61
12683 59
12684 61
12685 59
12686 61
12687 59
12688 62
12689 60
12690 62
12691 59
12692 63
12693 58
12694 61
12695 59
12696 62
12697 61
12698 63
12699 59
12700 65
12701 60
12702 63
12703 61
12704 64
12705 61
12706 60
12707 60
12708 61
12709 59
12710 61
12711 59
12712 64
12713 60
12714 62
12715 61
12716 61
12717 60
12718 62
12719 61
12720 62
12721 61
12722 63
12723 61
12724 63
12725 60
12726 62
12727 59
12728 64
12729 60
12730 62
12731 60
12732 62
12733 62
12734 63
12735 61
12736 60
12737 60
12738 61
12739 61
12740 63
12741 62
12742 61
12743 62
12744 62
12745 62
12746 63
12747 59
12748 63
12749 60
12750 62
12751 61
12752 66
12753 60
12754 63
12755 61
12756 65
12757 62
12758 63
12759 61
12760 62
12761 61
12762 63
12763 61
12764 65
12765 62
12766 65
12767 62
12768 64
12769 62
12770 57
12771 60
12772 57
12773 60
12774 58
12775 61
12776 66
12777 63
12778 58
12779 61
12780 58
12781 62
12782 59
12783 62
12784 66
12785 62
12786 58
12787 61
12788 59
12789 62
12790 59
12791 63
12792 64
12793 62
12794 59
12795 63
12796 58
12797 60
12798 59
12799 61
12800 64
12801 61
12802 59
12803 63
12804 60
12805 62
12806 60
12807 61
12808 62
12809 62
12810 59
12811 63
12812 59
12813 62
12814 60
12815 63
12816 62
12817 62
12818 60
12819 64
12820 60
12821 63
12822 61
12823 63
12824 64
12825 60
12826 59
12827 61
12828 60
12829 62
12830 60
12831 61
12832 64
12833 62
12834 61
12835 64
12836 60
12837 64
12838 61
12839 62
12840 64
12841 64
12842 62
12843 63
12844 59
12845 63
12846 60
12847 65
12848 66
12849 62
12850 60
12851 63
12852 61
12853 62
12854 62
12855 63
12856 66
12857 61
12858 61
12859 61
12860 62
12861 62
12862 62
12863 63
12864 64
12865 62
12866 60
12867 63
12868 60
12869 63
12870 61
12871 63
12872 64
12873 62
12874 61
12875 63
12876 62
12877 64
12878 62
12879 63
12880 66
12881 64
12882 61
12883 57
12884 62
12885 58
12886 62
12887 58
12888 62
12889 58
12890 60
12891 59
12892 61
12893 58
12894 61
12895 59
12896 64
12897 59
12898 62
12899 60
12900 61
12901 58
12902 62
12903 59
12904 64
12905 60
12906 63
12907 59
12908 62
12909 60
12910 62
12911 61
12912 68
12913 59
12914 63
12915 59
12916 60
12917 60
12918 61
12919 61
12920 66
12921 60
12922 61
12923 61
12924 62
12925 60
12926 63
12927 59
12928 64
12929 60
12930 62
12931 60
12932 63
12933 62
12934 63
12935 61
12936 64
12937 60
12938 63
12939 61
12940 62
12941 61
12942 63
12943 59
12944 66
12945 60
12946 61
12947 61
12948 61
12949 60
12950 62
12951 61
12952 66
12953 63
12954 62
12955 61
12956 63
12957 61
12958 63
12959 61
12960 68
12961 62
12962 62
12963 60
12964 63
12965 60
12966 64
12967 61
12968 66
12969 62
12970 63
12971 61
12972 64
12973 62
12974 63
12975 62
12976 62
12977 63
12978 61
12979 61
12980 62
12981 62
12982 62
12983 63
12984 64
12985 60
12986 63
12987 61
12988 62
12989 61
12990 63
12991 62
12992 68
12993 62
12994 64
12995 61
12996 57
12997 62
12998 58
12999 63
13000 58
13001 63
13002 58
13003 63
13004 59
13005 62
13006 59
13007 63
13008 58
13009 60
13010 59
13011 61
13012 59
13013 63
13014 59
13015 61
13016 60
13017 62
13018 59
13019 63
13020 59
13021 64
13022 60
13023 62
13024 68
13025 64
13026 60
13027 63
13028 61
13029 64
13030 59
13031 66
13032 60
13033 62
13034 60
13035 63
13036 61
13037 61
13038 61
13039 61
13040 60
13041 62
13042 61
13043 63
13044 59
13045 62
13046 60
13047 63
13048 62
13049 63
13050 60
13051 63
13052 61
13053 62
13054 62
13055 63
13056 72
13057 64
13058 61
13059 63
13060 61
13061 64
13062 60
13063 63
13064 60
13065 63
13066 61
13067 61
13068 61
13069 62
13070 61
13071 62
13072 62
13073 64
13074 62
13075 63
13076 63
13077 62
13078 61
13079 63
13080 62
13081 64
13082 60
13083 64
13084 61
13085 64
13086 61
13087 63
13088 64
13089 66
13090 62
13091 64
13092 61
13093 64
13094 62
13095 65
13096 62
13097 64
13098 62
13099 61
13100 63
13101 62
13102 62
13103 63
13104 60
13105 62
13106 61
13107 63
13108 65
13109 64
13110 61
13111 58
13112 62
13113 58
13114 62
13115 59
13116 63
13117 58
13118 62
13119 59
13120 68
13121 60
13122 63
13123 59
13124 65
13125 59
13126 64
13127 59
13128 62
13129 60
13130 61
13131 60
13132 61
13133 60
13134 62
13135 59
13136 64
13137 60
13138 62
13139 60
13140 63
13141 60
13142 63
13143 61
13144 64
13145 60
13146 62
13147 59
13148 63
13149 60
13150 64
13151 62
13152 68
13153 60
13154 64
13155 61
13156 64
13157 62
13158 61
13159 62
13160 62
13161 61
13162 62
13163 60
13164 65
13165 60
13166 63
13167 61
13168 62
13169 62
13170 63
13171 61
13172 63
13173 62
13174 64
13175 62
13176 64
13177 63
13178 63
13179 61
13180 63
13181 60
13182 64
13183 61
13184 72
13185 61
13186 64
13187 63
13188 61
13189 62
13190 62
13191 61
13192 64
13193 62
13194 62
13195 63
13196 63
13197 63
13198 65
13199 63
13200 64
13201 60
13202 63
13203 61
13204 65
13205 62
13206 64
13207 61
13208 66
13209 62
13210 64
13211 65
13212 63
13213 62
13214 64
13215 62
13216 68
13217 65
13218 66
13219 63
13220 65
13221 63
13222 62
13223 63
13224 62
13225 61
13226 58
13227 61
13228 58
13229 62
13230 59
13231 65
13232 64
13233 62
13234 59
13235 63
13236 59
13237 63
13238 60
13239 63
13240 64
13241 62
13242 59
13243 63
13244 60
13245 64
13246 60
13247 63
13248 68
13249 64
13250 60
13251 61
13252 59
13253 62
13254 60
13255 62
13256 66
13257 63
13258 60
13259 63
13260 61
13261 62
13262 61
13263 63
13264 64
13265 64
13266 60
13267 63
13268 60
13269 64
13270 61
13271 63
13272 66
13273 64
13274 61
13275 64
13276 61
13277 66
13278 62
13279 61
13280 72
13281 62
13282 60
13283 63
13284 61
13285 62
13286 61
13287 63
13288 68
13289 65
13290 62
13291 65
13292 61
13293 63
13294 62
13295 65
13296 62
13297 64
13298 63
13299 64
13300 60
13301 66
13302 61
13303 63
13304 64
13305 64
13306 61
13307 64
13308 62
13309 66
13310 63
13311 62
13312 64
13313 62
13314 62
13315 63
13316 63
13317 64
13318 63
13319 63
13320 64
13321 64
13322 61
13323 64
13324 61
13325 66
13326 62
13327 63
13328 66
13329 64
13330 62
13331 65
13332 63
13333 64
13334 63
13335 65
13336 66
13337 66
13338 62
13339 64
13340 63
13341 58
13342 64
13343 59
13344 68
13345 59
13346 61
13347 59
13348 62
13349 60
13350 62
13351 59
13352 66
13353 60
13354 63
13355 60
13356 62
13357 61
13358 63
13359 59
13360 68
13361 60
13362 64
13363 61
13364 63
13365 60
13366 63
13367 61
13368 68
13369 62
13370 64
13371 60
13372 61
13373 60
13374 62
13375 61
13376 72
13377 62
13378 62
13379 61
13380 63
13381 62
13382 63
13383 61
13384 64
13385 60
13386 63
13387 61
13388 65
13389 61
13390 64
13391 63
13392 64
13393 62
13394 64
13395 61
13396 63
13397 62
13398 64
13399 62
13400 66
13401 60
13402 62
13403 61
13404 62
13405 62
13406 63
13407 61
13408 68
13409 62
13410 63
13411 64
13412 64
13413 62
13414 64
13415 62
13416 66
13417 62
13418 63
13419 63
13420 64
13421 61
13422 65
13423 61
13424 68
13425 62
13426 64
13427 63
13428 63
13429 62
13430 64
13431 63
13432 68
13433 63
13434 62
13435 64
13436 63
13437 62
13438 63
13439 63
13440 72
13441 64
13442 64
13443 61
13444 63
13445 62
13446 64
13447 62
13448 66
13449 63
13450 65
13451 63
13452 65
13453 62
13454 64
13455 63
13456 58
13457 64
13458 59
13459 64
13460 59
13461 64
13462 59
13463 63
13464 60
13465 64
13466 60
13467 61
13468 59
13469 62
13470 60
13471 65
13472 60
13473 62
13474 60
13475 63
13476 61
13477 64
13478 60
13479 65
13480 60
13481 63
13482 61
13483 65
13484 66
13485 64
13486 61
13487 66
13488 62
13489 66
13490 60
13491 63
13492 61
13493 64
13494 61
13495 62
13496 62
13497 62
13498 62
13499 63
13500 61
13501 64
13502 62
13503 63
13504 60
13505 64
13506 61
13507 63
13508 63
13509 64
13510 61
13511 63
13512 62
13513 64
13514 63
13515 65
13516 65
13517 66
13518 62
13519 65
13520 62
13521 64
13522 61
13523 64
13524 61
13525 62
13526 62
13527 63
13528 62
13529 63
13530 62
13531 65
13532 63
13533 64
13534 63
13535 63
13536 64
13537 64
13538 62
13539 65
13540 63
13541 65
13542 61
13543 65
13544 62
13545 64
13546 62
13547 67
13548 64
13549 65
13550 63
13551 65
13552 62
13553 66
13554 63
13555 64
13556 63
13557 62
13558 63
13559 63
13560 64
13561 66
13562 63
13563 63
13564 61
13565 64
13566 62
13567 66
13568 72
13569 67
13570 62
13571 64
13572 63
13573 59
13574 63
13575 59
13576 64
13577 60
13578 63
13579 59
13580 66
13581 60
13582 64
13583 61
13584 64
13585 60
13586 65
13587 60
13588 63
13589 60
13590 62
13591 61
13592 62
13593 61
13594 63
13595 61
13596 65
13597 60
13598 63
13599 61
13600 64
13601 61
13602 64
13603 61
13604 65
13605 62
13606 63
13607 61
13608 64
13609 60
13610 65
13611 61
13612 65
13613 63
13614 65
13615 61
13616 66
13617 62
13618 62
13619 63
13620 63
13621 63
13622 63
13623 62
13624 66
13625 61
13626 64
13627 61
13628 63
13629 62
13630 64
13631 63
13632 64
13633 62
13634 64
13635 63
13636 64
13637 63
13638 64
13639 65
13640 66
13641 62
13642 65
13643 61
13644 65
13645 62
13646 66
13647 62
13648 62
13649 64
13650 63
13651 63
13652 65
13653 62
13654 63
13655 63
13656 64
13657 64
13658 66
13659 64
13660 65
13661 64
13662 64
13663 61
13664 68
13665 62
13666 65
13667 63
13668 67
13669 62
13670 65
13671 63
13672 64
13673 64
13674 65
13675 63
13676 66
13677 63
13678 67
13679 65
13680 66
13681 64
13682 63
13683 64
13684 63
13685 64
13686 64
13687 62
13688 68
13689 62
13690 59
13691 63
13692 59
13693 66
13694 60
13695 63
13696 72
13697 64
13698 60
13699 64
13700 60
13701 64
13702 61
13703 63
13704 66
13705 64
13706 60
13707 65
13708 61
13709 64
13710 61
13711 65
13712 66
13713 62
13714 61
13715 63
13716 60
13717 63
13718 61
13719 65
13720 64
13721 64
13722 61
13723 63
13724 62
13725 64
13726 62
13727 66
13728 64
13729 64
13730 61
13731 65
13732 61
13733 64
13734 62
13735 66
13736 66
13737 65
13738 62
13739 67
13740 62
13741 62
13742 63
13743 63
13744 66
13745 64
13746 61
13747 63
13748 62
13749 64
13750 62
13751 66
13752 66
13753 66
13754 63
13755 64
13756 62
13757 66
13758 63
13759 65
13760 68
13761 64
13762 64
13763 65
13764 61
13765 64
13766 62
13767 65
13768 68
13769 66
13770 62
13771 65
13772 63
13773 63
13774 64
13775 63
13776 70
13777 64
13778 63
13779 65
13780 64
13781 64
13782 64
13783 65
13784 66
13785 65
13786 62
13787 67
13788 62
13789 64
13790 63
13791 65
13792 68
13793 66
13794 63
13795 65
13796 64
13797 66
13798 64
13799 67
13800 64
13801 65
13802 63
13803 67
13804 64
13805 66
13806 65
13807 59
13808 66
13809 60
13810 62
13811 60
13812 63
13813 60
13814 63
13815 61
13816 66
13817 60
13818 64
13819 61
13820 63
13821 61
13822 64
13823 62
13824 80
13825 60
13826 65
13827 61
13828 64
13829 62
13830 64
13831 61
13832 66
13833 62
13834 65
13835 63
13836 62
13837 61
13838 63
13839 61
13840 66
13841 62
13842 63
13843 63
13844 64
13845 62
13846 65
13847 63
13848 68
13849 62
13850 64
13851 61
13852 65
13853 62
13854 65
13855 62
13856 68
13857 64
13858 65
13859 63
13860 64
13861 62
13862 65
13863 63
13864 68
13865 63
13866 63
13867 61
13868 63
13869 62
13870 64
13871 63
13872 68
13873 62
13874 64
13875 63
13876 65
13877 65
13878 65
13879 63
13880 68
13881 63
13882 64
13883 63
13884 65
13885 64
13886 66
13887 62
13888 64
13889 62
13890 65
13891 63
13892 66
13893 64
13894 65
13895 63
13896 66
13897 64
13898 63
13899 64
13900 64
13901 65
13902 64
13903 63
13904 72
13905 64
13906 65
13907 65
13908 64
13909 62
13910 65
13911 63
13912 66
13913 63
13914 66
13915 64
13916 66
13917 64
13918 65
13919 63
13920 68
13921 64
13922 66
13923 65
13924 59
13925 64
13926 60
13927 65
13928 60
13929 64
13930 60
13931 65
13932 61
13933 62
13934 61
13935 63
13936 60
13937 66
13938 61
13939 63
13940 61
13941 64
13942 61
13943 65
13944 62
13945 66
13946 61
13947 64
13948 61
13949 66
13950 62
13951 65
13952 72
13953 67
13954 62
13955 68
13956 63
13957 64
13958 61
13959 65
13960 62
13961 63
13962 62
13963 63
13964 63
13965 64
13966 63
13967 65
13968 62
13969 64
13970 63
13971 65
13972 61
13973 65
13974 62
13975 65
13976 64
13977 64
13978 62
13979 65
13980 63
13981 66
13982 64
13983 66
13984 68
13985 66
13986 63
13987 65
13988 63
13989 65
13990 62
13991 63
13992 62
13993 64
13994 63
13995 64
13996 63
13997 66
13998 63
13999 65
14000 64
14001 64
14002 64
14003 65
14004 65
14005 66
14006 63
14007 66
14008 64
14009 66
14010 62
14011 65
14012 63
14013 68
14014 63
14015 66
14016 68
14017 65
14018 64
14019 65
14020 63
14021 66
14022 64
14023 63
14024 64
14025 64
14026 64
14027 67
14028 65
14029 64
14030 64
14031 65
14032 62
14033 66
14034 63
14035 67
14036 67
14037 65
14038 63
14039 66
14040 64
14041 66
14042 64
14043 60
14044 65
14045 60
14046 64
14047 61
14048 72
14049 60
14050 65
14051 61
14052 64
14053 62
14054 65
14055 61
14056 64
14057 61
14058 63
14059 61
14060 63
14061 62
14062 64
14063 62
14064 66
14065 62
14066 64
14067 61
14068 65
14069 62
14070 65
14071 62
14072 66
14073 62
14074 64
14075 63
14076 65
14077 62
14078 66
14079 61
14080 72
14081 62
14082 66
14083 64
14084 67
14085 62
14086 63
14087 63
14088 64
14089 64
14090 64
14091 64
14092 66
14093 63
14094 65
14095 62
14096 64
14097 62
14098 65
14099 63
14100 65
14101 64
14102 66
14103 63
14104 66
14105 64
14106 65
14107 64
14108 67
14109 66
14110 66
14111 63
14112 68
14113 62
14114 66
14115 63
14116 63
14117 63
14118 64
14119 65
14120 66
14121 64
14122 64
14123 63
14124 65
14125 64
14126 67
14127 65
14128 66
14129 65
14130 65
14131 65
14132 69
14133 62
14134 66
14135 63
14136 68
14137 64
14138 66
14139 63
14140 65
14141 64
14142 66
14143 65
14144 68
14145 64
14146 65
14147 64
14148 66
14149 68
14150 64
14151 65
14152 64
14153 65
14154 65
14155 65
14156 66
14157 63
14158 65
14159 63
14160 66
14161 64
14162 60
14163 67
14164 60
14165 64
14166 61
14167 65
14168 66
14169 65
14170 61
14171 65
14172 61
14173 64
14174 62
14175 65
14176 72
14177 66
14178 61
14179 65
14180 62
14181 65
14182 62
14183 63
14184 68
14185 64
14186 62
14187 64
14188 61
14189 66
14190 62
14191 65
14192 66
14193 64
14194 62
14195 65
14196 63
14197 66
14198 63
14199 65
14200 68
14201 66
14202 62
14203 65
14204 62
14205 67
14206 63
14207 66
14208 80
14209 67
14210 63
14211 63
14212 63
14213 64
14214 64
14215 65
14216 70
14217 64
14218 62
14219 65
14220 63
14221 67
14222 63
14223 67
14224 64
14225 65
14226 64
14227 65
14228 63
14229 66
14230 64
14231 66
14232 66
14233 66
14234 65
14235 65
14236 62
14237 66
14238 63
14239 67
14240 72
14241 68
14242 63
14243 64
14244 64
14245 64
14246 65
14247 65
14248 66
14249 66
14250 64
14251 65
14252 65
14253 66
14254 65
14255 66
14256 68
14257 68
14258 63
14259 65
14260 63
14261 66
14262 64
14263 67
14264 70
14265 66
14266 64
14267 67
14268 65
14269 70
14270 65
14271 66
14272 68
14273 68
14274 64
14275 65
14276 65
14277 64
14278 66
14279 65
14280 68
14281 60
14282 63
14283 61
14284 64
14285 61
14286 64
14287 61
14288 70
14289 62
14290 65
14291 61
14292 64
14293 62
14294 65
14295 62
14296 70
14297 63
14298 66
14299 61
14300 65
14301 62
14302 65
14303 63
14304 72
14305 62
14306 66
14307 63
14308 63
14309 64
14310 64
14311 62
14312 66
14313 62
14314 64
14315 63
14316 65
14317 64
14318 66
14319 63
14320 66
14321 64
14322 65
14323 63
14324 68
14325 62
14326 66
14327 63
14328 68
14329 63
14330 66
14331 65
14332 65
14333 64
14334 66
14335 63
14336 96
14337 64
14338 64
14339 64
14340 64
14341 62
14342 65
14343 63
14344 68
14345 64
14346 65
14347 63
14348 66
14349 64
14350 66
14351 66
14352 70
14353 64
14354 65
14355 64
14356 65
14357 64
14358 66
14359 65
14360 68
14361 63
14362 66
14363 63
14364 66
14365 64
14366 66
14367 65
14368 68
14369 64
14370 64
14371 65
14372 65
14373 65
14374 65
14375 66
14376 68
14377 64
14378 66
14379 65
14380 65
14381 66
14382 66
14383 63
14384 70
14385 64
14386 67
14387 64
14388 67
14389 65
14390 66
14391 65
14392 70
14393 64
14394 67
14395 65
14396 68
14397 66
14398 67
14399 66
14400 60
14401 66
14402 61
14403 65
14404 61
14405 66
14406 61
14407 63
14408 62
14409 64
14410 62
14411 67
14412 61
14413 64
14414 62
14415 65
14416 62
14417 66
14418 62
14419 67
14420 63
14421 65
14422 62
14423 67
14424 62
14425 66
14426 63
14427 67
14428 66
14429 68
14430 63
14431 65
14432 64
14433 66
14434 62
14435 64
14436 63
14437 64
14438 63
14439 65
14440 64
14441 66
14442 64
14443 65
14444 63
14445 66
14446 64
14447 66
14448 62
14449 66
14450 63
14451 65
14452 65
14453 66
14454 63
14455 67
14456 64
14457 68
14458 65
14459 67
14460 67
14461 66
14462 64
14463 66
14464 64
14465 64
14466 63
14467 65
14468 63
14469 65
14470 64
14471 67
14472 64
14473 66
14474 64
14475 65
14476 65
14477 66
14478 65
14479 67
14480 66
14481 67
14482 64
14483 67
14484 65
14485 66
14486 63
14487 66
14488 64
14489 66
14490 64
14491 67
14492 66
14493 68
14494 65
14495 67
14496 64
14497 64
14498 65
14499 65
14500 65
14501 68
14502 65
14503 65
14504 66
14505 66
14506 65
14507 69
14508 63
14509 69
14510 64
14511 66
14512 66
14513 67
14514 64
14515 67
14516 65
14517 68
14518 65
14519 69
14520 66
14521 61
14522 65
14523 61
14524 65
14525 62
14526 66
14527 61
14528 68
14529 62
14530 66
14531 63
14532 65
14533 62
14534 64
14535 62
14536 64
14537 62
14538 65
14539 63
14540 67
14541 63
14542 65
14543 63
14544 66
14545 62
14546 66
14547 63
14548 67
14549 63
14550 65
14551 63
14552 66
14553 64
14554 67
14555 63
14556 67
14557 62
14558 67
14559 63
14560 68
14561 65
14562 64
14563 63
14564 65
14565 64
14566 65
14567 65
14568 68
14569 65
14570 66
14571 64
14572 65
14573 63
14574 66
14575 63
14576 66
14577 64
14578 67
14579 65
14580 67
14581 64
14582 66
14583 65
14584 68
14585 65
14586 67
14587 67
14588 68
14589 64
14590 68
14591 63
14592 64
14593 64
14594 65
14595 64
14596 67
14597 66
14598 65
14599 65
14600 66
14601 64
14602 68
14603 65
14604 67
14605 66
14606 66
14607 66
14608 70
14609 66
14610 67
14611 63
14612 68
14613 64
14614 67
14615 65
14616 66
14617 64
14618 66
14619 65
14620 67
14621 68
14622 67
14623 65
14624 68
14625 65
14626 65
14627 69
14628 65
14629 66
14630 66
14631 66
14632 68
14633 66
14634 66
14635 64
14636 67
14637 64
14638 67
14639 65
14640 68
14641 68
14642 61
14643 65
14644 61
14645 66
14646 62
14647 66
14648 68
14649 66
14650 62
14651 65
14652 62
14653 66
14654 63
14655 66
14656 68
14657 66
14658 62
14659 67
14660 63
14661 64
14662 63
14663 65
14664 66
14665 65
14666 63
14667 67
14668 62
14669 66
14670 63
14671 65
14672 66
14673 66
14674 63
14675 68
14676 64
14677 66
14678 64
14679 67
14680 68
14681 66
14682 63
14683 68
14684 63
14685 67
14686 64
14687 69
14688 68
14689 64
14690 64
14691 65
14692 64
14693 66
14694 65
14695 65
14696 68
14697 66
14698 63
14699 68
14700 64
14701 66
14702 64
14703 66
14704 70
14705 67
14706 65
14707 67
14708 64
14709 67
14710 65
14711 67
14712 70
14713 66
14714 66
14715 67
14716 63
14717 68
14718 64
14719 69
14720 72
14721 65
14722 64
14723 65
14724 65
14725 66
14726 66
14727 67
14728 68
14729 66
14730 65
14731 67
14732 66
14733 67
14734 66
14735 69
14736 70
14737 66
14738 64
14739 67
14740 64
14741 68
14742 65
14743 67
14744 66
14745 68
14746 65
14747 71
14748 66
14749 66
14750 66
14751 67
14752 68
14753 68
14754 65
14755 65
14756 66
14757 66
14758 67
14759 66
14760 68
14761 68
14762 64
14763 61
14764 65
14765 62
14766 65
14767 62
14768 70
14769 62
14770 66
14771 63
14772 65
14773 62
14774 66
14775 63
14776 70
14777 63
14778 67
14779 64
14780 66
14781 62
14782 66
14783 63
14784 68
14785 64
14786 66
14787 63
14788 64
14789 64
14790 65
14791 65
14792 70
14793 63
14794 65
14795 63
14796 66
14797 64
14798 67
14799 65
14800 70
14801 64
14802 66
14803 65
14804 69
14805 64
14806 67
14807 63
14808 70
14809 64
14810 67
14811 64
14812 66
14813 66
14814 67
14815 65
14816 72
14817 64
14818 65
14819 65
14820 65
14821 65
14822 66
14823 63
14824 70
14825 64
14826 66
14827 65
14828 67
14829 64
14830 67
14831 65
14832 66
14833 66
14834 66
14835 65
14836 67
14837 65
14838 67
14839 65
14840 68
14841 66
14842 67
14843 64
14844 68
14845 64
14846 67
14847 65
14848 80
14849 66
14850 65
14851 65
14852 66
14853 66
14854 66
14855 66
14856 68
14857 67
14858 67
14859 65
14860 66
14861 66
14862 67
14863 67
14864 70
14865 64
14866 68
14867 65
14868 68
14869 65
14870 67
14871 66
14872 70
14873 66
14874 68
14875 65
14876 69
14877 66
14878 68
14879 67
14880 72
14881 67
14882 67
14883 67
14884 61
14885 66
14886 62
14887 67
14888 62
14889 64
14890 62
14891 65
14892 63
14893 68
14894 63
14895 65
14896 62
14897 66
14898 63
14899 67
14900 63
14901 68
14902 63
14903 66
14904 64
14905 68
14906 63
14907 67
14908 63
14909 69
14910 64
14911 67
14912 76
14913 66
14914 64
14915 67
14916 65
14917 65
14918 63
14919 65
14920 64
14921 66
14922 64
14923 67
14924 65
14925 66
14926 65
14927 67
14928 64
14929 67
14930 65
14931 67
14932 63
14933 66
14934 64
14935 67
14936 66
14937 68
14938 64
14939 69
14940 65
14941 68
14942 66
14943 67
14944 68
14945 67
14946 65
14947 65
14948 65
14949 66
14950 64
14951 66
14952 64
14953 68
14954 65
14955 67
14956 65
14957 66
14958 65
14959 67
14960 66
14961 68
14962 66
14963 68
14964 67
14965 67
14966 65
14967 67
14968 66
14969 68
14970 64
14971 68
14972 65
14973 68
14974 65
14975 69
14976 72
14977 68
14978 66
14979 65
14980 65
14981 66
14982 66
14983 69
14984 66
14985 66
14986 66
14987 67
14988 67
14989 70
14990 66
14991 70
14992 64
14993 67
14994 65
14995 68
14996 69
14997 68
14998 65
14999 69
15000 66
15001 71
15002 66
15003 67
15004 66
15005 68
15006 66
15007 62
15008 72
15009 62
15010 67
15011 63
15012 68
15013 62
15014 68
15015 63
15016 66
15017 64
15018 65
15019 63
15020 65
15021 63
15022 66
15023 63
15024 68
15025 64
15026 66
15027 64
15028 67
15029 64
15030 67
15031 63
15032 68
15033 64
15034 66
15035 64
15036 67
15037 64
15038 68
15039 65
15040 72
15041 64
15042 68
15043 63
15044 69
15045 64
15046 65
15047 66
15048 66
15049 64
15050 66
15051 65
15052 67
15053 66
15054 67
15055 66
15056 66
15057 65
15058 67
15059 64
15060 67
15061 64
15062 68
15063 65
15064 68
15065 66
15066 67
15067 65
15068 69
15069 66
15070 68
15071 66
15072 76
15073 68
15074 69
15075 65
15076 65
15077 64
15078 66
15079 65
15080 68
15081 65
15082 66
15083 67
15084 67
15085 66
15086 69
15087 65
15088 68
15089 66
15090 67
15091 67
15092 69
15093 66
15094 68
15095 67
15096 70
15097 64
15098 67
15099 65
15100 67
15101 66
15102 68
15103 65
15104 72
15105 66
15106 68
15107 68
15108 68
15109 66
15110 66
15111 66
15112 66
15113 70
15114 67
15115 67
15116 69
15117 67
15118 67
15119 67
15120 68
15121 65
15122 68
15123 65
15124 69
15125 66
15126 67
15127 69
15128 68
15129 66
15130 62
15131 67
15132 62
15133 67
15134 63
15135 67
15136 72
15137 66
15138 63
15139 67
15140 63
15141 68
15142 64
15143 67
15144 70
15145 68
15146 63
15147 65
15148 64
15149 66
15150 64
15151 66
15152 68
15153 68
15154 64
15155 67
15156 63
15157 66
15158 64
15159 67
15160 70
15161 69
15162 64
15163 67
15164 65
15165 68
15166 65
15167 67
15168 68
15169 69
15170 64
15171 68
15172 64
15173 70
15174 65
15175 65
15176 70
15177 66
15178 65
15179 67
15180 65
15181 66
15182 66
15183 67
15184 66
15185 68
15186 64
15187 68
15188 65
15189 67
15190 65
15191 69
15192 68
15193 68
15194 66
15195 68
15196 65
15197 70
15198 66
15199 67
15200 72
15201 68
15202 67
15203 69
15204 64
15205 71
15206 65
15207 66
15208 68
15209 66
15210 65
15211 67
15212 66
15213 68
15214 67
15215 67
15216 70
15217 68
15218 66
15219 68
15220 67
15221 70
15222 67
15223 67
15224 72
15225 68
15226 65
15227 69
15228 65
15229 68
15230 66
15231 67
15232 80
15233 68
15234 66
15235 68
15236 67
15237 68
15238 67
15239 69
15240 70
15241 66
15242 66
15243 67
15244 67
15245 67
15246 68
15247 69
15248 72
15249 68
15250 65
15251 67
15252 66
15253 62
15254 66
15255 63
15256 72
15257 63
15258 67
15259 63
15260 66
15261 64
15262 67
15263 63
15264 72
15265 64
15266 68
15267 64
15268 67
15269 65
15270 67
15271 63
15272 68
15273 64
15274 68
15275 65
15276 65
15277 64
15278 66
15279 65
15280 68
15281 66
15282 66
15283 64
15284 67
15285 64
15286 68
15287 65
15288 70
15289 66
15290 67
15291 65
15292 70
15293 66
15294 68
15295 65
15296 76
15297 64
15298 68
15299 65
15300 67
15301 65
15302 68
15303 67
15304 70
15305 66
15306 66
15307 65
15308 66
15309 66
15310 67
15311 66
15312 70
15313 64
15314 67
15315 65
15316 67
15317 66
15318 68
15319 65
15320 72
15321 66
15322 67
15323 68
15324 68
15325 66
15326 69
15327 66
15328 80
15329 66
15330 68
15331 67
15332 69
15333 65
15334 68
15335 65
15336 70
15337 66
15338 66
15339 67
15340 67
15341 66
15342 67
15343 67
15344 72
15345 67
15346 68
15347 68
15348 67
15349 66
15350 68
15351 67
15352 74
15353 68
15354 69
15355 65
15356 69
15357 66
15358 68
15359 66
15360 80
15361 67
15362 69
15363 67
15364 70
15365 66
15366 68
15367 67
15368 68
15369 68
15370 68
15371 68
15372 66
15373 68
15374 67
15375 67
15376 62
15377 68
15378 63
15379 65
15380 63
15381 66
15382 63
15383 69
15384 64
15385 66
15386 64
15387 67
15388 63
15389 68
15390 64
15391 69
15392 64
15393 67
15394 64
15395 69
15396 65
15397 68
15398 64
15399 69
15400 64
15401 70
15402 65
15403 67
15404 69
15405 68
15406 65
15407 66
15408 66
15409 66
15410 64
15411 67
15412 65
15413 68
15414 65
15415 67
15416 66
15417 68
15418 66
15419 68
15420 65
15421 68
15422 66
15423 67
15424 64
15425 68
15426 65
15427 69
15428 67
15429 70
15430 65
15431 69
15432 66
15433 68
15434 67
15435 68
15436 70
15437 66
15438 66
15439 67
15440 66
15441 67
15442 65
15443 69
15444 65
15445 68
15446 66
15447 67
15448 66
15449 68
15450 66
15451 68
15452 67
15453 68
15454 67
15455 69
15456 68
15457 68
15458 66
15459 69
15460 67
15461 69
15462 65
15463 69
15464 66
15465 70
15466 66
15467 69
15468 70
15469 66
15470 67
15471 67
15472 66
15473 72
15474 67
15475 67
15476 67
15477 68
15478 67
15479 70
15480 68
15481 71
15482 67
15483 68
15484 65
15485 69
15486 66
15487 69
15488 72
15489 70
15490 66
15491 72
15492 67
15493 68
15494 67
15495 69
15496 68
15497 71
15498 67
15499 71
15500 69
15501 63
15502 68
15503 63
15504 70
15505 64
15506 69
15507 63
15508 67
15509 64
15510 66
15511 65
15512 66
15513 64
15514 67
15515 64
15516 69
15517 64
15518 67
15519 65
15520 68
15521 65
15522 68
15523 65
15524 69
15525 64
15526 67
15527 65
15528 68
15529 65
15530 69
15531 65
15532 69
15533 66
15534 69
15535 65
15536 70
15537 64
15538 66
15539 65
15540 67
15541 67
15542 67
15543 65
15544 70
15545 66
15546 68
15547 67
15548 67
15549 67
15550 68
15551 66
15552 68
15553 65
15554 69
15555 65
15556 69
15557 66
15558 68
15559 67
15560 70
15561 66
15562 69
15563 67
15564 71
15565 67
15566 70
15567 69
15568 66
15569 66
15570 67
15571 65
15572 69
15573 66
15574 67
15575 66
15576 68
15577 68
15578 70
15579 67
15580 69
15581 66
15582 68
15583 67
15584 72
15585 68
15586 68
15587 68
15588 69
15589 68
15590 69
15591 65
15592 68
15593 66
15594 69
15595 67
15596 69
15597 66
15598 70
15599 67
15600 70
15601 70
15602 67
15603 67
15604 67
15605 67
15606 68
15607 69
15608 72
15609 68
15610 68
15611 68
15612 69
15613 68
15614 69
15615 66
15616 72
15617 66
15618 68
15619 67
15620 69
15621 70
15622 69
15623 67
15624 70
15625 68
15626 63
15627 68
15628 63
15629 68
15630 64
15631 67
15632 70
15633 68
15634 64
15635 69
15636 64
15637 68
15638 65
15639 69
15640 68
15641 66
15642 64
15643 67
15644 65
15645 67
15646 65
15647 69
15648 68
15649 68
15650 65
15651 67
15652 64
15653 68
15654 65
15655 70
15656 70
15657 68
15658 65
15659 69
15660 66
15661 68
15662 66
15663 70
15664 70
15665 69
15666 65
15667 69
15668 65
15669 66
15670 66
15671 67
15672 70
15673 68
15674 66
15675 67
15676 66
15677 68
15678 67
15679 70
15680 72
15681 70
15682 65
15683 68
15684 66
15685 70
15686 66
15687 69
15688 72
15689 69
15690 67
15691 71
15692 66
15693 68
15694 67
15695 69
15696 72
15697 70
15698 68
15699 71
15700 65
15701 67
15702 66
15703 67
15704 70
15705 68
15706 66
15707 69
15708 67
15709 68
15710 68
15711 69
15712 72
15713 69
15714 67
15715 71
15716 68
15717 68
15718 68
15719 69
15720 68
15721 68
15722 66
15723 69
15724 66
15725 70
15726 67
15727 69
15728 70
15729 69
15730 67
15731 71
15732 68
15733 70
15734 68
15735 67
15736 70
15737 68
15738 67
15739 68
15740 68
15741 70
15742 69
15743 69
15744 80
15745 68
15746 66
15747 69
15748 67
15749 72
15750 67
15751 63
15752 72
15753 64
15754 68
15755 64
15756 67
15757 64
15758 68
15759 65
15760 70
15761 64
15762 68
15763 65
15764 68
15765 65
15766 68
15767 66
15768 72
15769 64
15770 69
15771 65
15772 66
15773 66
15774 67
15775 65
15776 72
15777 66
15778 67
15779 67
15780 68
15781 65
15782 69
15783 65
15784 72
15785 66
15786 68
15787 67
15788 71
15789 66
15790 69
15791 67
15792 74
15793 66
15794 69
15795 65
15796 68
15797 66
15798 69
15799 66
15800 72
15801 68
15802 67
15803 67
15804 67
15805 66
15806 68
15807 67
15808 68
15809 67
15810 68
15811 65
15812 69
15813 66
15814 69
15815 67
15816 70
15817 66
15818 68
15819 67
15820 69
15821 69
15822 70
15823 67
15824 78
15825 67
15826 69
15827 67
15828 70
15829 68
15830 69
15831 66
15832 70
15833 66
15834 67
15835 67
15836 68
15837 68
15838 68
15839 67
15840 72
15841 68
15842 69
15843 68
15844 68
15845 69
15846 69
15847 67
15848 72
15849 68
15850 70
15851 69
15852 70
15853 66
15854 69
15855 67
15856 70
15857 67
15858 69
15859 68
15860 69
15861 68
15862 70
15863 67
15864 72
15865 68
15866 69
15867 69
15868 67
15869 69
15870 68
15871 69
15872 96
15873 68
15874 68
15875 69
15876 63
15877 66
15878 64
15879 67
15880 64
15881 70
15882 64
15883 67
15884 65
15885 68
15886 65
15887 69
15888 64
15889 70
15890 65
15891 68
15892 65
15893 70
15894 65
15895 69
15896 66
15897 68
15898 65
15899 69
15900 65
15901 68
15902 66
15903 69
15904 72
15905 67
15906 66
15907 67
15908 67
15909 68
15910 65
15911 69
15912 66
15913 68
15914 66
15915 69
15916 67
15917 69
15918 67
15919 69
15920 66
15921 68
15922 67
15923 69
15924 65
15925 70
15926 66
15927 71
15928 68
15929 70
15930 66
15931 69
15932 67
15933 69
15934 68
15935 67
15936 76
15937 68
15938 67
15939 68
15940 67
15941 70
15942 66
15943 69
15944 66
15945 68
15946 67
15947 69
15948 67
15949 70
15950 67
15951 70
15952 68
15953 70
15954 68
15955 69
15956 69
15957 71
15958 67
15959 70
15960 68
15961 70
15962 66
15963 71
15964 67
15965 70
15966 67
15967 67
15968 76
15969 68
15970 68
15971 72
15972 67
15973 68
15974 68
15975 69
15976 68
15977 72
15978 68
15979 72
15980 69
15981 69
15982 68
15983 70
15984 66
15985 70
15986 67
15987 71
15988 68
15989 72
15990 67
15991 69
15992 68
15993 70
15994 68
15995 69
15996 69
15997 70
15998 68
15999 70
16000 80
16001 70
16002 69
16003 64
16004 71
16005 64
16006 70
16007 65
16008 68
16009 64
16010 67
16011 65
16012 67
16013 66
16014 68
16015 65
16016 70
16017 65
16018 68
16019 65
16020 69
16021 66
16022 69
16023 66
16024 70
16025 66
16026 68
16027 65
16028 69
16029 66
16030 70
16031 66
16032 72
16033 66
16034 69
16035 67
16036 69
16037 66
16038 67
16039 65
16040 68
16041 66
16042 68
16043 68
16044 71
16045 66
16046 69
16047 67
16048 68
16049 68
16050 69
16051 68
16052 69
16053 67
16054 70
16055 66
16056 70
16057 66
16058 69
16059 67
16060 71
16061 68
16062 70
16063 67
16064 72
16065 68
16066 71
16067 68
16068 67
16069 70
16070 68
16071 67
16072 70
16073 66
16074 68
16075 67
16076 69
16077 67
16078 71
16079 69
16080 70
16081 68
16082 69
16083 67
16084 70
16085 68
16086 70
16087 69
16088 72
16089 69
16090 70
16091 69
16092 69
16093 66
16094 70
16095 67
16096 76
16097 68
16098 72
16099 67
16100 71
16101 68
16102 68
16103 70
16104 68
16105 68
16106 69
16107 68
16108 73
16109 72
16110 69
16111 69
16112 70
16113 69
16114 70
16115 69
16116 72
16117 67
16118 69
16119 67
16120 70
16121 68
16122 70
16123 71
16124 71
16125 68
16126 71
16127 69
16128 72
16129 69
16130 64
16131 69
16132 64
16133 68
16134 65
16135 69
16136 72
16137 70
16138 65
16139 69
16140 65
16141 70
16142 66
16143 67
16144 70
16145 68
16146 65
16147 68
16148 66
16149 70
16150 66
16151 69
16152 72
16153 68
16154 66
16155 69
16156 65
16157 71
16158 66
16159 69
16160 76
16161 70
16162 66
16163 69
16164 67
16165 71
16166 67
16167 70
16168 72
16169 72
16170 66
16171 67
16172 66
16173 68
16174 67
16175 69
16176 68
16177 68
16178 67
16179 69
16180 67
16181 70
16182 68
16183 71
16184 70
16185 69
16186 66
16187 71
16188 67
16189 70
16190 67
16191 70
16192 76
16193 72
16194 68
16195 69
16196 67
16197 70
16198 68
16199 71
16200 70
16201 73
16202 69
16203 68
16204 66
16205 68
16206 67
16207 69
16208 72
16209 70
16210 67
16211 69
16212 68
16213 70
16214 69
16215 70
16216 74
16217 72
16218 68
16219 69
16220 69
16221 70
16222 69
16223 71
16224 76
16225 70
16226 67
16227 71
16228 67
16229 72
16230 68
16231 70
16232 72
16233 71
16234 68
16235 71
16236 69
16237 68
16238 69
16239 69
16240 74
16241 69
16242 68
16243 71
16244 69
16245 70
16246 70
16247 69
16248 74
16249 70
16250 67
16251 73
16252 68
16253 71
16254 68
16255 71
16256 80
16257 64
16258 69
16259 65
16260 68
16261 65
16262 69
16263 65
16264 70
16265 66
16266 70
16267 65
16268 69
16269 66
16270 69
16271 66
16272 70
16273 67
16274 70
16275 65
16276 67
16277 66
16278 68
16279 67
16280 72
16281 66
16282 68
16283 67
16284 69
16285 68
16286 70
16287 66
16288 72
16289 66
16290 69
16291 67
16292 72
16293 68
16294 70
16295 67
16296 72
16297 68
16298 70
16299 67
16300 69
16301 66
16302 70
16303 67
16304 74
16305 67
16306 68
16307 69
16308 68
16309 68
16310 69
16311 67
16312 74
16313 68
16314 69
16315 68
16316 70
16317 66
16318 70
16319 67
16320 76
16321 68
16322 69
16323 67
16324 70
16325 68
16326 71
16327 70
16328 72
16329 68
16330 70
16331 68
16332 71
16333 68
16334 70
16335 69
16336 72
16337 67
16338 68
16339 67
16340 69
16341 68
16342 69
16343 69
16344 74
16345 68
16346 70
16347 69
16348 69
16349 69
16350 70
16351 70
16352 76
16353 68
16354 71
16355 69
16356 71
16357 70
16358 70
16359 67
16360 70
16361 68
16362 71
16363 68
16364 71
16365 69
16366 71
16367 69
16368 72
16369 68
16370 70
16371 69
16372 68
16373 70
16374 69
16375 70
16376 72
16377 70
16378 69
16379 69
16380 70
16381 70
16382 73
16383 67
16384 64
16385 68
16386 65
16387 71
16388 65
16389 68
16390 65
16391 69
16392 66
16393 70
16394 66
16395 71
16396 65
16397 69
16398 66
16399 69
16400 66
16401 70
16402 66
16403 72
16404 67
16405 70
16406 66
16407 69
16408 66
16409 70
16410 67
16411 68
16412 69
16413 68
16414 67
16415 69
16416 68
16417 70
16418 66
16419 69
16420 67
16421 70
16422 67
16423 70
16424 68
16425 70
16426 68
16427 69
16428 67
16429 70
16430 68
16431 71
16432 66
16433 72
16434 67
16435 71
16436 69
16437 70
16438 67
16439 70
16440 68
16441 68
16442 69
16443 69
16444 73
16445 69
16446 68
16447 70
16448 68
16449 70
16450 67
16451 69
16452 67
16453 70
16454 68
16455 71
16456 68
16457 71
16458 68
16459 71
16460 69
16461 70
16462 69
16463 71
16464 70
16465 71
16466 68
16467 71
16468 69
16469 72
16470 67
16471 71
16472 68
16473 68
16474 68
16475 69
16476 73
16477 74
16478 69
16479 69
16480 68
16481 70
16482 69
16483 73
16484 69
16485 73
16486 69
16487 70
16488 70
16489 71
16490 69
16491 71
16492 67
16493 72
16494 68
16495 73
16496 74
16497 70
16498 68
16499 71
16500 69
16501 71
16502 69
16503 71
16504 70
16505 72
16506 69
16507 71
16508 73
16509 69
16510 70
16511 69
16512 72
16513 65
16514 71
16515 65
16516 69
16517 66
16518 68
16519 65
16520 68
16521 66
16522 69
16523 67
16524 71
16525 66
16526 69
16527 66
16528 70
16529 66
16530 70
16531 67
16532 71
16533 67
16534 69
16535 67
16536 70
16537 66
16538 70
16539 67
16540 70
16541 67
16542 71
16543 67
16544 72
16545 68
16546 68
16547 67
16548 69
16549 66
16550 69
16551 67
16552 72
16553 69
16554 70
16555 67
16556 69
16557 68
16558 70
16559 69
16560 70
16561 69
16562 71
16563 68
16564 71
16565 67
16566 70
16567 67
16568 72
16569 68
16570 71
16571 69
16572 74
16573 68
16574 72
16575 69
16576 68
16577 69
16578 69
16579 71
16580 71
16581 68
16582 69
16583 67
16584 70
16585 68
16586 70
16587 68
16588 71
16589 70
16590 70
16591 69
16592 72
16593 68
16594 71
16595 69
16596 71
16597 70
16598 71
16599 70
16600 70
16601 70
16602 71
16603 67
16604 73
16605 68
16606 72
16607 69
16608 72
16609 68
16610 69
16611 69
16612 69
16613 72
16614 70
16615 69
16616 74
16617 69
16618 70
16619 73
16620 71
16621 70
16622 71
16623 70
16624 74
16625 70
16626 70
16627 68
16628 71
16629 68
16630 71
16631 69
16632 72
16633 70
16634 72
16635 69
16636 70
16637 70
16638 71
16639 70
16640 72
16641 70
16642 65
16643 69
16644 65
16645 70
16646 66
16647 71
16648 70
16649 70
16650 66
16651 71
16652 66
16653 68
16654 67
16655 69
16656 70
16657 69
16658 66
16659 71
16660 67
16661 70
16662 67
16663 69
16664 72
16665 70
16666 67
16667 72
16668 66
16669 70
16670 67
16671 71
16672 72
16673 70
16674 67
16675 72
16676 68
16677 70
16678 68
16679 71
16680 72
16681 68
16682 67
16683 69
16684 67
16685 70
16686 68
16687 69
16688 74
16689 70
16690 68
16691 72
16692 68
16693 72
16694 69
16695 70
16696 74
16697 72
16698 67
16699 71
16700 68
16701 71
16702 68
16703 73
16704 76
16705 70
16706 69
16707 71
16708 68
16709 72
16710 69
16711 73
16712 72
16713 69
16714 70
16715 69
16716 67
16717 70
16718 68
16719 71
16720 74
16721 70
16722 68
16723 71
16724 69
16725 70
16726 70
16727 71
16728 70
16729 70
16730 69
16731 71
16732 70
16733 72
16734 70
16735 71
16736 72
16737 72
16738 68
16739 72
16740 68
16741 71
16742 69
16743 73
16744 72
16745 72
16746 69
16747 69
16748 70
16749 70
16750 70
16751 70
16752 74
16753 72
16754 69
16755 71
16756 70
16757 70
16758 71
16759 71
16760 74
16761 74
16762 68
16763 72
16764 69
16765 72
16766 69
16767 71
16768 72
16769 75
16770 70
16771 65
16772 69
16773 66
16774 70
16775 66
16776 74
16777 66
16778 71
16779 67
16780 70
16781 66
16782 70
16783 67
16784 74
16785 67
16786 71
16787 68
16788 68
16789 66
16790 69
16791 67
16792 74
16793 68
16794 69
16795 67
16796 70
16797 68
16798 71
16799 69
16800 76
16801 67
16802 70
16803 67
16804 71
16805 68
16806 71
16807 69
16808 74
16809 68
16810 71
16811 69
16812 70
16813 68
16814 71
16815 67
16816 70
16817 68
16818 69
16819 68
16820 69
16821 70
16822 70
16823 69
16824 72
16825 68
16826 70
16827 69
16828 71
16829 69
16830 71
16831 67
16832 80
16833 68
16834 70
16835 69
16836 71
16837 68
16838 72
16839 69
16840 72
16841 71
16842 71
16843 69
16844 72
16845 69
16846 71
16847 69
16848 72
16849 70
16850 69
16851 68
16852 70
16853 68
16854 70
16855 69
16856 74
16857 70
16858 71
16859 69
16860 70
16861 70
16862 71
16863 70
16864 76
16865 70
16866 71
16867 69
16868 71
16869 70
16870 71
16871 71
16872 74
16873 68
16874 72
16875 69
16876 73
16877 69
16878 72
16879 70
16880 76
16881 70
16882 71
16883 69
16884 69
16885 70
16886 70
16887 71
16888 76
16889 71
16890 70
16891 71
16892 71
16893 70
16894 73
16895 71
16896 80
16897 68
16898 71
16899 69
16900 65
16901 72
16902 66
16903 69
16904 66
16905 70
16906 66
16907 71
16908 67
16909 70
16910 67
16911 70
16912 66
16913 72
16914 67
16915 71
16916 67
16917 72
16918 67
16919 74
16920 68
16921 70
16922 67
16923 71
16924 67
16925 69
16926 68
16927 69
16928 72
16929 70
16930 68
16931 71
16932 69
16933 70
16934 67
16935 71
16936 68
16937 71
16938 68
16939 71
16940 69
16941 70
16942 69
16943 71
16944 68
16945 72
16946 69
16947 72
16948 67
16949 72
16950 68
16951 71
16952 70
16953 71
16954 68
16955 69
16956 69
16957 70
16958 70
16959 70
16960 76
16961 72
16962 69
16963 71
16964 69
16965 70
16966 68
16967 71
16968 68
16969 72
16970 69
16971 72
16972 69
16973 72
16974 69
16975 71
16976 70
16977 74
16978 70
16979 72
16980 71
16981 72
16982 69
16983 73
16984 70
16985 72
16986 68
16987 69
16988 69
16989 70
16990 69
16991 75
16992 76
16993 70
16994 70
16995 71
16996 69
16997 74
16998 70
16999 73
17000 70
17001 71
17002 70
17003 72
17004 70
17005 72
17006 70
17007 71
17008 68
17009 72
17010 69
17011 71
17012 72
17013 72
17014 69
17015 73
17016 70
17017 72
17018 70
17019 73
17020 71
17021 72
17022 70
17023 70
17024 80
17025 70
17026 71
17027 71
17028 72
17029 73
17030 72
17031 66
17032 70
17033 66
17034 69
17035 67
17036 69
17037 66
17038 70
17039 67
17040 72
17041 68
17042 70
17043 67
17044 71
17045 67
17046 71
17047 67
17048 72
17049 68
17050 70
17051 68
17052 71
17053 68
17054 72
17055 67
17056 80
17057 68
17058 72
17059 68
17060 73
17061 68
17062 69
17063 69
17064 70
17065 68
17066 70
17067 67
17068 73
17069 68
17070 71
17071 70
17072 70
17073 68
17074 71
17075 69
17076 71
17077 70
17078 72
17079 70
17080 72
17081 69
17082 71
17083 68
17084 73
17085 68
17086 72
17087 69
17088 76
17089 70
17090 72
17091 69
17092 69
17093 70
17094 70
17095 70
17096 72
17097 72
17098 70
17099 69
17100 71
17101 68
17102 72
17103 69
17104 72
17105 69
17106 71
17107 71
17108 72
17109 70
17110 72
17111 69
17112 74
17113 70
17114 72
17115 71
17116 71
17117 71
17118 72
17119 71
17120 80
17121 68
17122 74
17123 69
17124 73
17125 70
17126 70
17127 69
17128 70
17129 70
17130 71
17131 73
17132 74
17133 70
17134 71
17135 70
17136 72
17137 74
17138 72
17139 71
17140 74
17141 71
17142 71
17143 71
17144 72
17145 69
17146 72
17147 69
17148 71
17149 70
17150 72
17151 73
17152 72
17153 70
17154 72
17155 71
17156 73
17157 71
17158 73
17159 71
17160 74
17161 70
17162 66
17163 71
17164 66
17165 72
17166 67
17167 71
17168 72
17169 72
17170 67
17171 69
17172 67
17173 70
17174 68
17175 70
17176 74
17177 72
17178 67
17179 71
17180 68
17181 70
17182 68
17183 71
17184 76
17185 73
17186 68
17187 71
17188 67
17189 72
17190 68
17191 71
17192 76
17193 72
17194 68
17195 72
17196 69
17197 74
17198 69
17199 69
17200 70
17201 70
17202 68
17203 71
17204 68
17205 70
17206 69
17207 71
17208 72
17209 73
17210 69
17211 73
17212 69
17213 71
17214 70
17215 73
17216 84
17217 72
17218 68
17219 72
17220 69
17221 74
17222 69
17223 71
17224 72
17225 72
17226 70
17227 73
17228 69
17229 75
17230 70
17231 70
17232 74
17233 70
17234 71
17235 71
17236 68
17237 72
17238 69
17239 71
17240 76
17241 72
17242 69
17243 72
17244 70
17245 72
17246 71
17247 71
17248 76
17249 72
17250 70
17251 73
17252 71
17253 72
17254 71
17255 73
17256 74
17257 74
17258 69
17259 72
17260 69
17261 74
17262 70
17263 73
17264 76
17265 70
17266 70
17267 71
17268 71
17269 71
17270 71
17271 73
17272 76
17273 72
17274 70
17275 71
17276 71
17277 72
17278 72
17279 75
17280 80
17281 73
17282 69
17283 73
17284 70
17285 72
17286 70
17287 75
17288 72
17289 73
17290 71
17291 72
17292 70
17293 66
17294 71
17295 67
17296 72
17297 67
17298 72
17299 67
17300 71
17301 68
17302 71
17303 67
17304 74
17305 68
17306 72
17307 68
17308 69
17309 69
17310 70
17311 67
17312 76
17313 68
17314 70
17315 69
17316 71
17317 68
17318 72
17319 69
17320 74
17321 70
17322 71
17323 68
17324 74
17325 68
17326 72
17327 69
17328 74
17329 70
17330 72
17331 69
17332 71
17333 70
17334 72
17335 69
17336 76
17337 68
17338 70
17339 69
17340 70
17341 69
17342 71
17343 71
17344 76
17345 70
17346 71
17347 69
17348 72
17349 70
17350 72
17351 70
17352 74
17353 68
17354 71
17355 69
17356 72
17357 70
17358 73
17359 69
17360 76
17361 70
17362 72
17363 72
17364 73
17365 70
17366 72
17367 70
17368 78
17369 70
17370 70
17371 71
17372 71
17373 69
17374 71
17375 69
17376 80
17377 70
17378 72
17379 71
17380 71
17381 70
17382 72
17383 71
17384 72
17385 71
17386 73
17387 72
17388 73
17389 70
17390 72
17391 71
17392 74
17393 72
17394 73
17395 69
17396 74
17397 70
17398 73
17399 70
17400 74
17401 71
17402 72
17403 71
17404 70
17405 70
17406 71
17407 71
17408 80
17409 72
17410 71
17411 72
17412 72
17413 72
17414 75
17415 71
17416 76
17417 72
17418 72
17419 69
17420 74
17421 70
17422 73
17423 73
17424 66
17425 70
17426 67
17427 71
17428 67
17429 72
17430 67
17431 73
17432 68
17433 71
17434 68
17435 73
17436 67
17437 72
17438 68
17439 74
17440 68
17441 73
17442 68
17443 71
17444 69
17445 72
17446 68
17447 70
17448 68
17449 70
17450 69
17451 71
17452 73
17453 72
17454 69
17455 71
17456 70
17457 72
17458 68
17459 72
17460 69
17461 72
17462 69
17463 71
17464 70
17465 72
17466 70
17467 73
17468 69
17469 74
17470 70
17471 73
17472 68
17473 72
17474 69
17475 72
17476 71
17477 70
17478 69
17479 71
17480 70
17481 71
17482 71
17483 73
17484 72
17485 72
17486 70
17487 71
17488 70
17489 72
17490 69
17491 73
17492 69
17493 73
17494 70
17495 73
17496 70
17497 72
17498 70
17499 75
17500 71
17501 73
17502 71
17503 73
17504 72
17505 74
17506 70
17507 73
17508 71
17509 70
17510 69
17511 71
17512 70
17513 76
17514 70
17515 71
17516 74
17517 72
17518 71
17519 75
17520 70
17521 75
17522 71
17523 72
17524 71
17525 72
17526 71
17527 73
17528 72
17529 73
17530 71
17531 75
17532 69
17533 72
17534 70
17535 73
17536 80
17537 74
17538 70
17539 75
17540 71
17541 74
17542 71
17543 73
17544 72
17545 71
17546 71
17547 71
17548 73
17549 72
17550 72
17551 74
17552 74
17553 72
17554 73
17555 73
17556 71
17557 67
17558 70
17559 67
17560 70
17561 68
17562 71
17563 67
17564 73
17565 68
17566 71
17567 69
17568 72
17569 68
17570 72
17571 68
17572 72
17573 68
17574 71
17575 69
17576 72
17577 69
17578 73
17579 69
17580 74
17581 68
17582 73
17583 69
17584 74
17585 69
17586 70
17587 69
17588 71
17589 70
17590 71
17591 69
17592 74
17593 68
17594 72
17595 69
17596 71
17597 71
17598 72
17599 69
17600 72
17601 70
17602 73
17603 71
17604 73
17605 71
17606 72
17607 70
17608 74
17609 69
17610 73
17611 69
17612 74
17613 70
17614 74
17615 71
17616 70
17617 70
17618 71
17619 71
17620 73
17621 71
17622 71
17623 71
17624 72
17625 70
17626 74
17627 69
17628 73
17629 70
17630 72
17631 70
17632 76
17633 72
17634 73
17635 71
17636 75
17637 70
17638 73
17639 71
17640 72
17641 72
17642 73
17643 72
17644 78
17645 72
17646 75
17647 69
17648 74
17649 70
17650 71
17651 71
17652 71
17653 70
17654 72
17655 71
17656 76
17657 74
17658 72
17659 71
17660 73
17661 71
17662 73
17663 75
17664 88
17665 72
17666 72
17667 72
17668 72
17669 72
17670 73
17671 70
17672 74
17673 70
17674 73
17675 71
17676 74
17677 74
17678 73
17679 71
17680 74
17681 72
17682 74
17683 72
17684 75
17685 72
17686 71
17687 71
17688 72
17689 72
17690 67
17691 73
17692 67
17693 72
17694 68
17695 73
17696 72
17697 70
17698 68
17699 71
17700 68
17701 71
17702 69
17703 73
17704 74
17705 72
17706 68
17707 71
17708 69
17709 72
17710 69
17711 74
17712 74
17713 72
17714 69
17715 73
17716 68
17717 72
17718 69
17719 74
17720 74
17721 73
17722 69
17723 73
17724 70
17725 70
17726 70
17727 71
17728 76
17729 72
17730 69
17731 71
17732 69
17733 72
17734 70
17735 74
17736 74
17737 74
17738 70
17739 72
17740 70
17741 74
17742 71
17743 73
17744 76
17745 73
17746 69
17747 75
17748 70
17749 72
17750 70
17751 73
17752 74
17753 74
17754 71
17755 76
17756 70
17757 71
17758 71
17759 71
17760 76
17761 72
17762 72
17763 73
17764 69
17765 72
17766 70
17767 73
17768 72
17769 73
17770 70
17771 75
17772 71
17773 72
17774 72
17775 73
17776 74
17777 74
17778 71
17779 73
17780 72
17781 74
17782 72
17783 77
17784 74
17785 73
17786 70
17787 75
17788 70
17789 74
17790 71
17791 71
17792 80
17793 72
17794 71
17795 72
17796 72
17797 74
17798 72
17799 73
17800 76
17801 72
17802 71
17803 73
17804 72
17805 76
17806 73
17807 74
17808 74
17809 74
17810 70
17811 73
17812 71
17813 73
17814 71
17815 73
17816 76
17817 74
17818 72
17819 75
17820 71
17821 74
17822 72
17823 67
17824 76
17825 68
17826 73
17827 68
17828 72
17829 68
17830 72
17831 69
17832 76
17833 68
17834 73
17835 69
17836 70
17837 69
17838 71
17839 70
17840 78
17841 68
17842 71
17843 69
17844 72
17845 70
17846 73
17847 69
17848 76
17849 70
17850 72
17851 71
17852 75
17853 69
17854 73
17855 69
17856 72
17857 70
17858 73
17859 71
17860 72
17861 70
17862 73
17863 71
17864 74
17865 70
17866 71
17867 69
17868 71
17869 70
17870 72
17871 70
17872 74
17873 72
17874 72
17875 71
17876 73
17877 70
17878 73
17879 71
17880 74
17881 71
17882 72
17883 69
17884 73
17885 70
17886 74
17887 71
17888 76
17889 70
17890 73
17891 71
17892 74
17893 73
17894 73
17895 71
17896 76
17897 71
17898 71
17899 71
17900 72
17901 72
17902 72
17903 70
17904 76
17905 70
17906 73
17907 71
17908 72
17909 72
17910 73
17911 71
17912 76
17913 72
17914 74
17915 72
17916 74
17917 73
17918 73
17919 71
17920 80
17921 72
17922 74
17923 73
17924 75
17925 70
17926 74
17927 71
17928 76
17929 71
17930 73
17931 72
17932 71
17933 72
17934 72
17935 71
17936 78
17937 72
17938 72
17939 73
17940 73
17941 73
17942 76
17943 73
17944 78
17945 72
17946 73
17947 73
17948 75
17949 70
17950 74
17951 71
17952 76
17953 72
17954 76
17955 71
17956 67
17957 72
17958 68
17959 73
17960 68
17961 74
17962 68
17963 72
17964 69
17965 74
17966 69
17967 73
17968 68
17969 75
17970 69
17971 75
17972 69
17973 72
17974 69
17975 73
17976 70
17977 71
17978 69
17979 71
17980 69
17981 72
17982 70
17983 73
17984 80
17985 72
17986 70
17987 73
17988 71
17989 73
17990 69
17991 73
17992 70
17993 72
17994 70
17995 73
17996 71
17997 74
17998 71
17999 75
18000 70
18001 73
18002 71
18003 73
18004 69
18005 73
18006 70
18007 71
18008 72
18009 72
18010 70
18011 72
18012 71
18013 74
18014 72
18015 73
18016 80
18017 72
18018 71
18019 73
18020 71
18021 74
18022 70
18023 74
18024 70
18025 74
18026 71
18027 73
18028 71
18029 75
18030 71
18031 74
18032 72
18033 74
18034 72
18035 75
18036 73
18037 74
18038 71
18039 71
18040 72
18041 72
18042 70
18043 75
18044 71
18045 72
18046 71
18047 73
18048 80
18049 75
18050 72
18051 73
18052 71
18053 73
18054 72
18055 74
18056 72
18057 74
18058 72
18059 75
18060 73
18061 74
18062 72
18063 73
18064 70
18065 74
18066 71
18067 76
18068 76
18069 76
18070 71
18071 75
18072 72
18073 74
18074 72
18075 72
18076 73
18077 72
18078 72
18079 73
18080 76
18081 75
18082 73
18083 73
18084 75
18085 74
18086 74
18087 74
18088 72
18089 76
18090 71
18091 68
18092 71
18093 68
18094 72
18095 69
18096 74
18097 68
18098 72
18099 69
18100 73
18101 70
18102 73
18103 69
18104 74
18105 69
18106 72
18107 69
18108 73
18109 70
18110 74
18111 70
18112 76
18113 70
18114 74
18115 69
18116 75
18117 70
18118 71
18119 70
18120 72
18121 70
18122 72
18123 71
18124 75
18125 70
18126 73
18127 69
18128 72
18129 70
18130 73
18131 72
18132 73
18133 70
18134 74
18135 71
18136 74
18137 72
18138 73
18139 72
18140 75
18141 71
18142 74
18143 70
18144 80
18145 70
18146 73
18147 71
18148 71
18149 72
18150 72
18151 71
18152 74
18153 72
18154 72
18155 72
18156 73
18157 74
18158 75
18159 71
18160 74
18161 70
18162 73
18163 71
18164 76
18165 71
18166 74
18167 73
18168 76
18169 72
18170 74
18171 71
18172 73
18173 72
18174 74
18175 73
18176 88
18177 73
18178 75
18179 73
18180 75
18181 70
18182 72
18183 71
18184 72
18185 72
18186 73
18187 71
18188 77
18189 72
18190 73
18191 75
18192 74
18193 72
18194 74
18195 72
18196 73
18197 73
18198 73
18199 73
18200 74
18201 73
18202 74
18203 73
18204 75
18205 71
18206 75
18207 71
18208 80
18209 72
18210 74
18211 75
18212 75
18213 72
18214 75
18215 73
18216 76
18217 73
18218 72
18219 73
18220 73
18221 72
18222 73
18223 73
18224 74
18225 74
18226 68
18227 73
18228 68
18229 74
18230 69
18231 71
18232 76
18233 72
18234 69
18235 72
18236 69
18237 74
18238 70
18239 73
18240 80
18241 72
18242 69
18243 73
18244 70
18245 74
18246 70
18247 73
18248 78
18249 74
18250 70
18251 73
18252 69
18253 74
18254 70
18255 74
18256 72
18257 76
18258 70
18259 71
18260 71
18261 72
18262 71
18263 73
18264 74
18265 72
18266 70
18267 73
18268 70
18269 75
18270 71
18271 75
18272 84
18273 73
18274 71
18275 75
18276 71
18277 74
18278 72
18279 74
18280 74
18281 76
18282 70
18283 73
18284 71
18285 74
18286 71
18287 75
18288 76
18289 76
18290 72
18291 72
18292 71
18293 72
18294 72
18295 73
18296 78
18297 74
18298 73
18299 73
18300 70
18301 74
18302 71
18303 74
18304 88
18305 75
18306 71
18307 73
18308 72
18309 74
18310 73
18311 75
18312 76
18313 74
18314 72
18315 75
18316 73
18317 76
18318 73
18319 74
18320 78
18321 76
18322 71
18323 75
18324 71
18325 72
18326 72
18327 73
18328 76
18329 73
18330 72
18331 75
18332 73
18333 74
18334 73
18335 73
18336 76
18337 74
18338 72
18339 77
18340 73
18341 75
18342 73
18343 74
18344 74
18345 74
18346 71
18347 75
18348 72
18349 75
18350 72
18351 75
18352 74
18353 76
18354 73
18355 75
18356 72
18357 74
18358 73
18359 75
18360 76
18361 68
18362 74
18363 69
18364 73
18365 69
18366 73
18367 69
18368 80
18369 70
18370 74
18371 69
18372 71
18373 70
18374 72
18375 70
18376 76
18377 71
18378 72
18379 69
18380 73
18381 70
18382 74
18383 71
18384 78
18385 70
18386 73
18387 71
18388 73
18389 72
18390 74
18391 70
18392 78
18393 70
18394 74
18395 71
18396 73
18397 72
18398 74
18399 71
18400 80
18401 72
18402 72
18403 71
18404 72
18405 70
18406 73
18407 71
18408 76
18409 71
18410 73
18411 73
18412 74
18413 72
18414 74
18415 71
18416 78
18417 72
18418 73
18419 72
18420 74
18421 70
18422 75
18423 71
18424 80
18425 72
18426 74
18427 71
18428 75
18429 72
18430 74
18431 74
18432 96
18433 72
18434 72
18435 72
18436 73
18437 72
18438 73
18439 73
18440 74
18441 71
18442 74
18443 71
18444 73
18445 72
18446 74
18447 73
18448 76
18449 72
18450 75
18451 73
18452 75
18453 73
18454 74
18455 74
18456 76
18457 72
18458 75
18459 73
18460 76
18461 74
18462 75
18463 71
18464 84
18465 72
18466 74
18467 72
18468 72
18469 73
18470 73
18471 73
18472 76
18473 72
18474 73
18475 73
18476 74
18477 74
18478 77
18479 74
18480 76
18481 74
18482 74
18483 73
18484 76
18485 74
18486 75
18487 71
18488 78
18489 72
18490 74
18491 75
18492 74
18493 72
18494 75
18495 73
18496 68
18497 74
18498 69
18499 75
18500 69
18501 73
18502 69
18503 75
18504 70
18505 74
18506 70
18507 76
18508 69
18509 76
18510 70
18511 73
18512 70
18513 74
18514 70
18515 72
18516 71
18517 72
18518 70
18519 73
18520 70
18521 74
18522 71
18523 73
18524 75
18525 74
18526 71
18527 74
18528 72
18529 74
18530 70
18531 73
18532 71
18533 74
18534 71
18535 74
18536 72
18537 74
18538 72
18539 75
18540 71
18541 74
18542 72
18543 74
18544 70
18545 72
18546 71
18547 73
18548 73
18549 73
18550 71
18551 75
18552 72
18553 74
18554 73
18555 73
18556 74
18557 74
18558 72
18559 75
18560 72
18561 75
18562 71
18563 75
18564 71
18565 74
18566 72
18567 77
18568 72
18569 75
18570 72
18571 75
18572 73
18573 76
18574 73
18575 75
18576 74
18577 72
18578 72
18579 73
18580 73
18581 78
18582 71
18583 73
18584 72
18585 74
18586 72
18587 75
18588 73
18589 75
18590 73
18591 74
18592 72
18593 75
18594 73
18595 75
18596 73
18597 76
18598 73
18599 78
18600 74
18601 74
18602 73
18603 75
18604 71
18605 76
18606 72
18607 77
18608 82
18609 76
18610 72
18611 75
18612 73
18613 73
18614 73
18615 73
18616 74
18617 74
18618 73
18619 76
18620 77
18621 74
18622 74
18623 75
18624 76
18625 75
18626 75
18627 77
18628 73
18629 74
18630 72
18631 75
18632 72
18633 69
18634 73
18635 69
18636 74
18637 70
18638 73
18639 69
18640 74
18641 70
18642 74
18643 71
18644 75
18645 70
18646 73
18647 70
18648 74
18649 70
18650 75
18651 71
18652 76
18653 71
18654 75
18655 71
18656 76
18657 70
18658 72
18659 71
18660 73
18661 71
18662 73
18663 71
18664 76
18665 72
18666 74
18667 71
18668 73
18669 70
18670 74
18671 71
18672 74
18673 73
18674 75
18675 71
18676 75
18677 72
18678 74
18679 73
18680 76
18681 73
18682 74
18683 72
18684 75
18685 71
18686 75
18687 71
18688 72
18689 72
18690 73
18691 73
18692 75
18693 72
18694 73
18695 73
18696 74
18697 73
18698 76
18699 75
18700 75
18701 72
18702 74
18703 71
18704 78
18705 72
18706 75
18707 72
18708 77
18709 74
18710 75
18711 73
18712 74
18713 72
18714 75
18715 73
18716 77
18717 74
18718 77
18719 74
18720 76
18721 74
18722 73
18723 71
18724 73
18725 72
18726 74
18727 73
18728 78
18729 72
18730 74
18731 73
18732 74
18733 76
18734 75
18735 73
18736 78
18737 73
18738 74
18739 75
18740 75
18741 74
18742 75
18743 74
18744 76
18745 74
18746 76
18747 72
18748 77
18749 72
18750 75
18751 73
18752 76
18753 76
18754 76
18755 73
18756 76
18757 74
18758 73
18759 74
18760 74
18761 74
18762 74
18763 73
18764 75
18765 74
18766 75
18767 75
18768 74
18769 74
18770 69
18771 75
18772 69
18773 72
18774 70
18775 73
18776 76
18777 73
18778 70
18779 75
18780 70
18781 74
18782 71
18783 73
18784 76
18785 74
18786 70
18787 76
18788 71
18789 74
18790 71
18791 75
18792 76
18793 74
18794 71
18795 76
18796 70
18797 75
18798 71
18799 77
18800 78
18801 72
18802 71
18803 73
18804 72
18805 74
18806 72
18807 73
18808 78
18809 74
18810 71
18811 75
18812 71
18813 76
18814 72
18815 74
18816 80
18817 76
18818 72
18819 75
18820 72
18821 75
18822 73
18823 77
18824 76
18825 74
18826 71
18827 75
18828 72
18829 74
18830 72
18831 75
18832 78
18833 73
18834 73
18835 73
18836 72
18837 74
18838 73
18839 75
18840 74
18841 74
18842 74
18843 75
18844 71
18845 75
18846 72
18847 77
18848 76
18849 74
18850 72
18851 75
18852 73
18853 76
18854 74
18855 75
18856 76
18857 76
18858 73
18859 77
18860 74
18861 75
18862 74
18863 77
18864 82
18865 76
18866 72
18867 73
18868 72
18869 74
18870 73
18871 74
18872 78
18873 76
18874 73
18875 75
18876 74
18877 74
18878 74
18879 75
18880 76
18881 75
18882 73
18883 75
18884 74
18885 76
18886 75
18887 75
18888 78
18889 76
18890 72
18891 76
18892 73
18893 76
18894 73
18895 77
18896 78
18897 76
18898 74
18899 75
18900 73
18901 76
18902 74
18903 73
18904 78
18905 74
18906 75
18907 69
18908 74
18909 70
18910 74
18911 70
18912 80
18913 70
18914 75
18915 71
18916 72
18917 70
18918 73
18919 71
18920 78
18921 71
18922 73
18923 72
18924 74
18925 70
18926 75
18927 71
18928 74
18929 72
18930 74
18931 71
18932 77
18933 72
18934 75
18935 73
18936 76
18937 71
18938 75
18939 71
18940 74
18941 72
18942 75
18943 73
18944 96
18945 72
18946 73
18947 73
18948 73
18949 72
18950 74
18951 71
18952 76
18953 72
18954 74
18955 72
18956 75
18957 74
18958 75
18959 73
18960 78
18961 72
18962 74
18963 73
18964 75
18965 73
18966 76
18967 71
18968 78
18969 72
18970 75
18971 73
18972 76
18973 72
18974 75
18975 73
18976 80
18977 75
18978 73
18979 73
18980 74
18981 73
18982 74
18983 73
18984 78
18985 74
18986 75
18987 72
18988 74
18989 72
18990 75
18991 73
18992 82
18993 74
18994 76
18995 73
18996 76
18997 74
18998 75
18999 74
19000 80
19001 75
19002 76
19003 73
19004 77
19005 74
19006 76
19007 75
19008 80
19009 72
19010 75
19011 73
19012 73
19013 73
19014 74
19015 74
19016 82
19017 74
19018 74
19019 73
19020 75
19021 74
19022 78
19023 75
19024 78
19025 75
19026 75
19027 75
19028 77
19029 74
19030 75
19031 75
19032 76
19033 72
19034 76
19035 73
19036 75
19037 76
19038 76
19039 73
19040 76
19041 74
19042 77
19043 75
19044 69
19045 76
19046 70
19047 74
19048 70
19049 76
19050 70
19051 75
19052 71
19053 76
19054 71
19055 77
19056 70
19057 74
19058 71
19059 75
19060 71
19061 73
19062 71
19063 73
19064 72
19065 74
19066 71
19067 75
19068 71
19069 74
19070 72
19071 75
19072 80
19073 75
19074 72
19075 75
19076 73
19077 74
19078 71
19079 75
19080 72
19081 76
19082 72
19083 77
19084 73
19085 76
19086 73
19087 75
19088 72
19089 75
19090 73
19091 73
19092 71
19093 74
19094 72
19095 74
19096 74
19097 76
19098 72
19099 75
19100 73
19101 74
19102 74
19103 75
19104 80
19105 76
19106 73
19107 76
19108 73
19109 76
19110 72
19111 75
19112 72
19113 76
19114 73
19115 76
19116 73
19117 76
19118 73
19119 77
19120 74
19121 76
19122 74
19123 73
19124 75
19125 74
19126 73
19127 75
19128 74
19129 74
19130 72
19131 75
19132 73
19133 78
19134 73
19135 77
19136 84
19137 75
19138 74
19139 76
19140 73
19141 76
19142 74
19143 77
19144 74
19145 78
19146 74
19147 75
19148 75
19149 76
19150 74
19151 78
19152 72
19153 78
19154 73
19155 77
19156 76
19157 76
19158 73
19159 74
19160 74
19161 74
19162 74
19163 75
19164 75
19165 77
19166 74
19167 75
19168 84
19169 76
19170 75
19171 76
19172 77
19173 78
19174 76
19175 75
19176 74
19177 76
19178 73
19179 75
19180 73
19181 76
19182 74
19183 70
19184 76
19185 70
19186 74
19187 71
19188 75
19189 70
19190 75
19191 71
19192 76
19193 72
19194 74
19195 71
19196 75
19197 71
19198 76
19199 71
19200 80
19201 72
19202 76
19203 72
19204 77
19205 72
19206 73
19207 71
19208 74
19209 72
19210 74
19211 72
19212 77
19213 72
19214 75
19215 73
19216 74
19217 72
19218 75
19219 71
19220 75
19221 72
19222 76
19223 74
19224 76
19225 72
19226 75
19227 73
19228 76
19229 74
19230 76
19231 74
19232 84
19233 73
19234 77
19235 72
19236 73
19237 72
19238 74
19239 73
19240 76
19241 74
19242 74
19243 73
19244 75
19245 74
19246 77
19247 74
19248 76
19249 76
19250 75
19251 73
19252 79
19253 72
19254 76
19255 73
19256 78
19257 73
19258 76
19259 75
19260 75
19261 74
19262 76
19263 73
19264 76
19265 74
19266 77
19267 75
19268 77
19269 75
19270 74
19271 75
19272 74
19273 72
19274 75
19275 73
19276 75
19277 74
19278 75
19279 73
19280 76
19281 74
19282 76
19283 75
19284 77
19285 74
19286 75
19287 74
19288 76
19289 76
19290 76
19291 75
19292 77
19293 75
19294 77
19295 75
19296 80
19297 73
19298 76
19299 73
19300 77
19301 74
19302 77
19303 77
19304 78
19305 74
19306 74
19307 75
19308 75
19309 75
19310 75
19311 75
19312 76
19313 74
19314 76
19315 75
19316 75
19317 76
19318 76
19319 75
19320 78
19321 76
19322 70
19323 73
19324 70
19325 74
19326 71
19327 74
19328 88
19329 76
19330 71
19331 75
19332 71
19333 74
19334 72
19335 75
19336 80
19337 76
19338 71
19339 75
19340 72
19341 76
19342 72
19343 75
19344 74
19345 77
19346 72
19347 76
19348 71
19349 78
19350 72
19351 73
19352 76
19353 74
19354 72
19355 75
19356 73
19357 74
19358 73
19359 75
19360 80
19361 77
19362 72
19363 77
19364 72
19365 75
19366 73
19367 77
19368 76
19369 76
19370 73
19371 76
19372 73
19373 78
19374 74
19375 75
19376 78
19377 76
19378 72
19379 77
19380 73
19381 76
19382 73
19383 74
19384 80
19385 74
19386 74
19387 75
19388 73
19389 76
19390 74
19391 75
19392 84
19393 76
19394 75
19395 76
19396 72
19397 78
19398 73
19399 75
19400 78
19401 76
19402 73
19403 77
19404 74
19405 76
19406 75
19407 77
19408 78
19409 80
19410 74
19411 76
19412 75
19413 78
19414 75
19415 77
19416 80
19417 74
19418 73
19419 75
19420 73
19421 75
19422 74
19423 77
19424 84
19425 76
19426 74
19427 75
19428 75
19429 76
19430 75
19431 77
19432 76
19433 77
19434 74
19435 77
19436 75
19437 76
19438 76
19439 78
19440 76
19441 77
19442 73
19443 77
19444 74
19445 78
19446 74
19447 77
19448 78
19449 76
19450 75
19451 77
19452 74
19453 74
19454 75
19455 75
19456 80
19457 78
19458 76
19459 75
19460 75
19461 70
19462 75
19463 71
19464 78
19465 71
19466 76
19467 71
19468 73
19469 72
19470 74
19471 71
19472 80
19473 72
19474 74
19475 72
19476 75
19477 73
19478 76
19479 71
19480 80
19481 72
19482 75
19483 73
19484 77
19485 72
19486 76
19487 73
19488 84
19489 74
19490 76
19491 72
19492 75
19493 72
19494 76
19495 73
19496 78
19497 74
19498 74
19499 73
19500 74
19501 74
19502 75
19503 73
19504 80
19505 72
19506 75
19507 73
19508 76
19509 73
19510 76
19511 75
19512 82
19513 74
19514 75
19515 73
19516 76
19517 74
19518 77
19519 74
19520 84
19521 72
19522 76
19523 73
19524 77
19525 74
19526 76
19527 73
19528 76
19529 74
19530 74
19531 76
19532 75
19533 74
19534 75
19535 74
19536 78
19537 74
19538 76
19539 75
19540 75
19541 73
19542 76
19543 73
19544 78
19545 74
19546 77
19547 75
19548 77
19549 74
19550 76
19551 75
19552 80
19553 75
19554 77
19555 76
19556 78
19557 74
19558 77
19559 75
19560 80
19561 76
19562 76
19563 73
19564 74
19565 74
19566 75
19567 74
19568 78
19569 75
19570 75
19571 75
19572 76
19573 74
19574 78
19575 75
19576 80
19577 76
19578 76
19579 75
19580 77
19581 76
19582 77
19583 75
19584 80
19585 76
19586 78
19587 73
19588 76
19589 74
19590 77
19591 77
19592 80
19593 74
19594 79
19595 75
19596 77
19597 76
19598 78
19599 77
19600 70
19601 75
19602 71
19603 77
19604 71
19605 76
19606 71
19607 78
19608 72
19609 79
19610 72
19611 75
19612 71
19613 76
19614 72
19615 74
19616 72
19617 74
19618 72
19619 75
19620 73
19621 76
19622 72
19623 75
19624 72
19625 76
19626 73
19627 76
19628 78
19629 76
19630 73
19631 75
19632 74
19633 76
19634 72
19635 77
19636 73
19637 78
19638 73
19639 77
19640 74
19641 76
19642 74
19643 76
19644 73
19645 74
19646 74
19647 75
19648 72
19649 75
19650 73
19651 77
19652 75
19653 76
19654 73
19655 75
19656 74
19657 76
19658 75
19659 77
19660 78
19661 77
19662 74
19663 77
19664 74
19665 76
19666 73
19667 79
19668 73
19669 77
19670 74
19671 77
19672 74
19673 78
19674 74
19675 77
19676 75
19677 74
19678 75
19679 75
19680 76
19681 77
19682 74
19683 75
19684 75
19685 76
19686 73
19687 77
19688 74
19689 78
19690 74
19691 76
19692 77
19693 77
19694 75
19695 77
19696 74
19697 78
19698 75
19699 79
19700 75
19701 76
19702 75
19703 77
19704 76
19705 79
19706 75
19707 79
19708 73
19709 78
19710 74
19711 77
19712 88
19713 75
19714 74
19715 75
19716 75
19717 76
19718 75
19719 78
19720 76
19721 76
19722 75
19723 77
19724 80
19725 77
19726 76
19727 79
19728 78
19729 76
19730 76
19731 77
19732 75
19733 78
19734 74
19735 77
19736 74
19737 78
19738 75
19739 79
19740 77
19741 71
19742 75
19743 71
19744 76
19745 72
19746 76
19747 71
19748 77
19749 72
19750 75
19751 73
19752 76
19753 72
19754 77
19755 72
19756 80
19757 72
19758 77
19759 73
19760 78
19761 73
19762 74
19763 73
19764 75
19765 72
19766 75
19767 73
19768 78
19769 73
19770 76
19771 73
19772 75
19773 74
19774 76
19775 73
19776 76
19777 72
19778 76
19779 73
19780 77
19781 75
19782 76
19783 73
19784 78
19785 74
19786 77
19787 75
19788 77
19789 75
19790 78
19791 74
19792 74
19793 73
19794 75
19795 73
19796 77
19797 74
19798 75
19799 75
19800 76
19801 74
19802 78
19803 75
19804 77
19805 75
19806 76
19807 77
19808 80
19809 74
19810 77
19811 73
19812 77
19813 74
19814 77
19815 74
19816 76
19817 76
19818 77
19819 75
19820 79
19821 74
19822 79
19823 75
19824 78
19825 76
19826 75
19827 76
19828 75
19829 76
19830 76
19831 73
19832 80
19833 74
19834 76
19835 75
19836 77
19837 74
19838 77
19839 75
19840 88
19841 78
19842 76
19843 75
19844 77
19845 75
19846 77
19847 78
19848 78
19849 76
19850 78
19851 76
19852 78
19853 76
19854 77
19855 74
19856 78
19857 74
19858 78
19859 75
19860 79
19861 78
19862 75
19863 75
19864 76
19865 76
19866 76
19867 76
19868 77
19869 76
19870 77
19871 75
19872 76
19873 76
19874 77
19875 77
19876 79
19877 76
19878 78
19879 77
19880 78
19881 74
19882 71
19883 75
19884 71
19885 75
19886 72
19887 77
19888 78
19889 76
19890 72
19891 75
19892 72
19893 76
19894 73
19895 78
19896 78
19897 76
19898 72
19899 77
19900 73
19901 76
19902 73
19903 77
19904 80
19905 77
19906 73
19907 79
19908 72
19909 74
19910 73
19911 75
19912 80
19913 76
19914 73
19915 75
19916 74
19917 76
19918 74
19919 78
19920 80
19921 78
19922 73
19923 76
19924 73
19925 78
19926 74
19927 77
19928 78
19929 76
19930 74
19931 77
19932 74
19933 76
19934 75
19935 77
19936 80
19937 78
19938 73
19939 79
19940 74
19941 75
19942 74
19943 75
19944 76
19945 76
19946 75
19947 77
19948 74
19949 76
19950 75
19951 77
19952 78
19953 77
19954 76
19955 79
19956 73
19957 76
19958 74
19959 77
19960 78
19961 78
19962 74
19963 77
19964 75
19965 78
19966 76
19967 78
19968 96
19969 77
19970 75
19971 79
19972 76
19973 78
19974 76
19975 75
19976 80
19977 76
19978 74
19979 76
19980 74
19981 77
19982 75
19983 77
19984 78
19985 76
19986 75
19987 77
19988 76
19989 78
19990 76
19991 78
19992 80
19993 78
19994 75
19995 77
19996 76
19997 78
19998 77
19999 78
20000 80
