1 1
2 2
3 3
4 4
5 5
6 6
7 7
8 8
9 9
10 10
11 12
12 13
13 16
14 17
15 18
16 19
17 20
18 21
19 22
20 23
21 26
22 27
23 28
24 31
25 36
26 37
27 38
28 40
29 41
30 42
31 43
32 45
33 48
34 49
35 50
36 52
37 57
38 64
39 66
40 67
41 68
42 70
43 73
44 75
45 76
46 79
47 82
48 84
49 91
50 100
51 101
52 102
53 104
54 106
55 108
56 109
57 111
58 112
59 113
60 117
61 122
62 124
63 133
64 144
65 146
66 147
67 148
68 150
69 151
70 156
71 157
72 159
73 163
74 170
75 172
76 183
77 196
78 198
79 200
80 201
81 202
82 208
83 211
84 213
85 217
86 226
87 228
88 241
89 256
90 258
91 259
92 260
93 262
94 268
95 273
96 275
97 279
98 290
99 292
100 307
101 324
102 325
103 326
104 328
105 330
106 336
107 343
108 345
109 349
110 362
111 364
112 381
113 400
114 402
115 404
116 406
117 412
118 421
119 423
120 427
121 442
122 444
123 463
124 484
125 486
126 488
127 490
128 496
129 507
130 509
131 513
132 530
133 532
134 553
135 576
136 578
137 580
138 582
139 588
140 601
141 603
142 607
143 626
144 628
145 651
146 676
147 678
148 680
149 682
150 688
151 703
152 705
153 709
154 730
155 732
156 757
157 784
158 786
159 788
160 790
161 796
162 813
163 815
164 819
165 842
166 844
167 871
168 900
169 902
170 904
171 906
172 912
173 931
174 933
175 937
176 962
177 964
178 993
179 1024
180 1026
181 1028
182 1030
183 1036
184 1057
185 1059
186 1063
187 1090
188 1092
189 1123
190 1156
191 1158
192 1160
193 1162
194 1168
195 1191
196 1193
197 1197
198 1226
199 1228
200 1261
201 1296
202 1298
203 1300
204 1302
205 1308
206 1333
207 1335
208 1339
209 1370
210 1372
211 1407
212 1444
213 1446
214 1448
215 1450
216 1456
217 1483
218 1485
219 1489
220 1522
221 1524
222 1561
223 1600
224 1602
225 1604
226 1606
227 1612
228 1641
229 1643
230 1647
231 1682
232 1684
233 1723
234 1764
235 1766
236 1768
237 1770
238 1776
239 1807
240 1809
241 1813
242 1850
243 1852
244 1893
245 1936
246 1938
247 1940
248 1942
249 1948
250 1981
251 1983
252 1987
253 2026
254 2028
255 2071
256 2116
257 2118
258 2120
259 2122
260 2128
261 2163
262 2165
263 2169
264 2210
265 2212
266 2257
267 2304
268 2306
269 2308
270 2310
271 2316
272 2353
273 2355
274 2359
275 2402
276 2404
277 2451
278 2500
279 2502
280 2504
281 2506
282 2512
283 2551
284 2553
285 2557
286 2602
287 2604
288 2653
289 2704
290 2706
291 2708
292 2710
293 2716
294 2757
295 2759
296 2763
297 2810
298 2812
299 2863
300 2916
301 2918
302 2920
303 2922
304 2928
305 2971
306 2973
307 2977
308 3026
309 3028
310 3081
311 3136
312 3138
313 3140
314 3142
315 3148
316 3193
317 3195
318 3199
319 3250
320 3252
321 3307
322 3364
323 3366
324 3368
325 3370
326 3376
327 3423
328 3425
329 3429
330 3482
331 3484
332 3541
333 3600
334 3602
335 3604
336 3606
337 3612
338 3661
339 3663
340 3667
341 3722
342 3724
343 3783
344 3844
345 3846
346 3848
347 3850
348 3856
349 3907
350 3909
351 3913
352 3970
353 3972
354 4033
355 4096
356 4098
357 4100
358 4102
359 4108
360 4161
361 4163
362 4167
363 4226
364 4228
365 4291
366 4356
367 4358
368 4360
369 4362
370 4368
371 4423
372 4425
373 4429
374 4490
375 4492
376 4557
377 4624
378 4626
379 4628
380 4630
381 4636
382 4693
383 4695
384 4699
385 4762
386 4764
387 4831
388 4900
389 4902
390 4904
391 4906
392 4912
393 4971
394 4973
395 4977
396 5042
397 5044
398 5113
399 5184
400 5186
401 5188
402 5190
403 5196
404 5257
405 5259
406 5263
407 5330
408 5332
409 5403
410 5476
411 5478
412 5480
413 5482
414 5488
415 5551
416 5553
417 5557
418 5626
419 5628
420 5701
421 5776
422 5778
423 5780
424 5782
425 5788
426 5853
427 5855
428 5859
429 5930
430 5932
431 6007
432 6084
433 6086
434 6088
435 6090
436 6096
437 6163
438 6165
439 6169
440 6242
441 6244
442 6321
443 6400
444 6402
445 6404
446 6406
447 6412
448 6481
449 6483
450 6487
451 6562
452 6564
453 6643
454 6724
455 6726
456 6728
457 6730
458 6736
459 6807
460 6809
461 6813
462 6890
463 6892
464 6973
465 7056
466 7058
467 7060
468 7062
469 7068
470 7141
471 7143
472 7147
473 7226
474 7228
475 7311
476 7396
477 7398
478 7400
479 7402
480 7408
481 7483
482 7485
483 7489
484 7570
485 7572
486 7657
487 7744
488 7746
489 7748
490 7750
491 7756
492 7833
493 7835
494 7839
495 7922
496 7924
497 8011
498 8100
499 8102
500 8104
501 8106
502 8112
503 8191
504 8193
505 8197
506 8282
507 8284
508 8373
509 8464
510 8466
511 8468
512 8470
513 8476
514 8557
515 8559
516 8563
517 8650
518 8652
519 8743
520 8836
521 8838
522 8840
523 8842
524 8848
525 8931
526 8933
527 8937
528 9026
529 9028
530 9121
531 9216
532 9218
533 9220
534 9222
535 9228
536 9313
537 9315
538 9319
539 9410
540 9412
541 9507
542 9604
543 9606
544 9608
545 9610
546 9616
547 9703
548 9705
549 9709
550 9802
551 9804
552 9901
553 10000
554 10002
555 10004
556 10006
557 10012
558 10101
559 10103
560 10107
561 10202
562 10204
563 10303
564 10404
565 10406
566 10408
567 10410
568 10416
569 10507
570 10509
571 10513
572 10610
573 10612
574 10713
575 10816
576 10818
577 10820
578 10822
579 10828
580 10921
581 10923
582 10927
583 11026
584 11028
585 11131
586 11236
587 11238
588 11240
589 11242
590 11248
591 11343
592 11345
593 11349
594 11450
595 11452
596 11557
597 11664
598 11666
599 11668
600 11670
601 11676
602 11773
603 11775
604 11779
605 11882
606 11884
607 11991
608 12100
609 12102
610 12104
611 12106
612 12112
613 12211
614 12213
615 12217
616 12322
617 12324
618 12433
619 12544
620 12546
621 12548
622 12550
623 12556
624 12657
625 12659
626 12663
627 12770
628 12772
629 12883
630 12996
631 12998
632 13000
633 13002
634 13008
635 13111
636 13113
637 13117
638 13226
639 13228
640 13341
641 13456
642 13458
643 13460
644 13462
645 13468
646 13573
647 13575
648 13579
649 13690
650 13692
651 13807
652 13924
653 13926
654 13928
655 13930
656 13936
657 14043
658 14045
659 14049
660 14162
661 14164
662 14281
663 14400
664 14402
665 14404
666 14406
667 14412
668 14521
669 14523
670 14527
671 14642
672 14644
673 14763
674 14884
675 14886
676 14888
677 14890
678 14896
679 15007
680 15009
681 15013
682 15130
683 15132
684 15253
685 15376
686 15378
687 15380
688 15382
689 15388
690 15501
691 15503
692 15507
693 15626
694 15628
695 15751
696 15876
697 15878
698 15880
699 15882
700 15888
701 16003
702 16005
703 16009
704 16130
705 16132
706 16257
707 16384
708 16386
709 16388
710 16390
711 16396
712 16513
713 16515
714 16519
715 16642
716 16644
717 16771
718 16900
719 16902
720 16904
721 16906
722 16912
723 17031
724 17033
725 17037
726 17162
727 17164
728 17293
729 17424
730 17426
731 17428
732 17430
733 17436
734 17557
735 17559
736 17563
737 17690
738 17692
739 17823
740 17956
741 17958
742 17960
743 17962
744 17968
745 18091
746 18093
747 18097
748 18226
749 18228
750 18361
751 18496
752 18498
753 18500
754 18502
755 18508
756 18633
757 18635
758 18639
759 18770
760 18772
761 18907
762 19044
763 19046
764 19048
765 19050
766 19056
767 19183
768 19185
769 19189
770 19322
771 19324
772 19461
773 19600
774 19602
775 19604
776 19606
777 19612
778 19741
779 19743
780 19747
781 19882
782 19884
783 20023
784 20164
785 20166
786 20168
787 20170
788 20176
789 20307
790 20309
791 20313
792 20450
793 20452
794 20593
795 20736
796 20738
797 20740
798 20742
799 20748
800 20881
801 20883
802 20887
803 21026
804 21028
805 21171
806 21316
807 21318
808 21320
809 21322
810 21328
811 21463
812 21465
813 21469
814 21610
815 21612
816 21757
817 21904
818 21906
819 21908
820 21910
821 21916
822 22053
823 22055
824 22059
825 22202
826 22204
827 22351
828 22500
829 22502
830 22504
831 22506
832 22512
833 22651
834 22653
835 22657
836 22802
837 22804
838 22953
839 23104
840 23106
841 23108
842 23110
843 23116
844 23257
845 23259
846 23263
847 23410
848 23412
849 23563
850 23716
851 23718
852 23720
853 23722
854 23728
855 23871
856 23873
857 23877
858 24026
859 24028
860 24181
861 24336
862 24338
863 24340
864 24342
865 24348
866 24493
867 24495
868 24499
869 24650
870 24652
871 24807
872 24964
873 24966
874 24968
875 24970
876 24976
877 25123
878 25125
879 25129
880 25282
881 25284
882 25441
883 25600
884 25602
885 25604
886 25606
887 25612
888 25761
889 25763
890 25767
891 25922
892 25924
893 26083
894 26244
895 26246
896 26248
897 26250
898 26256
899 26407
900 26409
901 26413
902 26570
903 26572
904 26733
905 26896
906 26898
907 26900
908 26902
909 26908
910 27061
911 27063
912 27067
913 27226
914 27228
915 27391
916 27556
917 27558
918 27560
919 27562
920 27568
921 27723
922 27725
923 27729
924 27890
925 27892
926 28057
927 28224
928 28226
929 28228
930 28230
931 28236
932 28393
933 28395
934 28399
935 28562
936 28564
937 28731
938 28900
939 28902
940 28904
941 28906
942 28912
943 29071
944 29073
945 29077
946 29242
947 29244
948 29413
949 29584
950 29586
951 29588
952 29590
953 29596
954 29757
955 29759
956 29763
957 29930
958 29932
959 30103
960 30276
961 30278
962 30280
963 30282
964 30288
965 30451
966 30453
967 30457
968 30626
969 30628
970 30801
971 30976
972 30978
973 30980
974 30982
975 30988
976 31153
977 31155
978 31159
979 31330
980 31332
981 31507
982 31684
983 31686
984 31688
985 31690
986 31696
987 31863
988 31865
989 31869
990 32042
991 32044
992 32221
993 32400
994 32402
995 32404
996 32406
997 32412
998 32581
999 32583
1000 32587
1001 32762
1002 32764
1003 32943
1004 33124
1005 33126
1006 33128
1007 33130
1008 33136
1009 33307
1010 33309
1011 33313
1012 33490
1013 33492
1014 33673
1015 33856
1016 33858
1017 33860
1018 33862
1019 33868
1020 34041
1021 34043
1022 34047
1023 34226
1024 34228
1025 34411
1026 34596
1027 34598
1028 34600
1029 34602
1030 34608
1031 34783
1032 34785
1033 34789
1034 34970
1035 34972
1036 35157
1037 35344
1038 35346
1039 35348
1040 35350
1041 35356
1042 35533
1043 35535
1044 35539
1045 35722
1046 35724
1047 35911
1048 36100
1049 36102
1050 36104
1051 36106
1052 36112
1053 36291
1054 36293
1055 36297
1056 36482
1057 36484
1058 36673
1059 36864
1060 36866
1061 36868
1062 36870
1063 36876
1064 37057
1065 37059
1066 37063
1067 37250
1068 37252
1069 37443
1070 37636
1071 37638
1072 37640
1073 37642
1074 37648
1075 37831
1076 37833
1077 37837
1078 38026
1079 38028
1080 38221
1081 38416
1082 38418
1083 38420
1084 38422
1085 38428
1086 38613
1087 38615
1088 38619
1089 38810
1090 38812
1091 39007
1092 39204
1093 39206
1094 39208
1095 39210
1096 39216
1097 39403
1098 39405
1099 39409
1100 39602
1101 39604
1102 39801
1103 40000
1104 40002
1105 40004
1106 40006
1107 40012
1108 40201
1109 40203
1110 40207
1111 40402
1112 40404
1113 40603
1114 40804
1115 40806
1116 40808
1117 40810
1118 40816
1119 41007
1120 41009
1121 41013
1122 41210
1123 41212
1124 41413
1125 41616
1126 41618
1127 41620
1128 41622
1129 41628
1130 41821
1131 41823
1132 41827
1133 42026
1134 42028
1135 42231
1136 42436
1137 42438
1138 42440
1139 42442
1140 42448
1141 42643
1142 42645
1143 42649
1144 42850
1145 42852
1146 43057
1147 43264
1148 43266
1149 43268
1150 43270
1151 43276
1152 43473
1153 43475
1154 43479
1155 43682
1156 43684
1157 43891
1158 44100
1159 44102
1160 44104
1161 44106
1162 44112
1163 44311
1164 44313
1165 44317
1166 44522
1167 44524
1168 44733
1169 44944
1170 44946
1171 44948
1172 44950
1173 44956
1174 45157
1175 45159
1176 45163
1177 45370
1178 45372
1179 45583
1180 45796
1181 45798
1182 45800
1183 45802
1184 45808
1185 46011
1186 46013
1187 46017
1188 46226
1189 46228
1190 46441
1191 46656
1192 46658
1193 46660
1194 46662
1195 46668
1196 46873
1197 46875
1198 46879
1199 47090
1200 47092
1201 47307
1202 47524
1203 47526
1204 47528
1205 47530
1206 47536
1207 47743
1208 47745
1209 47749
1210 47962
1211 47964
1212 48181
1213 48400
1214 48402
1215 48404
1216 48406
1217 48412
1218 48621
1219 48623
1220 48627
1221 48842
1222 48844
1223 49063
1224 49284
1225 49286
1226 49288
1227 49290
1228 49296
1229 49507
1230 49509
1231 49513
1232 49730
1233 49732
1234 49953
1235 50176
1236 50178
1237 50180
1238 50182
1239 50188
1240 50401
1241 50403
1242 50407
1243 50626
1244 50628
1245 50851
1246 51076
1247 51078
1248 51080
1249 51082
1250 51088
1251 51303
1252 51305
1253 51309
1254 51530
1255 51532
1256 51757
1257 51984
1258 51986
1259 51988
1260 51990
1261 51996
1262 52213
1263 52215
1264 52219
1265 52442
1266 52444
1267 52671
1268 52900
1269 52902
1270 52904
1271 52906
1272 52912
1273 53131
1274 53133
1275 53137
1276 53362
1277 53364
1278 53593
1279 53824
1280 53826
1281 53828
1282 53830
1283 53836
1284 54057
1285 54059
1286 54063
1287 54290
1288 54292
1289 54523
1290 54756
1291 54758
1292 54760
1293 54762
1294 54768
1295 54991
1296 54993
1297 54997
1298 55226
1299 55228
1300 55461
1301 55696
1302 55698
1303 55700
1304 55702
1305 55708
1306 55933
1307 55935
1308 55939
1309 56170
1310 56172
1311 56407
1312 56644
1313 56646
1314 56648
1315 56650
1316 56656
1317 56883
1318 56885
1319 56889
1320 57122
1321 57124
1322 57361
1323 57600
1324 57602
1325 57604
1326 57606
1327 57612
1328 57841
1329 57843
1330 57847
1331 58082
1332 58084
1333 58323
1334 58564
1335 58566
1336 58568
1337 58570
1338 58576
1339 58807
1340 58809
1341 58813
1342 59050
1343 59052
1344 59293
1345 59536
1346 59538
1347 59540
1348 59542
1349 59548
1350 59781
1351 59783
1352 59787
1353 60026
1354 60028
1355 60271
1356 60516
1357 60518
1358 60520
1359 60522
1360 60528
1361 60763
1362 60765
1363 60769
1364 61010
1365 61012
1366 61257
1367 61504
1368 61506
1369 61508
1370 61510
1371 61516
1372 61753
1373 61755
1374 61759
1375 62002
1376 62004
1377 62251
1378 62500
1379 62502
1380 62504
1381 62506
1382 62512
1383 62751
1384 62753
1385 62757
1386 63002
1387 63004
1388 63253
1389 63504
1390 63506
1391 63508
1392 63510
1393 63516
1394 63757
1395 63759
1396 63763
1397 64010
1398 64012
1399 64263
1400 64516
1401 64518
1402 64520
1403 64522
1404 64528
1405 64771
1406 64773
1407 64777
1408 65026
1409 65028
1410 65281
1411 65536
1412 65538
1413 65540
1414 65542
1415 65548
1416 65793
1417 65795
1418 65799
1419 66050
1420 66052
1421 66307
1422 66564
1423 66566
1424 66568
1425 66570
1426 66576
1427 66823
1428 66825
1429 66829
1430 67082
1431 67084
1432 67341
1433 67600
1434 67602
1435 67604
1436 67606
1437 67612
1438 67861
1439 67863
1440 67867
1441 68122
1442 68124
1443 68383
1444 68644
1445 68646
1446 68648
1447 68650
1448 68656
1449 68907
1450 68909
1451 68913
1452 69170
1453 69172
1454 69433
1455 69696
1456 69698
1457 69700
1458 69702
1459 69708
1460 69961
1461 69963
1462 69967
1463 70226
1464 70228
1465 70491
1466 70756
1467 70758
1468 70760
1469 70762
1470 70768
1471 71023
1472 71025
1473 71029
1474 71290
1475 71292
1476 71557
1477 71824
1478 71826
1479 71828
1480 71830
1481 71836
1482 72093
1483 72095
1484 72099
1485 72362
1486 72364
1487 72631
1488 72900
1489 72902
1490 72904
1491 72906
1492 72912
1493 73171
1494 73173
1495 73177
1496 73442
1497 73444
1498 73713
1499 73984
1500 73986
1501 73988
1502 73990
1503 73996
1504 74257
1505 74259
1506 74263
1507 74530
1508 74532
1509 74803
1510 75076
1511 75078
1512 75080
1513 75082
1514 75088
1515 75351
1516 75353
1517 75357
1518 75626
1519 75628
1520 75901
1521 76176
1522 76178
1523 76180
1524 76182
1525 76188
1526 76453
1527 76455
1528 76459
1529 76730
1530 76732
1531 77007
1532 77284
1533 77286
1534 77288
1535 77290
1536 77296
1537 77563
1538 77565
1539 77569
1540 77842
1541 77844
1542 78121
1543 78400
1544 78402
1545 78404
1546 78406
1547 78412
1548 78681
1549 78683
1550 78687
1551 78962
1552 78964
1553 79243
1554 79524
1555 79526
1556 79528
1557 79530
1558 79536
1559 79807
1560 79809
1561 79813
1562 80090
1563 80092
1564 80373
1565 80656
1566 80658
1567 80660
1568 80662
1569 80668
1570 80941
1571 80943
1572 80947
1573 81226
1574 81228
1575 81511
1576 81796
1577 81798
1578 81800
1579 81802
1580 81808
1581 82083
1582 82085
1583 82089
1584 82370
1585 82372
1586 82657
1587 82944
1588 82946
1589 82948
1590 82950
1591 82956
1592 83233
1593 83235
1594 83239
1595 83522
1596 83524
1597 83811
1598 84100
1599 84102
1600 84104
1601 84106
1602 84112
1603 84391
1604 84393
1605 84397
1606 84682
1607 84684
1608 84973
1609 85264
1610 85266
1611 85268
1612 85270
1613 85276
1614 85557
1615 85559
1616 85563
1617 85850
1618 85852
1619 86143
1620 86436
1621 86438
1622 86440
1623 86442
1624 86448
1625 86731
1626 86733
1627 86737
1628 87026
1629 87028
1630 87321
1631 87616
1632 87618
1633 87620
1634 87622
1635 87628
1636 87913
1637 87915
1638 87919
1639 88210
1640 88212
1641 88507
1642 88804
1643 88806
1644 88808
1645 88810
1646 88816
1647 89103
1648 89105
1649 89109
1650 89402
1651 89404
1652 89701
1653 90000
1654 90002
1655 90004
1656 90006
1657 90012
1658 90301
1659 90303
1660 90307
1661 90602
1662 90604
1663 90903
1664 91204
1665 91206
1666 91208
1667 91210
1668 91216
1669 91507
1670 91509
1671 91513
1672 91810
1673 91812
1674 92113
1675 92416
1676 92418
1677 92420
1678 92422
1679 92428
1680 92721
1681 92723
1682 92727
1683 93026
1684 93028
1685 93331
1686 93636
1687 93638
1688 93640
1689 93642
1690 93648
1691 93943
1692 93945
1693 93949
1694 94250
1695 94252
1696 94557
1697 94864
1698 94866
1699 94868
1700 94870
1701 94876
1702 95173
1703 95175
1704 95179
1705 95482
1706 95484
1707 95791
1708 96100
1709 96102
1710 96104
1711 96106
1712 96112
1713 96411
1714 96413
1715 96417
1716 96722
1717 96724
1718 97033
1719 97344
1720 97346
1721 97348
1722 97350
1723 97356
1724 97657
1725 97659
1726 97663
1727 97970
1728 97972
1729 98283
1730 98596
1731 98598
1732 98600
1733 98602
1734 98608
1735 98911
1736 98913
1737 98917
1738 99226
1739 99228
1740 99541
1741 99856
1742 99858
1743 99860
1744 99862
1745 99868
1746 100173
1747 100175
1748 100179
1749 100490
1750 100492
1751 100807
1752 101124
1753 101126
1754 101128
1755 101130
1756 101136
1757 101443
1758 101445
1759 101449
1760 101762
1761 101764
1762 102081
1763 102400
1764 102402
1765 102404
1766 102406
1767 102412
1768 102721
1769 102723
1770 102727
1771 103042
1772 103044
1773 103363
1774 103684
1775 103686
1776 103688
1777 103690
1778 103696
1779 104007
1780 104009
1781 104013
1782 104330
1783 104332
1784 104653
1785 104976
1786 104978
1787 104980
1788 104982
1789 104988
1790 105301
1791 105303
1792 105307
1793 105626
1794 105628
1795 105951
1796 106276
1797 106278
1798 106280
1799 106282
1800 106288
1801 106603
1802 106605
1803 106609
1804 106930
1805 106932
1806 107257
1807 107584
1808 107586
1809 107588
1810 107590
1811 107596
1812 107913
1813 107915
1814 107919
1815 108242
1816 108244
1817 108571
1818 108900
1819 108902
1820 108904
1821 108906
1822 108912
1823 109231
1824 109233
1825 109237
1826 109562
1827 109564
1828 109893
1829 110224
1830 110226
1831 110228
1832 110230
1833 110236
1834 110557
1835 110559
1836 110563
1837 110890
1838 110892
1839 111223
1840 111556
1841 111558
1842 111560
1843 111562
1844 111568
1845 111891
1846 111893
1847 111897
1848 112226
1849 112228
1850 112561
1851 112896
1852 112898
1853 112900
1854 112902
1855 112908
1856 113233
1857 113235
1858 113239
1859 113570
1860 113572
1861 113907
1862 114244
1863 114246
1864 114248
1865 114250
1866 114256
1867 114583
1868 114585
1869 114589
1870 114922
1871 114924
1872 115261
1873 115600
1874 115602
1875 115604
1876 115606
1877 115612
1878 115941
1879 115943
1880 115947
1881 116282
1882 116284
1883 116623
1884 116964
1885 116966
1886 116968
1887 116970
1888 116976
1889 117307
1890 117309
1891 117313
1892 117650
1893 117652
1894 117993
1895 118336
1896 118338
1897 118340
1898 118342
1899 118348
1900 118681
1901 118683
1902 118687
1903 119026
1904 119028
1905 119371
1906 119716
1907 119718
1908 119720
1909 119722
1910 119728
1911 120063
1912 120065
1913 120069
1914 120410
1915 120412
1916 120757
1917 121104
1918 121106
1919 121108
1920 121110
1921 121116
1922 121453
1923 121455
1924 121459
1925 121802
1926 121804
1927 122151
1928 122500
1929 122502
1930 122504
1931 122506
1932 122512
1933 122851
1934 122853
1935 122857
1936 123202
1937 123204
1938 123553
1939 123904
1940 123906
1941 123908
1942 123910
1943 123916
1944 124257
1945 124259
1946 124263
1947 124610
1948 124612
1949 124963
1950 125316
1951 125318
1952 125320
1953 125322
1954 125328
1955 125671
1956 125673
1957 125677
1958 126026
1959 126028
1960 126381
1961 126736
1962 126738
1963 126740
1964 126742
1965 126748
1966 127093
1967 127095
1968 127099
1969 127450
1970 127452
1971 127807
1972 128164
1973 128166
1974 128168
1975 128170
1976 128176
1977 128523
1978 128525
1979 128529
1980 128882
1981 128884
1982 129241
1983 129600
1984 129602
1985 129604
1986 129606
1987 129612
1988 129961
1989 129963
1990 129967
1991 130322
1992 130324
1993 130683
1994 131044
1995 131046
1996 131048
1997 131050
1998 131056
1999 131407
2000 131409
2001 131413
2002 131770
2003 131772
2004 132133
2005 132496
2006 132498
2007 132500
2008 132502
2009 132508
2010 132861
2011 132863
2012 132867
2013 133226
2014 133228
2015 133591
2016 133956
2017 133958
2018 133960
2019 133962
2020 133968
2021 134323
2022 134325
2023 134329
2024 134690
2025 134692
2026 135057
2027 135424
2028 135426
2029 135428
2030 135430
2031 135436
2032 135793
2033 135795
2034 135799
2035 136162
2036 136164
2037 136531
2038 136900
2039 136902
2040 136904
2041 136906
2042 136912
2043 137271
2044 137273
2045 137277
2046 137642
2047 137644
2048 138013
2049 138384
2050 138386
2051 138388
2052 138390
2053 138396
2054 138757
2055 138759
2056 138763
2057 139130
2058 139132
2059 139503
2060 139876
2061 139878
2062 139880
2063 139882
2064 139888
2065 140251
2066 140253
2067 140257
2068 140626
2069 140628
2070 141001
2071 141376
2072 141378
2073 141380
2074 141382
2075 141388
2076 141753
2077 141755
2078 141759
2079 142130
2080 142132
2081 142507
2082 142884
2083 142886
2084 142888
2085 142890
2086 142896
2087 143263
2088 143265
2089 143269
2090 143642
2091 143644
2092 144021
2093 144400
2094 144402
2095 144404
2096 144406
2097 144412
2098 144781
2099 144783
2100 144787
2101 145162
2102 145164
2103 145543
2104 145924
2105 145926
2106 145928
2107 145930
2108 145936
2109 146307
2110 146309
2111 146313
2112 146690
2113 146692
2114 147073
2115 147456
2116 147458
2117 147460
2118 147462
2119 147468
2120 147841
2121 147843
2122 147847
2123 148226
2124 148228
2125 148611
2126 148996
2127 148998
2128 149000
2129 149002
2130 149008
2131 149383
2132 149385
2133 149389
2134 149770
2135 149772
2136 150157
2137 150544
2138 150546
2139 150548
2140 150550
2141 150556
2142 150933
2143 150935
2144 150939
2145 151322
2146 151324
2147 151711
2148 152100
2149 152102
2150 152104
2151 152106
2152 152112
2153 152491
2154 152493
2155 152497
2156 152882
2157 152884
2158 153273
2159 153664
2160 153666
2161 153668
2162 153670
2163 153676
2164 154057
2165 154059
2166 154063
2167 154450
2168 154452
2169 154843
2170 155236
2171 155238
2172 155240
2173 155242
2174 155248
2175 155631
2176 155633
2177 155637
2178 156026
2179 156028
2180 156421
2181 156816
2182 156818
2183 156820
2184 156822
2185 156828
2186 157213
2187 157215
2188 157219
2189 157610
2190 157612
2191 158007
2192 158404
2193 158406
2194 158408
2195 158410
2196 158416
2197 158803
2198 158805
2199 158809
2200 159202
2201 159204
2202 159601
2203 160000
2204 160002
2205 160004
2206 160006
2207 160012
2208 160401
2209 160403
2210 160407
2211 160802
2212 160804
2213 161203
2214 161604
2215 161606
2216 161608
2217 161610
2218 161616
2219 162007
2220 162009
2221 162013
2222 162410
2223 162412
2224 162813
2225 163216
2226 163218
2227 163220
2228 163222
2229 163228
2230 163621
2231 163623
2232 163627
2233 164026
2234 164028
2235 164431
2236 164836
2237 164838
2238 164840
2239 164842
2240 164848
2241 165243
2242 165245
2243 165249
2244 165650
2245 165652
2246 166057
2247 166464
2248 166466
2249 166468
2250 166470
2251 166476
2252 166873
2253 166875
2254 166879
2255 167282
2256 167284
2257 167691
2258 168100
2259 168102
2260 168104
2261 168106
2262 168112
2263 168511
2264 168513
2265 168517
2266 168922
2267 168924
2268 169333
2269 169744
2270 169746
2271 169748
2272 169750
2273 169756
2274 170157
2275 170159
2276 170163
2277 170570
2278 170572
2279 170983
2280 171396
2281 171398
2282 171400
2283 171402
2284 171408
2285 171811
2286 171813
2287 171817
2288 172226
2289 172228
2290 172641
2291 173056
2292 173058
2293 173060
2294 173062
2295 173068
2296 173473
2297 173475
2298 173479
2299 173890
2300 173892
2301 174307
2302 174724
2303 174726
2304 174728
2305 174730
2306 174736
2307 175143
2308 175145
2309 175149
2310 175562
2311 175564
2312 175981
2313 176400
2314 176402
2315 176404
2316 176406
2317 176412
2318 176821
2319 176823
2320 176827
2321 177242
2322 177244
2323 177663
2324 178084
2325 178086
2326 178088
2327 178090
2328 178096
2329 178507
2330 178509
2331 178513
2332 178930
2333 178932
2334 179353
2335 179776
2336 179778
2337 179780
2338 179782
2339 179788
2340 180201
2341 180203
2342 180207
2343 180626
2344 180628
2345 181051
2346 181476
2347 181478
2348 181480
2349 181482
2350 181488
2351 181903
2352 181905
2353 181909
2354 182330
2355 182332
2356 182757
2357 183184
2358 183186
2359 183188
2360 183190
2361 183196
2362 183613
2363 183615
2364 183619
2365 184042
2366 184044
2367 184471
2368 184900
2369 184902
2370 184904
2371 184906
2372 184912
2373 185331
2374 185333
2375 185337
2376 185762
2377 185764
2378 186193
2379 186624
2380 186626
2381 186628
2382 186630
2383 186636
2384 187057
2385 187059
2386 187063
2387 187490
2388 187492
2389 187923
2390 188356
2391 188358
2392 188360
2393 188362
2394 188368
2395 188791
2396 188793
2397 188797
2398 189226
2399 189228
2400 189661
2401 190096
2402 190098
2403 190100
2404 190102
2405 190108
2406 190533
2407 190535
2408 190539
2409 190970
2410 190972
2411 191407
2412 191844
2413 191846
2414 191848
2415 191850
2416 191856
2417 192283
2418 192285
2419 192289
2420 192722
2421 192724
2422 193161
2423 193600
2424 193602
2425 193604
2426 193606
2427 193612
2428 194041
2429 194043
2430 194047
2431 194482
2432 194484
2433 194923
2434 195364
2435 195366
2436 195368
2437 195370
2438 195376
2439 195807
2440 195809
2441 195813
2442 196250
2443 196252
2444 196693
2445 197136
2446 197138
2447 197140
2448 197142
2449 197148
2450 197581
2451 197583
2452 197587
2453 198026
2454 198028
2455 198471
2456 198916
2457 198918
2458 198920
2459 198922
2460 198928
2461 199363
2462 199365
2463 199369
2464 199810
2465 199812
2466 200257
2467 200704
2468 200706
2469 200708
2470 200710
2471 200716
2472 201153
2473 201155
2474 201159
2475 201602
2476 201604
2477 202051
2478 202500
2479 202502
2480 202504
2481 202506
2482 202512
2483 202951
2484 202953
2485 202957
2486 203402
2487 203404
2488 203853
2489 204304
2490 204306
2491 204308
2492 204310
2493 204316
2494 204757
2495 204759
2496 204763
2497 205210
2498 205212
2499 205663
2500 206116
2501 206118
2502 206120
2503 206122
2504 206128
2505 206571
2506 206573
2507 206577
2508 207026
2509 207028
2510 207481
2511 207936
2512 207938
2513 207940
2514 207942
2515 207948
2516 208393
2517 208395
2518 208399
2519 208850
2520 208852
2521 209307
2522 209764
2523 209766
2524 209768
2525 209770
2526 209776
2527 210223
2528 210225
2529 210229
2530 210682
2531 210684
2532 211141
2533 211600
2534 211602
2535 211604
2536 211606
2537 211612
2538 212061
2539 212063
2540 212067
2541 212522
2542 212524
2543 212983
2544 213444
2545 213446
2546 213448
2547 213450
2548 213456
2549 213907
2550 213909
2551 213913
2552 214370
2553 214372
2554 214833
2555 215296
2556 215298
2557 215300
2558 215302
2559 215308
2560 215761
2561 215763
2562 215767
2563 216226
2564 216228
2565 216691
2566 217156
2567 217158
2568 217160
2569 217162
2570 217168
2571 217623
2572 217625
2573 217629
2574 218090
2575 218092
2576 218557
2577 219024
2578 219026
2579 219028
2580 219030
2581 219036
2582 219493
2583 219495
2584 219499
2585 219962
2586 219964
2587 220431
2588 220900
2589 220902
2590 220904
2591 220906
2592 220912
2593 221371
2594 221373
2595 221377
2596 221842
2597 221844
2598 222313
2599 222784
2600 222786
2601 222788
2602 222790
2603 222796
2604 223257
2605 223259
2606 223263
2607 223730
2608 223732
2609 224203
2610 224676
2611 224678
2612 224680
2613 224682
2614 224688
2615 225151
2616 225153
2617 225157
2618 225626
2619 225628
2620 226101
2621 226576
2622 226578
2623 226580
2624 226582
2625 226588
2626 227053
2627 227055
2628 227059
2629 227530
2630 227532
2631 228007
2632 228484
2633 228486
2634 228488
2635 228490
2636 228496
2637 228963
2638 228965
2639 228969
2640 229442
2641 229444
2642 229921
2643 230400
2644 230402
2645 230404
2646 230406
2647 230412
2648 230881
2649 230883
2650 230887
2651 231362
2652 231364
2653 231843
2654 232324
2655 232326
2656 232328
2657 232330
2658 232336
2659 232807
2660 232809
2661 232813
2662 233290
2663 233292
2664 233773
2665 234256
2666 234258
2667 234260
2668 234262
2669 234268
2670 234741
2671 234743
2672 234747
2673 235226
2674 235228
2675 235711
2676 236196
2677 236198
2678 236200
2679 236202
2680 236208
2681 236683
2682 236685
2683 236689
2684 237170
2685 237172
2686 237657
2687 238144
2688 238146
2689 238148
2690 238150
2691 238156
2692 238633
2693 238635
2694 238639
2695 239122
2696 239124
2697 239611
2698 240100
2699 240102
2700 240104
2701 240106
2702 240112
2703 240591
2704 240593
2705 240597
2706 241082
2707 241084
2708 241573
2709 242064
2710 242066
2711 242068
2712 242070
2713 242076
2714 242557
2715 242559
2716 242563
2717 243050
2718 243052
2719 243543
2720 244036
2721 244038
2722 244040
2723 244042
2724 244048
2725 244531
2726 244533
2727 244537
2728 245026
2729 245028
2730 245521
2731 246016
2732 246018
2733 246020
2734 246022
2735 246028
2736 246513
2737 246515
2738 246519
2739 247010
2740 247012
2741 247507
2742 248004
2743 248006
2744 248008
2745 248010
2746 248016
2747 248503
2748 248505
2749 248509
2750 249002
2751 249004
2752 249501
2753 250000
2754 250002
2755 250004
2756 250006
2757 250012
2758 250501
2759 250503
2760 250507
2761 251002
2762 251004
2763 251503
2764 252004
2765 252006
2766 252008
2767 252010
2768 252016
2769 252507
2770 252509
2771 252513
2772 253010
2773 253012
2774 253513
2775 254016
2776 254018
2777 254020
2778 254022
2779 254028
2780 254521
2781 254523
2782 254527
2783 255026
2784 255028
2785 255531
2786 256036
2787 256038
2788 256040
2789 256042
2790 256048
2791 256543
2792 256545
2793 256549
2794 257050
2795 257052
2796 257557
2797 258064
2798 258066
2799 258068
2800 258070
2801 258076
2802 258573
2803 258575
2804 258579
2805 259082
2806 259084
2807 259591
2808 260100
2809 260102
2810 260104
2811 260106
2812 260112
2813 260611
2814 260613
2815 260617
2816 261122
2817 261124
2818 261633
2819 262144
2820 262146
2821 262148
2822 262150
2823 262156
2824 262657
2825 262659
2826 262663
2827 263170
2828 263172
2829 263683
2830 264196
2831 264198
2832 264200
2833 264202
2834 264208
2835 264711
2836 264713
2837 264717
2838 265226
2839 265228
2840 265741
2841 266256
2842 266258
2843 266260
2844 266262
2845 266268
2846 266773
2847 266775
2848 266779
2849 267290
2850 267292
2851 267807
2852 268324
2853 268326
2854 268328
2855 268330
2856 268336
2857 268843
2858 268845
2859 268849
2860 269362
2861 269364
2862 269881
2863 270400
2864 270402
2865 270404
2866 270406
2867 270412
2868 270921
2869 270923
2870 270927
2871 271442
2872 271444
2873 271963
2874 272484
2875 272486
2876 272488
2877 272490
2878 272496
2879 273007
2880 273009
2881 273013
2882 273530
2883 273532
2884 274053
2885 274576
2886 274578
2887 274580
2888 274582
2889 274588
2890 275101
2891 275103
2892 275107
2893 275626
2894 275628
2895 276151
2896 276676
2897 276678
2898 276680
2899 276682
2900 276688
2901 277203
2902 277205
2903 277209
2904 277730
2905 277732
2906 278257
2907 278784
2908 278786
2909 278788
2910 278790
2911 278796
2912 279313
2913 279315
2914 279319
2915 279842
2916 279844
2917 280371
2918 280900
2919 280902
2920 280904
2921 280906
2922 280912
2923 281431
2924 281433
2925 281437
2926 281962
2927 281964
2928 282493
2929 283024
2930 283026
2931 283028
2932 283030
2933 283036
2934 283557
2935 283559
2936 283563
2937 284090
2938 284092
2939 284623
2940 285156
2941 285158
2942 285160
2943 285162
2944 285168
2945 285691
2946 285693
2947 285697
2948 286226
2949 286228
2950 286761
2951 287296
2952 287298
2953 287300
2954 287302
2955 287308
2956 287833
2957 287835
2958 287839
2959 288370
2960 288372
2961 288907
2962 289444
2963 289446
2964 289448
2965 289450
2966 289456
2967 289983
2968 289985
2969 289989
2970 290522
2971 290524
2972 291061
2973 291600
2974 291602
2975 291604
2976 291606
2977 291612
2978 292141
2979 292143
2980 292147
2981 292682
2982 292684
2983 293223
2984 293764
2985 293766
2986 293768
2987 293770
2988 293776
2989 294307
2990 294309
2991 294313
2992 294850
2993 294852
2994 295393
2995 295936
2996 295938
2997 295940
2998 295942
2999 295948
3000 296481
3001 296483
3002 296487
3003 297026
3004 297028
3005 297571
3006 298116
3007 298118
3008 298120
3009 298122
3010 298128
3011 298663
3012 298665
3013 298669
3014 299210
3015 299212
3016 299757
3017 300304
3018 300306
3019 300308
3020 300310
3021 300316
3022 300853
3023 300855
3024 300859
3025 301402
3026 301404
3027 301951
3028 302500
3029 302502
3030 302504
3031 302506
3032 302512
3033 303051
3034 303053
3035 303057
3036 303602
3037 303604
3038 304153
3039 304704
3040 304706
3041 304708
3042 304710
3043 304716
3044 305257
3045 305259
3046 305263
3047 305810
3048 305812
3049 306363
3050 306916
3051 306918
3052 306920
3053 306922
3054 306928
3055 307471
3056 307473
3057 307477
3058 308026
3059 308028
3060 308581
3061 309136
3062 309138
3063 309140
3064 309142
3065 309148
3066 309693
3067 309695
3068 309699
3069 310250
3070 310252
3071 310807
3072 311364
3073 311366
3074 311368
3075 311370
3076 311376
3077 311923
3078 311925
3079 311929
3080 312482
3081 312484
3082 313041
3083 313600
3084 313602
3085 313604
3086 313606
3087 313612
3088 314161
3089 314163
3090 314167
3091 314722
3092 314724
3093 315283
3094 315844
3095 315846
3096 315848
3097 315850
3098 315856
3099 316407
3100 316409
3101 316413
3102 316970
3103 316972
3104 317533
3105 318096
3106 318098
3107 318100
3108 318102
3109 318108
3110 318661
3111 318663
3112 318667
3113 319226
3114 319228
3115 319791
3116 320356
3117 320358
3118 320360
3119 320362
3120 320368
3121 320923
3122 320925
3123 320929
3124 321490
3125 321492
3126 322057
3127 322624
3128 322626
3129 322628
3130 322630
3131 322636
3132 323193
3133 323195
3134 323199
3135 323762
3136 323764
3137 324331
3138 324900
3139 324902
3140 324904
3141 324906
3142 324912
3143 325471
3144 325473
3145 325477
3146 326042
3147 326044
3148 326613
3149 327184
3150 327186
3151 327188
3152 327190
3153 327196
3154 327757
3155 327759
3156 327763
3157 328330
3158 328332
3159 328903
3160 329476
3161 329478
3162 329480
3163 329482
3164 329488
3165 330051
3166 330053
3167 330057
3168 330626
3169 330628
3170 331201
3171 331776
3172 331778
3173 331780
3174 331782
3175 331788
3176 332353
3177 332355
3178 332359
3179 332930
3180 332932
3181 333507
3182 334084
3183 334086
3184 334088
3185 334090
3186 334096
3187 334663
3188 334665
3189 334669
3190 335242
3191 335244
3192 335821
3193 336400
3194 336402
3195 336404
3196 336406
3197 336412
3198 336981
3199 336983
3200 336987
3201 337562
3202 337564
3203 338143
3204 338724
3205 338726
3206 338728
3207 338730
3208 338736
3209 339307
3210 339309
3211 339313
3212 339890
3213 339892
3214 340473
3215 341056
3216 341058
3217 341060
3218 341062
3219 341068
3220 341641
3221 341643
3222 341647
3223 342226
3224 342228
3225 342811
3226 343396
3227 343398
3228 343400
3229 343402
3230 343408
3231 343983
3232 343985
3233 343989
3234 344570
3235 344572
3236 345157
3237 345744
3238 345746
3239 345748
3240 345750
3241 345756
3242 346333
3243 346335
3244 346339
3245 346922
3246 346924
3247 347511
3248 348100
3249 348102
3250 348104
3251 348106
3252 348112
3253 348691
3254 348693
3255 348697
3256 349282
3257 349284
3258 349873
3259 350464
3260 350466
3261 350468
3262 350470
3263 350476
3264 351057
3265 351059
3266 351063
3267 351650
3268 351652
3269 352243
3270 352836
3271 352838
3272 352840
3273 352842
3274 352848
3275 353431
3276 353433
3277 353437
3278 354026
3279 354028
3280 354621
3281 355216
3282 355218
3283 355220
3284 355222
3285 355228
3286 355813
3287 355815
3288 355819
3289 356410
3290 356412
3291 357007
3292 357604
3293 357606
3294 357608
3295 357610
3296 357616
3297 358203
3298 358205
3299 358209
3300 358802
3301 358804
3302 359401
3303 360000
3304 360002
3305 360004
3306 360006
3307 360012
3308 360601
3309 360603
3310 360607
3311 361202
3312 361204
3313 361803
3314 362404
3315 362406
3316 362408
3317 362410
3318 362416
3319 363007
3320 363009
3321 363013
3322 363610
3323 363612
3324 364213
3325 364816
3326 364818
3327 364820
3328 364822
3329 364828
3330 365421
3331 365423
3332 365427
3333 366026
3334 366028
3335 366631
3336 367236
3337 367238
3338 367240
3339 367242
3340 367248
3341 367843
3342 367845
3343 367849
3344 368450
3345 368452
3346 369057
3347 369664
3348 369666
3349 369668
3350 369670
3351 369676
3352 370273
3353 370275
3354 370279
3355 370882
3356 370884
3357 371491
3358 372100
3359 372102
3360 372104
3361 372106
3362 372112
3363 372711
3364 372713
3365 372717
3366 373322
3367 373324
3368 373933
3369 374544
3370 374546
3371 374548
3372 374550
3373 374556
3374 375157
3375 375159
3376 375163
3377 375770
3378 375772
3379 376383
3380 376996
3381 376998
3382 377000
3383 377002
3384 377008
3385 377611
3386 377613
3387 377617
3388 378226
3389 378228
3390 378841
3391 379456
3392 379458
3393 379460
3394 379462
3395 379468
3396 380073
3397 380075
3398 380079
3399 380690
3400 380692
3401 381307
3402 381924
3403 381926
3404 381928
3405 381930
3406 381936
3407 382543
3408 382545
3409 382549
3410 383162
3411 383164
3412 383781
3413 384400
3414 384402
3415 384404
3416 384406
3417 384412
3418 385021
3419 385023
3420 385027
3421 385642
3422 385644
3423 386263
3424 386884
3425 386886
3426 386888
3427 386890
3428 386896
3429 387507
3430 387509
3431 387513
3432 388130
3433 388132
3434 388753
3435 389376
3436 389378
3437 389380
3438 389382
3439 389388
3440 390001
3441 390003
3442 390007
3443 390626
3444 390628
3445 391251
3446 391876
3447 391878
3448 391880
3449 391882
3450 391888
3451 392503
3452 392505
3453 392509
3454 393130
3455 393132
3456 393757
3457 394384
3458 394386
3459 394388
3460 394390
3461 394396
3462 395013
3463 395015
3464 395019
3465 395642
3466 395644
3467 396271
3468 396900
3469 396902
3470 396904
3471 396906
3472 396912
3473 397531
3474 397533
3475 397537
3476 398162
3477 398164
3478 398793
3479 399424
3480 399426
3481 399428
3482 399430
3483 399436
3484 400057
3485 400059
3486 400063
3487 400690
3488 400692
3489 401323
3490 401956
3491 401958
3492 401960
3493 401962
3494 401968
3495 402591
3496 402593
3497 402597
3498 403226
3499 403228
3500 403861
3501 404496
3502 404498
3503 404500
3504 404502
3505 404508
3506 405133
3507 405135
3508 405139
3509 405770
3510 405772
3511 406407
3512 407044
3513 407046
3514 407048
3515 407050
3516 407056
3517 407683
3518 407685
3519 407689
3520 408322
3521 408324
3522 408961
3523 409600
3524 409602
3525 409604
3526 409606
3527 409612
3528 410241
3529 410243
3530 410247
3531 410882
3532 410884
3533 411523
3534 412164
3535 412166
3536 412168
3537 412170
3538 412176
3539 412807
3540 412809
3541 412813
3542 413450
3543 413452
3544 414093
3545 414736
3546 414738
3547 414740
3548 414742
3549 414748
3550 415381
3551 415383
3552 415387
3553 416026
3554 416028
3555 416671
3556 417316
3557 417318
3558 417320
3559 417322
3560 417328
3561 417963
3562 417965
3563 417969
3564 418610
3565 418612
3566 419257
3567 419904
3568 419906
3569 419908
3570 419910
3571 419916
3572 420553
3573 420555
3574 420559
3575 421202
3576 421204
3577 421851
3578 422500
3579 422502
3580 422504
3581 422506
3582 422512
3583 423151
3584 423153
3585 423157
3586 423802
3587 423804
3588 424453
3589 425104
3590 425106
3591 425108
3592 425110
3593 425116
3594 425757
3595 425759
3596 425763
3597 426410
3598 426412
3599 427063
3600 427716
3601 427718
3602 427720
3603 427722
3604 427728
3605 428371
3606 428373
3607 428377
3608 429026
3609 429028
3610 429681
3611 430336
3612 430338
3613 430340
3614 430342
3615 430348
3616 430993
3617 430995
3618 430999
3619 431650
3620 431652
3621 432307
3622 432964
3623 432966
3624 432968
3625 432970
3626 432976
3627 433623
3628 433625
3629 433629
3630 434282
3631 434284
3632 434941
3633 435600
3634 435602
3635 435604
3636 435606
3637 435612
3638 436261
3639 436263
3640 436267
3641 436922
3642 436924
3643 437583
3644 438244
3645 438246
3646 438248
3647 438250
3648 438256
3649 438907
3650 438909
3651 438913
3652 439570
3653 439572
3654 440233
3655 440896
3656 440898
3657 440900
3658 440902
3659 440908
3660 441561
3661 441563
3662 441567
3663 442226
3664 442228
3665 442891
3666 443556
3667 443558
3668 443560
3669 443562
3670 443568
3671 444223
3672 444225
3673 444229
3674 444890
3675 444892
3676 445557
3677 446224
3678 446226
3679 446228
3680 446230
3681 446236
3682 446893
3683 446895
3684 446899
3685 447562
3686 447564
3687 448231
3688 448900
3689 448902
3690 448904
3691 448906
3692 448912
3693 449571
3694 449573
3695 449577
3696 450242
3697 450244
3698 450913
3699 451584
3700 451586
3701 451588
3702 451590
3703 451596
3704 452257
3705 452259
3706 452263
3707 452930
3708 452932
3709 453603
3710 454276
3711 454278
3712 454280
3713 454282
3714 454288
3715 454951
3716 454953
3717 454957
3718 455626
3719 455628
3720 456301
3721 456976
3722 456978
3723 456980
3724 456982
3725 456988
3726 457653
3727 457655
3728 457659
3729 458330
3730 458332
3731 459007
3732 459684
3733 459686
3734 459688
3735 459690
3736 459696
3737 460363
3738 460365
3739 460369
3740 461042
3741 461044
3742 461721
3743 462400
3744 462402
3745 462404
3746 462406
3747 462412
3748 463081
3749 463083
3750 463087
3751 463762
3752 463764
3753 464443
3754 465124
3755 465126
3756 465128
3757 465130
3758 465136
3759 465807
3760 465809
3761 465813
3762 466490
3763 466492
3764 467173
3765 467856
3766 467858
3767 467860
3768 467862
3769 467868
3770 468541
3771 468543
3772 468547
3773 469226
3774 469228
3775 469911
3776 470596
3777 470598
3778 470600
3779 470602
3780 470608
3781 471283
3782 471285
3783 471289
3784 471970
3785 471972
3786 472657
3787 473344
3788 473346
3789 473348
3790 473350
3791 473356
3792 474033
3793 474035
3794 474039
3795 474722
3796 474724
3797 475411
3798 476100
3799 476102
3800 476104
3801 476106
3802 476112
3803 476791
3804 476793
3805 476797
3806 477482
3807 477484
3808 478173
3809 478864
3810 478866
3811 478868
3812 478870
3813 478876
3814 479557
3815 479559
3816 479563
3817 480250
3818 480252
3819 480943
3820 481636
3821 481638
3822 481640
3823 481642
3824 481648
3825 482331
3826 482333
3827 482337
3828 483026
3829 483028
3830 483721
3831 484416
3832 484418
3833 484420
3834 484422
3835 484428
3836 485113
3837 485115
3838 485119
3839 485810
3840 485812
3841 486507
3842 487204
3843 487206
3844 487208
3845 487210
3846 487216
3847 487903
3848 487905
3849 487909
3850 488602
3851 488604
3852 489301
3853 490000
3854 490002
3855 490004
3856 490006
3857 490012
3858 490701
3859 490703
3860 490707
3861 491402
3862 491404
3863 492103
3864 492804
3865 492806
3866 492808
3867 492810
3868 492816
3869 493507
3870 493509
3871 493513
3872 494210
3873 494212
3874 494913
3875 495616
3876 495618
3877 495620
3878 495622
3879 495628
3880 496321
3881 496323
3882 496327
3883 497026
3884 497028
3885 497731
3886 498436
3887 498438
3888 498440
3889 498442
3890 498448
3891 499143
3892 499145
3893 499149
3894 499850
3895 499852
3896 500557
3897 501264
3898 501266
3899 501268
3900 501270
3901 501276
3902 501973
3903 501975
3904 501979
3905 502682
3906 502684
3907 503391
3908 504100
3909 504102
3910 504104
3911 504106
3912 504112
3913 504811
3914 504813
3915 504817
3916 505522
3917 505524
3918 506233
3919 506944
3920 506946
3921 506948
3922 506950
3923 506956
3924 507657
3925 507659
3926 507663
3927 508370
3928 508372
3929 509083
3930 509796
3931 509798
3932 509800
3933 509802
3934 509808
3935 510511
3936 510513
3937 510517
3938 511226
3939 511228
3940 511941
3941 512656
3942 512658
3943 512660
3944 512662
3945 512668
3946 513373
3947 513375
3948 513379
3949 514090
3950 514092
3951 514807
3952 515524
3953 515526
3954 515528
3955 515530
3956 515536
3957 516243
3958 516245
3959 516249
3960 516962
3961 516964
3962 517681
3963 518400
3964 518402
3965 518404
3966 518406
3967 518412
3968 519121
3969 519123
3970 519127
3971 519842
3972 519844
3973 520563
3974 521284
3975 521286
3976 521288
3977 521290
3978 521296
3979 522007
3980 522009
3981 522013
3982 522730
3983 522732
3984 523453
3985 524176
3986 524178
3987 524180
3988 524182
3989 524188
3990 524901
3991 524903
3992 524907
3993 525626
3994 525628
3995 526351
3996 527076
3997 527078
3998 527080
3999 527082
4000 527088
4001 527803
4002 527805
4003 527809
4004 528530
4005 528532
4006 529257
4007 529984
4008 529986
4009 529988
4010 529990
4011 529996
4012 530713
4013 530715
4014 530719
4015 531442
4016 531444
4017 532171
4018 532900
4019 532902
4020 532904
4021 532906
4022 532912
4023 533631
4024 533633
4025 533637
4026 534362
4027 534364
4028 535093
4029 535824
4030 535826
4031 535828
4032 535830
4033 535836
4034 536557
4035 536559
4036 536563
4037 537290
4038 537292
4039 538023
4040 538756
4041 538758
4042 538760
4043 538762
4044 538768
4045 539491
4046 539493
4047 539497
4048 540226
4049 540228
4050 540961
4051 541696
4052 541698
4053 541700
4054 541702
4055 541708
4056 542433
4057 542435
4058 542439
4059 543170
4060 543172
4061 543907
4062 544644
4063 544646
4064 544648
4065 544650
4066 544656
4067 545383
4068 545385
4069 545389
4070 546122
4071 546124
4072 546861
4073 547600
4074 547602
4075 547604
4076 547606
4077 547612
4078 548341
4079 548343
4080 548347
4081 549082
4082 549084
4083 549823
4084 550564
4085 550566
4086 550568
4087 550570
4088 550576
4089 551307
4090 551309
4091 551313
4092 552050
4093 552052
4094 552793
4095 553536
4096 553538
4097 553540
4098 553542
4099 553548
4100 554281
4101 554283
4102 554287
4103 555026
4104 555028
4105 555771
4106 556516
4107 556518
4108 556520
4109 556522
4110 556528
4111 557263
4112 557265
4113 557269
4114 558010
4115 558012
4116 558757
4117 559504
4118 559506
4119 559508
4120 559510
4121 559516
4122 560253
4123 560255
4124 560259
4125 561002
4126 561004
4127 561751
4128 562500
4129 562502
4130 562504
4131 562506
4132 562512
4133 563251
4134 563253
4135 563257
4136 564002
4137 564004
4138 564753
4139 565504
4140 565506
4141 565508
4142 565510
4143 565516
4144 566257
4145 566259
4146 566263
4147 567010
4148 567012
4149 567763
4150 568516
4151 568518
4152 568520
4153 568522
4154 568528
4155 569271
4156 569273
4157 569277
4158 570026
4159 570028
4160 570781
4161 571536
4162 571538
4163 571540
4164 571542
4165 571548
4166 572293
4167 572295
4168 572299
4169 573050
4170 573052
4171 573807
4172 574564
4173 574566
4174 574568
4175 574570
4176 574576
4177 575323
4178 575325
4179 575329
4180 576082
4181 576084
4182 576841
4183 577600
4184 577602
4185 577604
4186 577606
4187 577612
4188 578361
4189 578363
4190 578367
4191 579122
4192 579124
4193 579883
4194 580644
4195 580646
4196 580648
4197 580650
4198 580656
4199 581407
4200 581409
4201 581413
4202 582170
4203 582172
4204 582933
4205 583696
4206 583698
4207 583700
4208 583702
4209 583708
4210 584461
4211 584463
4212 584467
4213 585226
4214 585228
4215 585991
4216 586756
4217 586758
4218 586760
4219 586762
4220 586768
4221 587523
4222 587525
4223 587529
4224 588290
4225 588292
4226 589057
4227 589824
4228 589826
4229 589828
4230 589830
4231 589836
4232 590593
4233 590595
4234 590599
4235 591362
4236 591364
4237 592131
4238 592900
4239 592902
4240 592904
4241 592906
4242 592912
4243 593671
4244 593673
4245 593677
4246 594442
4247 594444
4248 595213
4249 595984
4250 595986
4251 595988
4252 595990
4253 595996
4254 596757
4255 596759
4256 596763
4257 597530
4258 597532
4259 598303
4260 599076
4261 599078
4262 599080
4263 599082
4264 599088
4265 599851
4266 599853
4267 599857
4268 600626
4269 600628
4270 601401
4271 602176
4272 602178
4273 602180
4274 602182
4275 602188
4276 602953
4277 602955
4278 602959
4279 603730
4280 603732
4281 604507
4282 605284
4283 605286
4284 605288
4285 605290
4286 605296
4287 606063
4288 606065
4289 606069
4290 606842
4291 606844
4292 607621
4293 608400
4294 608402
4295 608404
4296 608406
4297 608412
4298 609181
4299 609183
4300 609187
4301 609962
4302 609964
4303 610743
4304 611524
4305 611526
4306 611528
4307 611530
4308 611536
4309 612307
4310 612309
4311 612313
4312 613090
4313 613092
4314 613873
4315 614656
4316 614658
4317 614660
4318 614662
4319 614668
4320 615441
4321 615443
4322 615447
4323 616226
4324 616228
4325 617011
4326 617796
4327 617798
4328 617800
4329 617802
4330 617808
4331 618583
4332 618585
4333 618589
4334 619370
4335 619372
4336 620157
4337 620944
4338 620946
4339 620948
4340 620950
4341 620956
4342 621733
4343 621735
4344 621739
4345 622522
4346 622524
4347 623311
4348 624100
4349 624102
4350 624104
4351 624106
4352 624112
4353 624891
4354 624893
4355 624897
4356 625682
4357 625684
4358 626473
4359 627264
4360 627266
4361 627268
4362 627270
4363 627276
4364 628057
4365 628059
4366 628063
4367 628850
4368 628852
4369 629643
4370 630436
4371 630438
4372 630440
4373 630442
4374 630448
4375 631231
4376 631233
4377 631237
4378 632026
4379 632028
4380 632821
4381 633616
4382 633618
4383 633620
4384 633622
4385 633628
4386 634413
4387 634415
4388 634419
4389 635210
4390 635212
4391 636007
4392 636804
4393 636806
4394 636808
4395 636810
4396 636816
4397 637603
4398 637605
4399 637609
4400 638402
4401 638404
4402 639201
4403 640000
4404 640002
4405 640004
4406 640006
4407 640012
4408 640801
4409 640803
4410 640807
4411 641602
4412 641604
4413 642403
4414 643204
4415 643206
4416 643208
4417 643210
4418 643216
4419 644007
4420 644009
4421 644013
4422 644810
4423 644812
4424 645613
4425 646416
4426 646418
4427 646420
4428 646422
4429 646428
4430 647221
4431 647223
4432 647227
4433 648026
4434 648028
4435 648831
4436 649636
4437 649638
4438 649640
4439 649642
4440 649648
4441 650443
4442 650445
4443 650449
4444 651250
4445 651252
4446 652057
4447 652864
4448 652866
4449 652868
4450 652870
4451 652876
4452 653673
4453 653675
4454 653679
4455 654482
4456 654484
4457 655291
4458 656100
4459 656102
4460 656104
4461 656106
4462 656112
4463 656911
4464 656913
4465 656917
4466 657722
4467 657724
4468 658533
4469 659344
4470 659346
4471 659348
4472 659350
4473 659356
4474 660157
4475 660159
4476 660163
4477 660970
4478 660972
4479 661783
4480 662596
4481 662598
4482 662600
4483 662602
4484 662608
4485 663411
4486 663413
4487 663417
4488 664226
4489 664228
4490 665041
4491 665856
4492 665858
4493 665860
4494 665862
4495 665868
4496 666673
4497 666675
4498 666679
4499 667490
4500 667492
4501 668307
4502 669124
4503 669126
4504 669128
4505 669130
4506 669136
4507 669943
4508 669945
4509 669949
4510 670762
4511 670764
4512 671581
4513 672400
4514 672402
4515 672404
4516 672406
4517 672412
4518 673221
4519 673223
4520 673227
4521 674042
4522 674044
4523 674863
4524 675684
4525 675686
4526 675688
4527 675690
4528 675696
4529 676507
4530 676509
4531 676513
4532 677330
4533 677332
4534 678153
4535 678976
4536 678978
4537 678980
4538 678982
4539 678988
4540 679801
4541 679803
4542 679807
4543 680626
4544 680628
4545 681451
4546 682276
4547 682278
4548 682280
4549 682282
4550 682288
4551 683103
4552 683105
4553 683109
4554 683930
4555 683932
4556 684757
4557 685584
4558 685586
4559 685588
4560 685590
4561 685596
4562 686413
4563 686415
4564 686419
4565 687242
4566 687244
4567 688071
4568 688900
4569 688902
4570 688904
4571 688906
4572 688912
4573 689731
4574 689733
4575 689737
4576 690562
4577 690564
4578 691393
4579 692224
4580 692226
4581 692228
4582 692230
4583 692236
4584 693057
4585 693059
4586 693063
4587 693890
4588 693892
4589 694723
4590 695556
4591 695558
4592 695560
4593 695562
4594 695568
4595 696391
4596 696393
4597 696397
4598 697226
4599 697228
4600 698061
4601 698896
4602 698898
4603 698900
4604 698902
4605 698908
4606 699733
4607 699735
4608 699739
4609 700570
4610 700572
4611 701407
4612 702244
4613 702246
4614 702248
4615 702250
4616 702256
4617 703083
4618 703085
4619 703089
4620 703922
4621 703924
4622 704761
4623 705600
4624 705602
4625 705604
4626 705606
4627 705612
4628 706441
4629 706443
4630 706447
4631 707282
4632 707284
4633 708123
4634 708964
4635 708966
4636 708968
4637 708970
4638 708976
4639 709807
4640 709809
4641 709813
4642 710650
4643 710652
4644 711493
4645 712336
4646 712338
4647 712340
4648 712342
4649 712348
4650 713181
4651 713183
4652 713187
4653 714026
4654 714028
4655 714871
4656 715716
4657 715718
4658 715720
4659 715722
4660 715728
4661 716563
4662 716565
4663 716569
4664 717410
4665 717412
4666 718257
4667 719104
4668 719106
4669 719108
4670 719110
4671 719116
4672 719953
4673 719955
4674 719959
4675 720802
4676 720804
4677 721651
4678 722500
4679 722502
4680 722504
4681 722506
4682 722512
4683 723351
4684 723353
4685 723357
4686 724202
4687 724204
4688 725053
4689 725904
4690 725906
4691 725908
4692 725910
4693 725916
4694 726757
4695 726759
4696 726763
4697 727610
4698 727612
4699 728463
4700 729316
4701 729318
4702 729320
4703 729322
4704 729328
4705 730171
4706 730173
4707 730177
4708 731026
4709 731028
4710 731881
4711 732736
4712 732738
4713 732740
4714 732742
4715 732748
4716 733593
4717 733595
4718 733599
4719 734450
4720 734452
4721 735307
4722 736164
4723 736166
4724 736168
4725 736170
4726 736176
4727 737023
4728 737025
4729 737029
4730 737882
4731 737884
4732 738741
4733 739600
4734 739602
4735 739604
4736 739606
4737 739612
4738 740461
4739 740463
4740 740467
4741 741322
4742 741324
4743 742183
4744 743044
4745 743046
4746 743048
4747 743050
4748 743056
4749 743907
4750 743909
4751 743913
4752 744770
4753 744772
4754 745633
4755 746496
4756 746498
4757 746500
4758 746502
4759 746508
4760 747361
4761 747363
4762 747367
4763 748226
4764 748228
4765 749091
4766 749956
4767 749958
4768 749960
4769 749962
4770 749968
4771 750823
4772 750825
4773 750829
4774 751690
4775 751692
4776 752557
4777 753424
4778 753426
4779 753428
4780 753430
4781 753436
4782 754293
4783 754295
4784 754299
4785 755162
4786 755164
4787 756031
4788 756900
4789 756902
4790 756904
4791 756906
4792 756912
4793 757771
4794 757773
4795 757777
4796 758642
4797 758644
4798 759513
4799 760384
4800 760386
4801 760388
4802 760390
4803 760396
4804 761257
4805 761259
4806 761263
4807 762130
4808 762132
4809 763003
4810 763876
4811 763878
4812 763880
4813 763882
4814 763888
4815 764751
4816 764753
4817 764757
4818 765626
4819 765628
4820 766501
4821 767376
4822 767378
4823 767380
4824 767382
4825 767388
4826 768253
4827 768255
4828 768259
4829 769130
4830 769132
4831 770007
4832 770884
4833 770886
4834 770888
4835 770890
4836 770896
4837 771763
4838 771765
4839 771769
4840 772642
4841 772644
4842 773521
4843 774400
4844 774402
4845 774404
4846 774406
4847 774412
4848 775281
4849 775283
4850 775287
4851 776162
4852 776164
4853 777043
4854 777924
4855 777926
4856 777928
4857 777930
4858 777936
4859 778807
4860 778809
4861 778813
4862 779690
4863 779692
4864 780573
4865 781456
4866 781458
4867 781460
4868 781462
4869 781468
4870 782341
4871 782343
4872 782347
4873 783226
4874 783228
4875 784111
4876 784996
4877 784998
4878 785000
4879 785002
4880 785008
4881 785883
4882 785885
4883 785889
4884 786770
4885 786772
4886 787657
4887 788544
4888 788546
4889 788548
4890 788550
4891 788556
4892 789433
4893 789435
4894 789439
4895 790322
4896 790324
4897 791211
4898 792100
4899 792102
4900 792104
4901 792106
4902 792112
4903 792991
4904 792993
4905 792997
4906 793882
4907 793884
4908 794773
4909 795664
4910 795666
4911 795668
4912 795670
4913 795676
4914 796557
4915 796559
4916 796563
4917 797450
4918 797452
4919 798343
4920 799236
4921 799238
4922 799240
4923 799242
4924 799248
4925 800131
4926 800133
4927 800137
4928 801026
4929 801028
4930 801921
4931 802816
4932 802818
4933 802820
4934 802822
4935 802828
4936 803713
4937 803715
4938 803719
4939 804610
4940 804612
4941 805507
4942 806404
4943 806406
4944 806408
4945 806410
4946 806416
4947 807303
4948 807305
4949 807309
4950 808202
4951 808204
4952 809101
4953 810000
4954 810002
4955 810004
4956 810006
4957 810012
4958 810901
4959 810903
4960 810907
4961 811802
4962 811804
4963 812703
4964 813604
4965 813606
4966 813608
4967 813610
4968 813616
4969 814507
4970 814509
4971 814513
4972 815410
4973 815412
4974 816313
4975 817216
4976 817218
4977 817220
4978 817222
4979 817228
4980 818121
4981 818123
4982 818127
4983 819026
4984 819028
4985 819931
4986 820836
4987 820838
4988 820840
4989 820842
4990 820848
4991 821743
4992 821745
4993 821749
4994 822650
4995 822652
4996 823557
4997 824464
4998 824466
4999 824468
5000 824470
5001 824476
5002 825373
5003 825375
5004 825379
5005 826282
5006 826284
5007 827191
5008 828100
5009 828102
5010 828104
5011 828106
5012 828112
5013 829011
5014 829013
5015 829017
5016 829922
5017 829924
5018 830833
5019 831744
5020 831746
5021 831748
5022 831750
5023 831756
5024 832657
5025 832659
5026 832663
5027 833570
5028 833572
5029 834483
5030 835396
5031 835398
5032 835400
5033 835402
5034 835408
5035 836311
5036 836313
5037 836317
5038 837226
5039 837228
5040 838141
5041 839056
5042 839058
5043 839060
5044 839062
5045 839068
5046 839973
5047 839975
5048 839979
5049 840890
5050 840892
5051 841807
5052 842724
5053 842726
5054 842728
5055 842730
5056 842736
5057 843643
5058 843645
5059 843649
5060 844562
5061 844564
5062 845481
5063 846400
5064 846402
5065 846404
5066 846406
5067 846412
5068 847321
5069 847323
5070 847327
5071 848242
5072 848244
5073 849163
5074 850084
5075 850086
5076 850088
5077 850090
5078 850096
5079 851007
5080 851009
5081 851013
5082 851930
5083 851932
5084 852853
5085 853776
5086 853778
5087 853780
5088 853782
5089 853788
5090 854701
5091 854703
5092 854707
5093 855626
5094 855628
5095 856551
5096 857476
5097 857478
5098 857480
5099 857482
5100 857488
5101 858403
5102 858405
5103 858409
5104 859330
5105 859332
5106 860257
5107 861184
5108 861186
5109 861188
5110 861190
5111 861196
5112 862113
5113 862115
5114 862119
5115 863042
5116 863044
5117 863971
5118 864900
5119 864902
5120 864904
5121 864906
5122 864912
5123 865831
5124 865833
5125 865837
5126 866762
5127 866764
5128 867693
5129 868624
5130 868626
5131 868628
5132 868630
5133 868636
5134 869557
5135 869559
5136 869563
5137 870490
5138 870492
5139 871423
5140 872356
5141 872358
5142 872360
5143 872362
5144 872368
5145 873291
5146 873293
5147 873297
5148 874226
5149 874228
5150 875161
5151 876096
5152 876098
5153 876100
5154 876102
5155 876108
5156 877033
5157 877035
5158 877039
5159 877970
5160 877972
5161 878907
5162 879844
5163 879846
5164 879848
5165 879850
5166 879856
5167 880783
5168 880785
5169 880789
5170 881722
5171 881724
5172 882661
5173 883600
5174 883602
5175 883604
5176 883606
5177 883612
5178 884541
5179 884543
5180 884547
5181 885482
5182 885484
5183 886423
5184 887364
5185 887366
5186 887368
5187 887370
5188 887376
5189 888307
5190 888309
5191 888313
5192 889250
5193 889252
5194 890193
5195 891136
5196 891138
5197 891140
5198 891142
5199 891148
5200 892081
5201 892083
5202 892087
5203 893026
5204 893028
5205 893971
5206 894916
5207 894918
5208 894920
5209 894922
5210 894928
5211 895863
5212 895865
5213 895869
5214 896810
5215 896812
5216 897757
5217 898704
5218 898706
5219 898708
5220 898710
5221 898716
5222 899653
5223 899655
5224 899659
5225 900602
5226 900604
5227 901551
5228 902500
5229 902502
5230 902504
5231 902506
5232 902512
5233 903451
5234 903453
5235 903457
5236 904402
5237 904404
5238 905353
5239 906304
5240 906306
5241 906308
5242 906310
5243 906316
5244 907257
5245 907259
5246 907263
5247 908210
5248 908212
5249 909163
5250 910116
5251 910118
5252 910120
5253 910122
5254 910128
5255 911071
5256 911073
5257 911077
5258 912026
5259 912028
5260 912981
5261 913936
5262 913938
5263 913940
5264 913942
5265 913948
5266 914893
5267 914895
5268 914899
5269 915850
5270 915852
5271 916807
5272 917764
5273 917766
5274 917768
5275 917770
5276 917776
5277 918723
5278 918725
5279 918729
5280 919682
5281 919684
5282 920641
5283 921600
5284 921602
5285 921604
5286 921606
5287 921612
5288 922561
5289 922563
5290 922567
5291 923522
5292 923524
5293 924483
5294 925444
5295 925446
5296 925448
5297 925450
5298 925456
5299 926407
5300 926409
5301 926413
5302 927370
5303 927372
5304 928333
5305 929296
5306 929298
5307 929300
5308 929302
5309 929308
5310 930261
5311 930263
5312 930267
5313 931226
5314 931228
5315 932191
5316 933156
5317 933158
5318 933160
5319 933162
5320 933168
5321 934123
5322 934125
5323 934129
5324 935090
5325 935092
5326 936057
5327 937024
5328 937026
5329 937028
5330 937030
5331 937036
5332 937993
5333 937995
5334 937999
5335 938962
5336 938964
5337 939931
5338 940900
5339 940902
5340 940904
5341 940906
5342 940912
5343 941871
5344 941873
5345 941877
5346 942842
5347 942844
5348 943813
5349 944784
5350 944786
5351 944788
5352 944790
5353 944796
5354 945757
5355 945759
5356 945763
5357 946730
5358 946732
5359 947703
5360 948676
5361 948678
5362 948680
5363 948682
5364 948688
5365 949651
5366 949653
5367 949657
5368 950626
5369 950628
5370 951601
5371 952576
5372 952578
5373 952580
5374 952582
5375 952588
5376 953553
5377 953555
5378 953559
5379 954530
5380 954532
5381 955507
5382 956484
5383 956486
5384 956488
5385 956490
5386 956496
5387 957463
5388 957465
5389 957469
5390 958442
5391 958444
5392 959421
5393 960400
5394 960402
5395 960404
5396 960406
5397 960412
5398 961381
5399 961383
5400 961387
5401 962362
5402 962364
5403 963343
5404 964324
5405 964326
5406 964328
5407 964330
5408 964336
5409 965307
5410 965309
5411 965313
5412 966290
5413 966292
5414 967273
5415 968256
5416 968258
5417 968260
5418 968262
5419 968268
5420 969241
5421 969243
5422 969247
5423 970226
5424 970228
5425 971211
5426 972196
5427 972198
5428 972200
5429 972202
5430 972208
5431 973183
5432 973185
5433 973189
5434 974170
5435 974172
5436 975157
5437 976144
5438 976146
5439 976148
5440 976150
5441 976156
5442 977133
5443 977135
5444 977139
5445 978122
5446 978124
5447 979111
5448 980100
5449 980102
5450 980104
5451 980106
5452 980112
5453 981091
5454 981093
5455 981097
5456 982082
5457 982084
5458 983073
5459 984064
5460 984066
5461 984068
5462 984070
5463 984076
5464 985057
5465 985059
5466 985063
5467 986050
5468 986052
5469 987043
5470 988036
5471 988038
5472 988040
5473 988042
5474 988048
5475 989031
5476 989033
5477 989037
5478 990026
5479 990028
5480 991021
5481 992016
5482 992018
5483 992020
5484 992022
5485 992028
5486 993013
5487 993015
5488 993019
5489 994010
5490 994012
5491 995007
5492 996004
5493 996006
5494 996008
5495 996010
5496 996016
5497 997003
5498 997005
5499 997009
5500 998002
5501 998004
5502 999001
5503 1000000
5504 1000002
5505 1000004
5506 1000006
5507 1000012
5508 1001001
5509 1001003
5510 1001007
5511 1002002
5512 1002004
5513 1003003
5514 1004004
5515 1004006
5516 1004008
5517 1004010
5518 1004016
5519 1005007
5520 1005009
5521 1005013
5522 1006010
5523 1006012
5524 1007013
5525 1008016
5526 1008018
5527 1008020
5528 1008022
5529 1008028
5530 1009021
5531 1009023
5532 1009027
5533 1010026
5534 1010028
5535 1011031
5536 1012036
5537 1012038
5538 1012040
5539 1012042
5540 1012048
5541 1013043
5542 1013045
5543 1013049
5544 1014050
5545 1014052
5546 1015057
5547 1016064
5548 1016066
5549 1016068
5550 1016070
5551 1016076
5552 1017073
5553 1017075
5554 1017079
5555 1018082
5556 1018084
5557 1019091
5558 1020100
5559 1020102
5560 1020104
5561 1020106
5562 1020112
5563 1021111
5564 1021113
5565 1021117
5566 1022122
5567 1022124
5568 1023133
5569 1024144
5570 1024146
5571 1024148
5572 1024150
5573 1024156
5574 1025157
5575 1025159
5576 1025163
5577 1026170
5578 1026172
5579 1027183
5580 1028196
5581 1028198
5582 1028200
5583 1028202
5584 1028208
5585 1029211
5586 1029213
5587 1029217
5588 1030226
5589 1030228
5590 1031241
5591 1032256
5592 1032258
5593 1032260
5594 1032262
5595 1032268
5596 1033273
5597 1033275
5598 1033279
5599 1034290
5600 1034292
5601 1035307
5602 1036324
5603 1036326
5604 1036328
5605 1036330
5606 1036336
5607 1037343
5608 1037345
5609 1037349
5610 1038362
5611 1038364
5612 1039381
5613 1040400
5614 1040402
5615 1040404
5616 1040406
5617 1040412
5618 1041421
5619 1041423
5620 1041427
5621 1042442
5622 1042444
5623 1043463
5624 1044484
5625 1044486
5626 1044488
5627 1044490
5628 1044496
5629 1045507
5630 1045509
5631 1045513
5632 1046530
5633 1046532
5634 1047553
5635 1048576
5636 1048578
5637 1048580
5638 1048582
5639 1048588
5640 1049601
5641 1049603
5642 1049607
5643 1050626
5644 1050628
5645 1051651
5646 1052676
5647 1052678
5648 1052680
5649 1052682
5650 1052688
5651 1053703
5652 1053705
5653 1053709
5654 1054730
5655 1054732
5656 1055757
5657 1056784
5658 1056786
5659 1056788
5660 1056790
5661 1056796
5662 1057813
5663 1057815
5664 1057819
5665 1058842
5666 1058844
5667 1059871
5668 1060900
5669 1060902
5670 1060904
5671 1060906
5672 1060912
5673 1061931
5674 1061933
5675 1061937
5676 1062962
5677 1062964
5678 1063993
5679 1065024
5680 1065026
5681 1065028
5682 1065030
5683 1065036
5684 1066057
5685 1066059
5686 1066063
5687 1067090
5688 1067092
5689 1068123
5690 1069156
5691 1069158
5692 1069160
5693 1069162
5694 1069168
5695 1070191
5696 1070193
5697 1070197
5698 1071226
5699 1071228
5700 1072261
5701 1073296
5702 1073298
5703 1073300
5704 1073302
5705 1073308
5706 1074333
5707 1074335
5708 1074339
5709 1075370
5710 1075372
5711 1076407
5712 1077444
5713 1077446
5714 1077448
5715 1077450
5716 1077456
5717 1078483
5718 1078485
5719 1078489
5720 1079522
5721 1079524
5722 1080561
5723 1081600
5724 1081602
5725 1081604
5726 1081606
5727 1081612
5728 1082641
5729 1082643
5730 1082647
5731 1083682
5732 1083684
5733 1084723
5734 1085764
5735 1085766
5736 1085768
5737 1085770
5738 1085776
5739 1086807
5740 1086809
5741 1086813
5742 1087850
5743 1087852
5744 1088893
5745 1089936
5746 1089938
5747 1089940
5748 1089942
5749 1089948
5750 1090981
5751 1090983
5752 1090987
5753 1092026
5754 1092028
5755 1093071
5756 1094116
5757 1094118
5758 1094120
5759 1094122
5760 1094128
5761 1095163
5762 1095165
5763 1095169
5764 1096210
5765 1096212
5766 1097257
5767 1098304
5768 1098306
5769 1098308
5770 1098310
5771 1098316
5772 1099353
5773 1099355
5774 1099359
5775 1100402
5776 1100404
5777 1101451
5778 1102500
5779 1102502
5780 1102504
5781 1102506
5782 1102512
5783 1103551
5784 1103553
5785 1103557
5786 1104602
5787 1104604
5788 1105653
5789 1106704
5790 1106706
5791 1106708
5792 1106710
5793 1106716
5794 1107757
5795 1107759
5796 1107763
5797 1108810
5798 1108812
5799 1109863
5800 1110916
5801 1110918
5802 1110920
5803 1110922
5804 1110928
5805 1111971
5806 1111973
5807 1111977
5808 1113026
5809 1113028
5810 1114081
5811 1115136
5812 1115138
5813 1115140
5814 1115142
5815 1115148
5816 1116193
5817 1116195
5818 1116199
5819 1117250
5820 1117252
5821 1118307
5822 1119364
5823 1119366
5824 1119368
5825 1119370
5826 1119376
5827 1120423
5828 1120425
5829 1120429
5830 1121482
5831 1121484
5832 1122541
5833 1123600
5834 1123602
5835 1123604
5836 1123606
5837 1123612
5838 1124661
5839 1124663
5840 1124667
5841 1125722
5842 1125724
5843 1126783
5844 1127844
5845 1127846
5846 1127848
5847 1127850
5848 1127856
5849 1128907
5850 1128909
5851 1128913
5852 1129970
5853 1129972
5854 1131033
5855 1132096
5856 1132098
5857 1132100
5858 1132102
5859 1132108
5860 1133161
5861 1133163
5862 1133167
5863 1134226
5864 1134228
5865 1135291
5866 1136356
5867 1136358
5868 1136360
5869 1136362
5870 1136368
5871 1137423
5872 1137425
5873 1137429
5874 1138490
5875 1138492
5876 1139557
5877 1140624
5878 1140626
5879 1140628
5880 1140630
5881 1140636
5882 1141693
5883 1141695
5884 1141699
5885 1142762
5886 1142764
5887 1143831
5888 1144900
5889 1144902
5890 1144904
5891 1144906
5892 1144912
5893 1145971
5894 1145973
5895 1145977
5896 1147042
5897 1147044
5898 1148113
5899 1149184
5900 1149186
5901 1149188
5902 1149190
5903 1149196
5904 1150257
5905 1150259
5906 1150263
5907 1151330
5908 1151332
5909 1152403
5910 1153476
5911 1153478
5912 1153480
5913 1153482
5914 1153488
5915 1154551
5916 1154553
5917 1154557
5918 1155626
5919 1155628
5920 1156701
5921 1157776
5922 1157778
5923 1157780
5924 1157782
5925 1157788
5926 1158853
5927 1158855
5928 1158859
5929 1159930
5930 1159932
5931 1161007
5932 1162084
5933 1162086
5934 1162088
5935 1162090
5936 1162096
5937 1163163
5938 1163165
5939 1163169
5940 1164242
5941 1164244
5942 1165321
5943 1166400
5944 1166402
5945 1166404
5946 1166406
5947 1166412
5948 1167481
5949 1167483
5950 1167487
5951 1168562
5952 1168564
5953 1169643
5954 1170724
5955 1170726
5956 1170728
5957 1170730
5958 1170736
5959 1171807
5960 1171809
5961 1171813
5962 1172890
5963 1172892
5964 1173973
5965 1175056
5966 1175058
5967 1175060
5968 1175062
5969 1175068
5970 1176141
5971 1176143
5972 1176147
5973 1177226
5974 1177228
5975 1178311
5976 1179396
5977 1179398
5978 1179400
5979 1179402
5980 1179408
5981 1180483
5982 1180485
5983 1180489
5984 1181570
5985 1181572
5986 1182657
5987 1183744
5988 1183746
5989 1183748
5990 1183750
5991 1183756
5992 1184833
5993 1184835
5994 1184839
5995 1185922
5996 1185924
5997 1187011
5998 1188100
5999 1188102
6000 1188104
6001 1188106
6002 1188112
6003 1189191
6004 1189193
6005 1189197
6006 1190282
6007 1190284
6008 1191373
6009 1192464
6010 1192466
6011 1192468
6012 1192470
6013 1192476
6014 1193557
6015 1193559
6016 1193563
6017 1194650
6018 1194652
6019 1195743
6020 1196836
6021 1196838
6022 1196840
6023 1196842
6024 1196848
6025 1197931
6026 1197933
6027 1197937
6028 1199026
6029 1199028
6030 1200121
6031 1201216
6032 1201218
6033 1201220
6034 1201222
6035 1201228
6036 1202313
6037 1202315
6038 1202319
6039 1203410
6040 1203412
6041 1204507
6042 1205604
6043 1205606
6044 1205608
6045 1205610
6046 1205616
6047 1206703
6048 1206705
6049 1206709
6050 1207802
6051 1207804
6052 1208901
6053 1210000
6054 1210002
6055 1210004
6056 1210006
6057 1210012
6058 1211101
6059 1211103
6060 1211107
6061 1212202
6062 1212204
6063 1213303
6064 1214404
6065 1214406
6066 1214408
6067 1214410
6068 1214416
6069 1215507
6070 1215509
6071 1215513
6072 1216610
6073 1216612
6074 1217713
6075 1218816
6076 1218818
6077 1218820
6078 1218822
6079 1218828
6080 1219921
6081 1219923
6082 1219927
6083 1221026
6084 1221028
6085 1222131
6086 1223236
6087 1223238
6088 1223240
6089 1223242
6090 1223248
6091 1224343
6092 1224345
6093 1224349
6094 1225450
6095 1225452
6096 1226557
6097 1227664
6098 1227666
6099 1227668
6100 1227670
6101 1227676
6102 1228773
6103 1228775
6104 1228779
6105 1229882
6106 1229884
6107 1230991
6108 1232100
6109 1232102
6110 1232104
6111 1232106
6112 1232112
6113 1233211
6114 1233213
6115 1233217
6116 1234322
6117 1234324
6118 1235433
6119 1236544
6120 1236546
6121 1236548
6122 1236550
6123 1236556
6124 1237657
6125 1237659
6126 1237663
6127 1238770
6128 1238772
6129 1239883
6130 1240996
6131 1240998
6132 1241000
6133 1241002
6134 1241008
6135 1242111
6136 1242113
6137 1242117
6138 1243226
6139 1243228
6140 1244341
6141 1245456
6142 1245458
6143 1245460
6144 1245462
6145 1245468
6146 1246573
6147 1246575
6148 1246579
6149 1247690
6150 1247692
6151 1248807
6152 1249924
6153 1249926
6154 1249928
6155 1249930
6156 1249936
6157 1251043
6158 1251045
6159 1251049
6160 1252162
6161 1252164
6162 1253281
6163 1254400
6164 1254402
6165 1254404
6166 1254406
6167 1254412
6168 1255521
6169 1255523
6170 1255527
6171 1256642
6172 1256644
6173 1257763
6174 1258884
6175 1258886
6176 1258888
6177 1258890
6178 1258896
6179 1260007
6180 1260009
6181 1260013
6182 1261130
6183 1261132
6184 1262253
6185 1263376
6186 1263378
6187 1263380
6188 1263382
6189 1263388
6190 1264501
6191 1264503
6192 1264507
6193 1265626
6194 1265628
6195 1266751
6196 1267876
6197 1267878
6198 1267880
6199 1267882
6200 1267888
6201 1269003
6202 1269005
6203 1269009
6204 1270130
6205 1270132
6206 1271257
6207 1272384
6208 1272386
6209 1272388
6210 1272390
6211 1272396
6212 1273513
6213 1273515
6214 1273519
6215 1274642
6216 1274644
6217 1275771
6218 1276900
6219 1276902
6220 1276904
6221 1276906
6222 1276912
6223 1278031
6224 1278033
6225 1278037
6226 1279162
6227 1279164
6228 1280293
6229 1281424
6230 1281426
6231 1281428
6232 1281430
6233 1281436
6234 1282557
6235 1282559
6236 1282563
6237 1283690
6238 1283692
6239 1284823
6240 1285956
6241 1285958
6242 1285960
6243 1285962
6244 1285968
6245 1287091
6246 1287093
6247 1287097
6248 1288226
6249 1288228
6250 1289361
6251 1290496
6252 1290498
6253 1290500
6254 1290502
6255 1290508
6256 1291633
6257 1291635
6258 1291639
6259 1292770
6260 1292772
6261 1293907
6262 1295044
6263 1295046
6264 1295048
6265 1295050
6266 1295056
6267 1296183
6268 1296185
6269 1296189
6270 1297322
6271 1297324
6272 1298461
6273 1299600
6274 1299602
6275 1299604
6276 1299606
6277 1299612
6278 1300741
6279 1300743
6280 1300747
6281 1301882
6282 1301884
6283 1303023
6284 1304164
6285 1304166
6286 1304168
6287 1304170
6288 1304176
6289 1305307
6290 1305309
6291 1305313
6292 1306450
6293 1306452
6294 1307593
6295 1308736
6296 1308738
6297 1308740
6298 1308742
6299 1308748
6300 1309881
6301 1309883
6302 1309887
6303 1311026
6304 1311028
6305 1312171
6306 1313316
6307 1313318
6308 1313320
6309 1313322
6310 1313328
6311 1314463
6312 1314465
6313 1314469
6314 1315610
6315 1315612
6316 1316757
6317 1317904
6318 1317906
6319 1317908
6320 1317910
6321 1317916
6322 1319053
6323 1319055
6324 1319059
6325 1320202
6326 1320204
6327 1321351
6328 1322500
6329 1322502
6330 1322504
6331 1322506
6332 1322512
6333 1323651
6334 1323653
6335 1323657
6336 1324802
6337 1324804
6338 1325953
6339 1327104
6340 1327106
6341 1327108
6342 1327110
6343 1327116
6344 1328257
6345 1328259
6346 1328263
6347 1329410
6348 1329412
6349 1330563
6350 1331716
6351 1331718
6352 1331720
6353 1331722
6354 1331728
6355 1332871
6356 1332873
6357 1332877
6358 1334026
6359 1334028
6360 1335181
6361 1336336
6362 1336338
6363 1336340
6364 1336342
6365 1336348
6366 1337493
6367 1337495
6368 1337499
6369 1338650
6370 1338652
6371 1339807
6372 1340964
6373 1340966
6374 1340968
6375 1340970
6376 1340976
6377 1342123
6378 1342125
6379 1342129
6380 1343282
6381 1343284
6382 1344441
6383 1345600
6384 1345602
6385 1345604
6386 1345606
6387 1345612
6388 1346761
6389 1346763
6390 1346767
6391 1347922
6392 1347924
6393 1349083
6394 1350244
6395 1350246
6396 1350248
6397 1350250
6398 1350256
6399 1351407
6400 1351409
6401 1351413
6402 1352570
6403 1352572
6404 1353733
6405 1354896
6406 1354898
6407 1354900
6408 1354902
6409 1354908
6410 1356061
6411 1356063
6412 1356067
6413 1357226
6414 1357228
6415 1358391
6416 1359556
6417 1359558
6418 1359560
6419 1359562
6420 1359568
6421 1360723
6422 1360725
6423 1360729
6424 1361890
6425 1361892
6426 1363057
6427 1364224
6428 1364226
6429 1364228
6430 1364230
6431 1364236
6432 1365393
6433 1365395
6434 1365399
6435 1366562
6436 1366564
6437 1367731
6438 1368900
6439 1368902
6440 1368904
6441 1368906
6442 1368912
6443 1370071
6444 1370073
6445 1370077
6446 1371242
6447 1371244
6448 1372413
6449 1373584
6450 1373586
6451 1373588
6452 1373590
6453 1373596
6454 1374757
6455 1374759
6456 1374763
6457 1375930
6458 1375932
6459 1377103
6460 1378276
6461 1378278
6462 1378280
6463 1378282
6464 1378288
6465 1379451
6466 1379453
6467 1379457
6468 1380626
6469 1380628
6470 1381801
6471 1382976
6472 1382978
6473 1382980
6474 1382982
6475 1382988
6476 1384153
6477 1384155
6478 1384159
6479 1385330
6480 1385332
6481 1386507
6482 1387684
6483 1387686
6484 1387688
6485 1387690
6486 1387696
6487 1388863
6488 1388865
6489 1388869
6490 1390042
6491 1390044
6492 1391221
6493 1392400
6494 1392402
6495 1392404
6496 1392406
6497 1392412
6498 1393581
6499 1393583
6500 1393587
6501 1394762
6502 1394764
6503 1395943
6504 1397124
6505 1397126
6506 1397128
6507 1397130
6508 1397136
6509 1398307
6510 1398309
6511 1398313
6512 1399490
6513 1399492
6514 1400673
6515 1401856
6516 1401858
6517 1401860
6518 1401862
6519 1401868
6520 1403041
6521 1403043
6522 1403047
6523 1404226
6524 1404228
6525 1405411
6526 1406596
6527 1406598
6528 1406600
6529 1406602
6530 1406608
6531 1407783
6532 1407785
6533 1407789
6534 1408970
6535 1408972
6536 1410157
6537 1411344
6538 1411346
6539 1411348
6540 1411350
6541 1411356
6542 1412533
6543 1412535
6544 1412539
6545 1413722
6546 1413724
6547 1414911
6548 1416100
6549 1416102
6550 1416104
6551 1416106
6552 1416112
6553 1417291
6554 1417293
6555 1417297
6556 1418482
6557 1418484
6558 1419673
6559 1420864
6560 1420866
6561 1420868
6562 1420870
6563 1420876
6564 1422057
6565 1422059
6566 1422063
6567 1423250
6568 1423252
6569 1424443
6570 1425636
6571 1425638
6572 1425640
6573 1425642
6574 1425648
6575 1426831
6576 1426833
6577 1426837
6578 1428026
6579 1428028
6580 1429221
6581 1430416
6582 1430418
6583 1430420
6584 1430422
6585 1430428
6586 1431613
6587 1431615
6588 1431619
6589 1432810
6590 1432812
6591 1434007
6592 1435204
6593 1435206
6594 1435208
6595 1435210
6596 1435216
6597 1436403
6598 1436405
6599 1436409
6600 1437602
6601 1437604
6602 1438801
6603 1440000
6604 1440002
6605 1440004
6606 1440006
6607 1440012
6608 1441201
6609 1441203
6610 1441207
6611 1442402
6612 1442404
6613 1443603
6614 1444804
6615 1444806
6616 1444808
6617 1444810
6618 1444816
6619 1446007
6620 1446009
6621 1446013
6622 1447210
6623 1447212
6624 1448413
6625 1449616
6626 1449618
6627 1449620
6628 1449622
6629 1449628
6630 1450821
6631 1450823
6632 1450827
6633 1452026
6634 1452028
6635 1453231
6636 1454436
6637 1454438
6638 1454440
6639 1454442
6640 1454448
6641 1455643
6642 1455645
6643 1455649
6644 1456850
6645 1456852
6646 1458057
6647 1459264
6648 1459266
6649 1459268
6650 1459270
6651 1459276
6652 1460473
6653 1460475
6654 1460479
6655 1461682
6656 1461684
6657 1462891
6658 1464100
6659 1464102
6660 1464104
6661 1464106
6662 1464112
6663 1465311
6664 1465313
6665 1465317
6666 1466522
6667 1466524
6668 1467733
6669 1468944
6670 1468946
6671 1468948
6672 1468950
6673 1468956
6674 1470157
6675 1470159
6676 1470163
6677 1471370
6678 1471372
6679 1472583
6680 1473796
6681 1473798
6682 1473800
6683 1473802
6684 1473808
6685 1475011
6686 1475013
6687 1475017
6688 1476226
6689 1476228
6690 1477441
6691 1478656
6692 1478658
6693 1478660
6694 1478662
6695 1478668
6696 1479873
6697 1479875
6698 1479879
6699 1481090
6700 1481092
6701 1482307
6702 1483524
6703 1483526
6704 1483528
6705 1483530
6706 1483536
6707 1484743
6708 1484745
6709 1484749
6710 1485962
6711 1485964
6712 1487181
6713 1488400
6714 1488402
6715 1488404
6716 1488406
6717 1488412
6718 1489621
6719 1489623
6720 1489627
6721 1490842
6722 1490844
6723 1492063
6724 1493284
6725 1493286
6726 1493288
6727 1493290
6728 1493296
6729 1494507
6730 1494509
6731 1494513
6732 1495730
6733 1495732
6734 1496953
6735 1498176
6736 1498178
6737 1498180
6738 1498182
6739 1498188
6740 1499401
6741 1499403
6742 1499407
6743 1500626
6744 1500628
6745 1501851
6746 1503076
6747 1503078
6748 1503080
6749 1503082
6750 1503088
6751 1504303
6752 1504305
6753 1504309
6754 1505530
6755 1505532
6756 1506757
6757 1507984
6758 1507986
6759 1507988
6760 1507990
6761 1507996
6762 1509213
6763 1509215
6764 1509219
6765 1510442
6766 1510444
6767 1511671
6768 1512900
6769 1512902
6770 1512904
6771 1512906
6772 1512912
6773 1514131
6774 1514133
6775 1514137
6776 1515362
6777 1515364
6778 1516593
6779 1517824
6780 1517826
6781 1517828
6782 1517830
6783 1517836
6784 1519057
6785 1519059
6786 1519063
6787 1520290
6788 1520292
6789 1521523
6790 1522756
6791 1522758
6792 1522760
6793 1522762
6794 1522768
6795 1523991
6796 1523993
6797 1523997
6798 1525226
6799 1525228
6800 1526461
6801 1527696
6802 1527698
6803 1527700
6804 1527702
6805 1527708
6806 1528933
6807 1528935
6808 1528939
6809 1530170
6810 1530172
6811 1531407
6812 1532644
6813 1532646
6814 1532648
6815 1532650
6816 1532656
6817 1533883
6818 1533885
6819 1533889
6820 1535122
6821 1535124
6822 1536361
6823 1537600
6824 1537602
6825 1537604
6826 1537606
6827 1537612
6828 1538841
6829 1538843
6830 1538847
6831 1540082
6832 1540084
6833 1541323
6834 1542564
6835 1542566
6836 1542568
6837 1542570
6838 1542576
6839 1543807
6840 1543809
6841 1543813
6842 1545050
6843 1545052
6844 1546293
6845 1547536
6846 1547538
6847 1547540
6848 1547542
6849 1547548
6850 1548781
6851 1548783
6852 1548787
6853 1550026
6854 1550028
6855 1551271
6856 1552516
6857 1552518
6858 1552520
6859 1552522
6860 1552528
6861 1553763
6862 1553765
6863 1553769
6864 1555010
6865 1555012
6866 1556257
6867 1557504
6868 1557506
6869 1557508
6870 1557510
6871 1557516
6872 1558753
6873 1558755
6874 1558759
6875 1560002
6876 1560004
6877 1561251
6878 1562500
6879 1562502
6880 1562504
6881 1562506
6882 1562512
6883 1563751
6884 1563753
6885 1563757
6886 1565002
6887 1565004
6888 1566253
6889 1567504
6890 1567506
6891 1567508
6892 1567510
6893 1567516
6894 1568757
6895 1568759
6896 1568763
6897 1570010
6898 1570012
6899 1571263
6900 1572516
6901 1572518
6902 1572520
6903 1572522
6904 1572528
6905 1573771
6906 1573773
6907 1573777
6908 1575026
6909 1575028
6910 1576281
6911 1577536
6912 1577538
6913 1577540
6914 1577542
6915 1577548
6916 1578793
6917 1578795
6918 1578799
6919 1580050
6920 1580052
6921 1581307
6922 1582564
6923 1582566
6924 1582568
6925 1582570
6926 1582576
6927 1583823
6928 1583825
6929 1583829
6930 1585082
6931 1585084
6932 1586341
6933 1587600
6934 1587602
6935 1587604
6936 1587606
6937 1587612
6938 1588861
6939 1588863
6940 1588867
6941 1590122
6942 1590124
6943 1591383
6944 1592644
6945 1592646
6946 1592648
6947 1592650
6948 1592656
6949 1593907
6950 1593909
6951 1593913
6952 1595170
6953 1595172
6954 1596433
6955 1597696
6956 1597698
6957 1597700
6958 1597702
6959 1597708
6960 1598961
6961 1598963
6962 1598967
6963 1600226
6964 1600228
6965 1601491
6966 1602756
6967 1602758
6968 1602760
6969 1602762
6970 1602768
6971 1604023
6972 1604025
6973 1604029
6974 1605290
6975 1605292
6976 1606557
6977 1607824
6978 1607826
6979 1607828
6980 1607830
6981 1607836
6982 1609093
6983 1609095
6984 1609099
6985 1610362
6986 1610364
6987 1611631
6988 1612900
6989 1612902
6990 1612904
6991 1612906
6992 1612912
6993 1614171
6994 1614173
6995 1614177
6996 1615442
6997 1615444
6998 1616713
6999 1617984
7000 1617986
7001 1617988
7002 1617990
7003 1617996
7004 1619257
7005 1619259
7006 1619263
7007 1620530
7008 1620532
7009 1621803
7010 1623076
7011 1623078
7012 1623080
7013 1623082
7014 1623088
7015 1624351
7016 1624353
7017 1624357
7018 1625626
7019 1625628
7020 1626901
7021 1628176
7022 1628178
7023 1628180
7024 1628182
7025 1628188
7026 1629453
7027 1629455
7028 1629459
7029 1630730
7030 1630732
7031 1632007
7032 1633284
7033 1633286
7034 1633288
7035 1633290
7036 1633296
7037 1634563
7038 1634565
7039 1634569
7040 1635842
7041 1635844
7042 1637121
7043 1638400
7044 1638402
7045 1638404
7046 1638406
7047 1638412
7048 1639681
7049 1639683
7050 1639687
7051 1640962
7052 1640964
7053 1642243
7054 1643524
7055 1643526
7056 1643528
7057 1643530
7058 1643536
7059 1644807
7060 1644809
7061 1644813
7062 1646090
7063 1646092
7064 1647373
7065 1648656
7066 1648658
7067 1648660
7068 1648662
7069 1648668
7070 1649941
7071 1649943
7072 1649947
7073 1651226
7074 1651228
7075 1652511
7076 1653796
7077 1653798
7078 1653800
7079 1653802
7080 1653808
7081 1655083
7082 1655085
7083 1655089
7084 1656370
7085 1656372
7086 1657657
7087 1658944
7088 1658946
7089 1658948
7090 1658950
7091 1658956
7092 1660233
7093 1660235
7094 1660239
7095 1661522
7096 1661524
7097 1662811
7098 1664100
7099 1664102
7100 1664104
7101 1664106
7102 1664112
7103 1665391
7104 1665393
7105 1665397
7106 1666682
7107 1666684
7108 1667973
7109 1669264
7110 1669266
7111 1669268
7112 1669270
7113 1669276
7114 1670557
7115 1670559
7116 1670563
7117 1671850
7118 1671852
7119 1673143
7120 1674436
7121 1674438
7122 1674440
7123 1674442
7124 1674448
7125 1675731
7126 1675733
7127 1675737
7128 1677026
7129 1677028
7130 1678321
7131 1679616
7132 1679618
7133 1679620
7134 1679622
7135 1679628
7136 1680913
7137 1680915
7138 1680919
7139 1682210
7140 1682212
7141 1683507
7142 1684804
7143 1684806
7144 1684808
7145 1684810
7146 1684816
7147 1686103
7148 1686105
7149 1686109
7150 1687402
7151 1687404
7152 1688701
7153 1690000
7154 1690002
7155 1690004
7156 1690006
7157 1690012
7158 1691301
7159 1691303
7160 1691307
7161 1692602
7162 1692604
7163 1693903
7164 1695204
7165 1695206
7166 1695208
7167 1695210
7168 1695216
7169 1696507
7170 1696509
7171 1696513
7172 1697810
7173 1697812
7174 1699113
7175 1700416
7176 1700418
7177 1700420
7178 1700422
7179 1700428
7180 1701721
7181 1701723
7182 1701727
7183 1703026
7184 1703028
7185 1704331
7186 1705636
7187 1705638
7188 1705640
7189 1705642
7190 1705648
7191 1706943
7192 1706945
7193 1706949
7194 1708250
7195 1708252
7196 1709557
7197 1710864
7198 1710866
7199 1710868
7200 1710870
7201 1710876
7202 1712173
7203 1712175
7204 1712179
7205 1713482
7206 1713484
7207 1714791
7208 1716100
7209 1716102
7210 1716104
7211 1716106
7212 1716112
7213 1717411
7214 1717413
7215 1717417
7216 1718722
7217 1718724
7218 1720033
7219 1721344
7220 1721346
7221 1721348
7222 1721350
7223 1721356
7224 1722657
7225 1722659
7226 1722663
7227 1723970
7228 1723972
7229 1725283
7230 1726596
7231 1726598
7232 1726600
7233 1726602
7234 1726608
7235 1727911
7236 1727913
7237 1727917
7238 1729226
7239 1729228
7240 1730541
7241 1731856
7242 1731858
7243 1731860
7244 1731862
7245 1731868
7246 1733173
7247 1733175
7248 1733179
7249 1734490
7250 1734492
7251 1735807
7252 1737124
7253 1737126
7254 1737128
7255 1737130
7256 1737136
7257 1738443
7258 1738445
7259 1738449
7260 1739762
7261 1739764
7262 1741081
7263 1742400
7264 1742402
7265 1742404
7266 1742406
7267 1742412
7268 1743721
7269 1743723
7270 1743727
7271 1745042
7272 1745044
7273 1746363
7274 1747684
7275 1747686
7276 1747688
7277 1747690
7278 1747696
7279 1749007
7280 1749009
7281 1749013
7282 1750330
7283 1750332
7284 1751653
7285 1752976
7286 1752978
7287 1752980
7288 1752982
7289 1752988
7290 1754301
7291 1754303
7292 1754307
7293 1755626
7294 1755628
7295 1756951
7296 1758276
7297 1758278
7298 1758280
7299 1758282
7300 1758288
7301 1759603
7302 1759605
7303 1759609
7304 1760930
7305 1760932
7306 1762257
7307 1763584
7308 1763586
7309 1763588
7310 1763590
7311 1763596
7312 1764913
7313 1764915
7314 1764919
7315 1766242
7316 1766244
7317 1767571
7318 1768900
7319 1768902
7320 1768904
7321 1768906
7322 1768912
7323 1770231
7324 1770233
7325 1770237
7326 1771562
7327 1771564
7328 1772893
7329 1774224
7330 1774226
7331 1774228
7332 1774230
7333 1774236
7334 1775557
7335 1775559
7336 1775563
7337 1776890
7338 1776892
7339 1778223
7340 1779556
7341 1779558
7342 1779560
7343 1779562
7344 1779568
7345 1780891
7346 1780893
7347 1780897
7348 1782226
7349 1782228
7350 1783561
7351 1784896
7352 1784898
7353 1784900
7354 1784902
7355 1784908
7356 1786233
7357 1786235
7358 1786239
7359 1787570
7360 1787572
7361 1788907
7362 1790244
7363 1790246
7364 1790248
7365 1790250
7366 1790256
7367 1791583
7368 1791585
7369 1791589
7370 1792922
7371 1792924
7372 1794261
7373 1795600
7374 1795602
7375 1795604
7376 1795606
7377 1795612
7378 1796941
7379 1796943
7380 1796947
7381 1798282
7382 1798284
7383 1799623
7384 1800964
7385 1800966
7386 1800968
7387 1800970
7388 1800976
7389 1802307
7390 1802309
7391 1802313
7392 1803650
7393 1803652
7394 1804993
7395 1806336
7396 1806338
7397 1806340
7398 1806342
7399 1806348
7400 1807681
7401 1807683
7402 1807687
7403 1809026
7404 1809028
7405 1810371
7406 1811716
7407 1811718
7408 1811720
7409 1811722
7410 1811728
7411 1813063
7412 1813065
7413 1813069
7414 1814410
7415 1814412
7416 1815757
7417 1817104
7418 1817106
7419 1817108
7420 1817110
7421 1817116
7422 1818453
7423 1818455
7424 1818459
7425 1819802
7426 1819804
7427 1821151
7428 1822500
7429 1822502
7430 1822504
7431 1822506
7432 1822512
7433 1823851
7434 1823853
7435 1823857
7436 1825202
7437 1825204
7438 1826553
7439 1827904
7440 1827906
7441 1827908
7442 1827910
7443 1827916
7444 1829257
7445 1829259
7446 1829263
7447 1830610
7448 1830612
7449 1831963
7450 1833316
7451 1833318
7452 1833320
7453 1833322
7454 1833328
7455 1834671
7456 1834673
7457 1834677
7458 1836026
7459 1836028
7460 1837381
7461 1838736
7462 1838738
7463 1838740
7464 1838742
7465 1838748
7466 1840093
7467 1840095
7468 1840099
7469 1841450
7470 1841452
7471 1842807
7472 1844164
7473 1844166
7474 1844168
7475 1844170
7476 1844176
7477 1845523
7478 1845525
7479 1845529
7480 1846882
7481 1846884
7482 1848241
7483 1849600
7484 1849602
7485 1849604
7486 1849606
7487 1849612
7488 1850961
7489 1850963
7490 1850967
7491 1852322
7492 1852324
7493 1853683
7494 1855044
7495 1855046
7496 1855048
7497 1855050
7498 1855056
7499 1856407
7500 1856409
7501 1856413
7502 1857770
7503 1857772
7504 1859133
7505 1860496
7506 1860498
7507 1860500
7508 1860502
7509 1860508
7510 1861861
7511 1861863
7512 1861867
7513 1863226
7514 1863228
7515 1864591
7516 1865956
7517 1865958
7518 1865960
7519 1865962
7520 1865968
7521 1867323
7522 1867325
7523 1867329
7524 1868690
7525 1868692
7526 1870057
7527 1871424
7528 1871426
7529 1871428
7530 1871430
7531 1871436
7532 1872793
7533 1872795
7534 1872799
7535 1874162
7536 1874164
7537 1875531
7538 1876900
7539 1876902
7540 1876904
7541 1876906
7542 1876912
7543 1878271
7544 1878273
7545 1878277
7546 1879642
7547 1879644
7548 1881013
7549 1882384
7550 1882386
7551 1882388
7552 1882390
7553 1882396
7554 1883757
7555 1883759
7556 1883763
7557 1885130
7558 1885132
7559 1886503
7560 1887876
7561 1887878
7562 1887880
7563 1887882
7564 1887888
7565 1889251
7566 1889253
7567 1889257
7568 1890626
7569 1890628
7570 1892001
7571 1893376
7572 1893378
7573 1893380
7574 1893382
7575 1893388
7576 1894753
7577 1894755
7578 1894759
7579 1896130
7580 1896132
7581 1897507
7582 1898884
7583 1898886
7584 1898888
7585 1898890
7586 1898896
7587 1900263
7588 1900265
7589 1900269
7590 1901642
7591 1901644
7592 1903021
7593 1904400
7594 1904402
7595 1904404
7596 1904406
7597 1904412
7598 1905781
7599 1905783
7600 1905787
7601 1907162
7602 1907164
7603 1908543
7604 1909924
7605 1909926
7606 1909928
7607 1909930
7608 1909936
7609 1911307
7610 1911309
7611 1911313
7612 1912690
7613 1912692
7614 1914073
7615 1915456
7616 1915458
7617 1915460
7618 1915462
7619 1915468
7620 1916841
7621 1916843
7622 1916847
7623 1918226
7624 1918228
7625 1919611
7626 1920996
7627 1920998
7628 1921000
7629 1921002
7630 1921008
7631 1922383
7632 1922385
7633 1922389
7634 1923770
7635 1923772
7636 1925157
7637 1926544
7638 1926546
7639 1926548
7640 1926550
7641 1926556
7642 1927933
7643 1927935
7644 1927939
7645 1929322
7646 1929324
7647 1930711
7648 1932100
7649 1932102
7650 1932104
7651 1932106
7652 1932112
7653 1933491
7654 1933493
7655 1933497
7656 1934882
7657 1934884
7658 1936273
7659 1937664
7660 1937666
7661 1937668
7662 1937670
7663 1937676
7664 1939057
7665 1939059
7666 1939063
7667 1940450
7668 1940452
7669 1941843
7670 1943236
7671 1943238
7672 1943240
7673 1943242
7674 1943248
7675 1944631
7676 1944633
7677 1944637
7678 1946026
7679 1946028
7680 1947421
7681 1948816
7682 1948818
7683 1948820
7684 1948822
7685 1948828
7686 1950213
7687 1950215
7688 1950219
7689 1951610
7690 1951612
7691 1953007
7692 1954404
7693 1954406
7694 1954408
7695 1954410
7696 1954416
7697 1955803
7698 1955805
7699 1955809
7700 1957202
7701 1957204
7702 1958601
7703 1960000
7704 1960002
7705 1960004
7706 1960006
7707 1960012
7708 1961401
7709 1961403
7710 1961407
7711 1962802
7712 1962804
7713 1964203
7714 1965604
7715 1965606
7716 1965608
7717 1965610
7718 1965616
7719 1967007
7720 1967009
7721 1967013
7722 1968410
7723 1968412
7724 1969813
7725 1971216
7726 1971218
7727 1971220
7728 1971222
7729 1971228
7730 1972621
7731 1972623
7732 1972627
7733 1974026
7734 1974028
7735 1975431
7736 1976836
7737 1976838
7738 1976840
7739 1976842
7740 1976848
7741 1978243
7742 1978245
7743 1978249
7744 1979650
7745 1979652
7746 1981057
7747 1982464
7748 1982466
7749 1982468
7750 1982470
7751 1982476
7752 1983873
7753 1983875
7754 1983879
7755 1985282
7756 1985284
7757 1986691
7758 1988100
7759 1988102
7760 1988104
7761 1988106
7762 1988112
7763 1989511
7764 1989513
7765 1989517
7766 1990922
7767 1990924
7768 1992333
7769 1993744
7770 1993746
7771 1993748
7772 1993750
7773 1993756
7774 1995157
7775 1995159
7776 1995163
7777 1996570
7778 1996572
7779 1997983
7780 1999396
7781 1999398
7782 1999400
7783 1999402
7784 1999408
7785 2000811
7786 2000813
7787 2000817
7788 2002226
7789 2002228
7790 2003641
7791 2005056
7792 2005058
7793 2005060
7794 2005062
7795 2005068
7796 2006473
7797 2006475
7798 2006479
7799 2007890
7800 2007892
7801 2009307
7802 2010724
7803 2010726
7804 2010728
7805 2010730
7806 2010736
7807 2012143
7808 2012145
7809 2012149
7810 2013562
7811 2013564
7812 2014981
7813 2016400
7814 2016402
7815 2016404
7816 2016406
7817 2016412
7818 2017821
7819 2017823
7820 2017827
7821 2019242
7822 2019244
7823 2020663
7824 2022084
7825 2022086
7826 2022088
7827 2022090
7828 2022096
7829 2023507
7830 2023509
7831 2023513
7832 2024930
7833 2024932
7834 2026353
7835 2027776
7836 2027778
7837 2027780
7838 2027782
7839 2027788
7840 2029201
7841 2029203
7842 2029207
7843 2030626
7844 2030628
7845 2032051
7846 2033476
7847 2033478
7848 2033480
7849 2033482
7850 2033488
7851 2034903
7852 2034905
7853 2034909
7854 2036330
7855 2036332
7856 2037757
7857 2039184
7858 2039186
7859 2039188
7860 2039190
7861 2039196
7862 2040613
7863 2040615
7864 2040619
7865 2042042
7866 2042044
7867 2043471
7868 2044900
7869 2044902
7870 2044904
7871 2044906
7872 2044912
7873 2046331
7874 2046333
7875 2046337
7876 2047762
7877 2047764
7878 2049193
7879 2050624
7880 2050626
7881 2050628
7882 2050630
7883 2050636
7884 2052057
7885 2052059
7886 2052063
7887 2053490
7888 2053492
7889 2054923
7890 2056356
7891 2056358
7892 2056360
7893 2056362
7894 2056368
7895 2057791
7896 2057793
7897 2057797
7898 2059226
7899 2059228
7900 2060661
7901 2062096
7902 2062098
7903 2062100
7904 2062102
7905 2062108
7906 2063533
7907 2063535
7908 2063539
7909 2064970
7910 2064972
7911 2066407
7912 2067844
7913 2067846
7914 2067848
7915 2067850
7916 2067856
7917 2069283
7918 2069285
7919 2069289
7920 2070722
7921 2070724
7922 2072161
7923 2073600
7924 2073602
7925 2073604
7926 2073606
7927 2073612
7928 2075041
7929 2075043
7930 2075047
7931 2076482
7932 2076484
7933 2077923
7934 2079364
7935 2079366
7936 2079368
7937 2079370
7938 2079376
7939 2080807
7940 2080809
7941 2080813
7942 2082250
7943 2082252
7944 2083693
7945 2085136
7946 2085138
7947 2085140
7948 2085142
7949 2085148
7950 2086581
7951 2086583
7952 2086587
7953 2088026
7954 2088028
7955 2089471
7956 2090916
7957 2090918
7958 2090920
7959 2090922
7960 2090928
7961 2092363
7962 2092365
7963 2092369
7964 2093810
7965 2093812
7966 2095257
7967 2096704
7968 2096706
7969 2096708
7970 2096710
7971 2096716
7972 2098153
7973 2098155
7974 2098159
7975 2099602
7976 2099604
7977 2101051
7978 2102500
7979 2102502
7980 2102504
7981 2102506
7982 2102512
7983 2103951
7984 2103953
7985 2103957
7986 2105402
7987 2105404
7988 2106853
7989 2108304
7990 2108306
7991 2108308
7992 2108310
7993 2108316
7994 2109757
7995 2109759
7996 2109763
7997 2111210
7998 2111212
7999 2112663
8000 2114116
8001 2114118
8002 2114120
8003 2114122
8004 2114128
8005 2115571
8006 2115573
8007 2115577
8008 2117026
8009 2117028
8010 2118481
8011 2119936
8012 2119938
8013 2119940
8014 2119942
8015 2119948
8016 2121393
8017 2121395
8018 2121399
8019 2122850
8020 2122852
8021 2124307
8022 2125764
8023 2125766
8024 2125768
8025 2125770
8026 2125776
8027 2127223
8028 2127225
8029 2127229
8030 2128682
8031 2128684
8032 2130141
8033 2131600
8034 2131602
8035 2131604
8036 2131606
8037 2131612
8038 2133061
8039 2133063
8040 2133067
8041 2134522
8042 2134524
8043 2135983
8044 2137444
8045 2137446
8046 2137448
8047 2137450
8048 2137456
8049 2138907
8050 2138909
8051 2138913
8052 2140370
8053 2140372
8054 2141833
8055 2143296
8056 2143298
8057 2143300
8058 2143302
8059 2143308
8060 2144761
8061 2144763
8062 2144767
8063 2146226
8064 2146228
8065 2147691
8066 2149156
8067 2149158
8068 2149160
8069 2149162
8070 2149168
8071 2150623
8072 2150625
8073 2150629
8074 2152090
8075 2152092
8076 2153557
8077 2155024
8078 2155026
8079 2155028
8080 2155030
8081 2155036
8082 2156493
8083 2156495
8084 2156499
8085 2157962
8086 2157964
8087 2159431
8088 2160900
8089 2160902
8090 2160904
8091 2160906
8092 2160912
8093 2162371
8094 2162373
8095 2162377
8096 2163842
8097 2163844
8098 2165313
8099 2166784
8100 2166786
8101 2166788
8102 2166790
8103 2166796
8104 2168257
8105 2168259
8106 2168263
8107 2169730
8108 2169732
8109 2171203
8110 2172676
8111 2172678
8112 2172680
8113 2172682
8114 2172688
8115 2174151
8116 2174153
8117 2174157
8118 2175626
8119 2175628
8120 2177101
8121 2178576
8122 2178578
8123 2178580
8124 2178582
8125 2178588
8126 2180053
8127 2180055
8128 2180059
8129 2181530
8130 2181532
8131 2183007
8132 2184484
8133 2184486
8134 2184488
8135 2184490
8136 2184496
8137 2185963
8138 2185965
8139 2185969
8140 2187442
8141 2187444
8142 2188921
8143 2190400
8144 2190402
8145 2190404
8146 2190406
8147 2190412
8148 2191881
8149 2191883
8150 2191887
8151 2193362
8152 2193364
8153 2194843
8154 2196324
8155 2196326
8156 2196328
8157 2196330
8158 2196336
8159 2197807
8160 2197809
8161 2197813
8162 2199290
8163 2199292
8164 2200773
8165 2202256
8166 2202258
8167 2202260
8168 2202262
8169 2202268
8170 2203741
8171 2203743
8172 2203747
8173 2205226
8174 2205228
8175 2206711
8176 2208196
8177 2208198
8178 2208200
8179 2208202
8180 2208208
8181 2209683
8182 2209685
8183 2209689
8184 2211170
8185 2211172
8186 2212657
8187 2214144
8188 2214146
8189 2214148
8190 2214150
8191 2214156
8192 2215633
8193 2215635
8194 2215639
8195 2217122
8196 2217124
8197 2218611
8198 2220100
8199 2220102
8200 2220104
8201 2220106
8202 2220112
8203 2221591
8204 2221593
8205 2221597
8206 2223082
8207 2223084
8208 2224573
8209 2226064
8210 2226066
8211 2226068
8212 2226070
8213 2226076
8214 2227557
8215 2227559
8216 2227563
8217 2229050
8218 2229052
8219 2230543
8220 2232036
8221 2232038
8222 2232040
8223 2232042
8224 2232048
8225 2233531
8226 2233533
8227 2233537
8228 2235026
8229 2235028
8230 2236521
8231 2238016
8232 2238018
8233 2238020
8234 2238022
8235 2238028
8236 2239513
8237 2239515
8238 2239519
8239 2241010
8240 2241012
8241 2242507
8242 2244004
8243 2244006
8244 2244008
8245 2244010
8246 2244016
8247 2245503
8248 2245505
8249 2245509
8250 2247002
8251 2247004
8252 2248501
8253 2250000
8254 2250002
8255 2250004
8256 2250006
8257 2250012
8258 2251501
8259 2251503
8260 2251507
8261 2253002
8262 2253004
8263 2254503
8264 2256004
8265 2256006
8266 2256008
8267 2256010
8268 2256016
8269 2257507
8270 2257509
8271 2257513
8272 2259010
8273 2259012
8274 2260513
8275 2262016
8276 2262018
8277 2262020
8278 2262022
8279 2262028
8280 2263521
8281 2263523
8282 2263527
8283 2265026
8284 2265028
8285 2266531
8286 2268036
8287 2268038
8288 2268040
8289 2268042
8290 2268048
8291 2269543
8292 2269545
8293 2269549
8294 2271050
8295 2271052
8296 2272557
8297 2274064
8298 2274066
8299 2274068
8300 2274070
8301 2274076
8302 2275573
8303 2275575
8304 2275579
8305 2277082
8306 2277084
8307 2278591
8308 2280100
8309 2280102
8310 2280104
8311 2280106
8312 2280112
8313 2281611
8314 2281613
8315 2281617
8316 2283122
8317 2283124
8318 2284633
8319 2286144
8320 2286146
8321 2286148
8322 2286150
8323 2286156
8324 2287657
8325 2287659
8326 2287663
8327 2289170
8328 2289172
8329 2290683
8330 2292196
8331 2292198
8332 2292200
8333 2292202
8334 2292208
8335 2293711
8336 2293713
8337 2293717
8338 2295226
8339 2295228
8340 2296741
8341 2298256
8342 2298258
8343 2298260
8344 2298262
8345 2298268
8346 2299773
8347 2299775
8348 2299779
8349 2301290
8350 2301292
8351 2302807
8352 2304324
8353 2304326
8354 2304328
8355 2304330
8356 2304336
8357 2305843
8358 2305845
8359 2305849
8360 2307362
8361 2307364
8362 2308881
8363 2310400
8364 2310402
8365 2310404
8366 2310406
8367 2310412
8368 2311921
8369 2311923
8370 2311927
8371 2313442
8372 2313444
8373 2314963
8374 2316484
8375 2316486
8376 2316488
8377 2316490
8378 2316496
8379 2318007
8380 2318009
8381 2318013
8382 2319530
8383 2319532
8384 2321053
8385 2322576
8386 2322578
8387 2322580
8388 2322582
8389 2322588
8390 2324101
8391 2324103
8392 2324107
8393 2325626
8394 2325628
8395 2327151
8396 2328676
8397 2328678
8398 2328680
8399 2328682
8400 2328688
8401 2330203
8402 2330205
8403 2330209
8404 2331730
8405 2331732
8406 2333257
8407 2334784
8408 2334786
8409 2334788
8410 2334790
8411 2334796
8412 2336313
8413 2336315
8414 2336319
8415 2337842
8416 2337844
8417 2339371
8418 2340900
8419 2340902
8420 2340904
8421 2340906
8422 2340912
8423 2342431
8424 2342433
8425 2342437
8426 2343962
8427 2343964
8428 2345493
8429 2347024
8430 2347026
8431 2347028
8432 2347030
8433 2347036
8434 2348557
8435 2348559
8436 2348563
8437 2350090
8438 2350092
8439 2351623
8440 2353156
8441 2353158
8442 2353160
8443 2353162
8444 2353168
8445 2354691
8446 2354693
8447 2354697
8448 2356226
8449 2356228
8450 2357761
8451 2359296
8452 2359298
8453 2359300
8454 2359302
8455 2359308
8456 2360833
8457 2360835
8458 2360839
8459 2362370
8460 2362372
8461 2363907
8462 2365444
8463 2365446
8464 2365448
8465 2365450
8466 2365456
8467 2366983
8468 2366985
8469 2366989
8470 2368522
8471 2368524
8472 2370061
8473 2371600
8474 2371602
8475 2371604
8476 2371606
8477 2371612
8478 2373141
8479 2373143
8480 2373147
8481 2374682
8482 2374684
8483 2376223
8484 2377764
8485 2377766
8486 2377768
8487 2377770
8488 2377776
8489 2379307
8490 2379309
8491 2379313
8492 2380850
8493 2380852
8494 2382393
8495 2383936
8496 2383938
8497 2383940
8498 2383942
8499 2383948
8500 2385481
8501 2385483
8502 2385487
8503 2387026
8504 2387028
8505 2388571
8506 2390116
8507 2390118
8508 2390120
8509 2390122
8510 2390128
8511 2391663
8512 2391665
8513 2391669
8514 2393210
8515 2393212
8516 2394757
8517 2396304
8518 2396306
8519 2396308
8520 2396310
8521 2396316
8522 2397853
8523 2397855
8524 2397859
8525 2399402
8526 2399404
8527 2400951
8528 2402500
8529 2402502
8530 2402504
8531 2402506
8532 2402512
8533 2404051
8534 2404053
8535 2404057
8536 2405602
8537 2405604
8538 2407153
8539 2408704
8540 2408706
8541 2408708
8542 2408710
8543 2408716
8544 2410257
8545 2410259
8546 2410263
8547 2411810
8548 2411812
8549 2413363
8550 2414916
8551 2414918
8552 2414920
8553 2414922
8554 2414928
8555 2416471
8556 2416473
8557 2416477
8558 2418026
8559 2418028
8560 2419581
8561 2421136
8562 2421138
8563 2421140
8564 2421142
8565 2421148
8566 2422693
8567 2422695
8568 2422699
8569 2424250
8570 2424252
8571 2425807
8572 2427364
8573 2427366
8574 2427368
8575 2427370
8576 2427376
8577 2428923
8578 2428925
8579 2428929
8580 2430482
8581 2430484
8582 2432041
8583 2433600
8584 2433602
8585 2433604
8586 2433606
8587 2433612
8588 2435161
8589 2435163
8590 2435167
8591 2436722
8592 2436724
8593 2438283
8594 2439844
8595 2439846
8596 2439848
8597 2439850
8598 2439856
8599 2441407
8600 2441409
8601 2441413
8602 2442970
8603 2442972
8604 2444533
8605 2446096
8606 2446098
8607 2446100
8608 2446102
8609 2446108
8610 2447661
8611 2447663
8612 2447667
8613 2449226
8614 2449228
8615 2450791
8616 2452356
8617 2452358
8618 2452360
8619 2452362
8620 2452368
8621 2453923
8622 2453925
8623 2453929
8624 2455490
8625 2455492
8626 2457057
8627 2458624
8628 2458626
8629 2458628
8630 2458630
8631 2458636
8632 2460193
8633 2460195
8634 2460199
8635 2461762
8636 2461764
8637 2463331
8638 2464900
8639 2464902
8640 2464904
8641 2464906
8642 2464912
8643 2466471
8644 2466473
8645 2466477
8646 2468042
8647 2468044
8648 2469613
8649 2471184
8650 2471186
8651 2471188
8652 2471190
8653 2471196
8654 2472757
8655 2472759
8656 2472763
8657 2474330
8658 2474332
8659 2475903
8660 2477476
8661 2477478
8662 2477480
8663 2477482
8664 2477488
8665 2479051
8666 2479053
8667 2479057
8668 2480626
8669 2480628
8670 2482201
8671 2483776
8672 2483778
8673 2483780
8674 2483782
8675 2483788
8676 2485353
8677 2485355
8678 2485359
8679 2486930
8680 2486932
8681 2488507
8682 2490084
8683 2490086
8684 2490088
8685 2490090
8686 2490096
8687 2491663
8688 2491665
8689 2491669
8690 2493242
8691 2493244
8692 2494821
8693 2496400
8694 2496402
8695 2496404
8696 2496406
8697 2496412
8698 2497981
8699 2497983
8700 2497987
8701 2499562
8702 2499564
8703 2501143
8704 2502724
8705 2502726
8706 2502728
8707 2502730
8708 2502736
8709 2504307
8710 2504309
8711 2504313
8712 2505890
8713 2505892
8714 2507473
8715 2509056
8716 2509058
8717 2509060
8718 2509062
8719 2509068
8720 2510641
8721 2510643
8722 2510647
8723 2512226
8724 2512228
8725 2513811
8726 2515396
8727 2515398
8728 2515400
8729 2515402
8730 2515408
8731 2516983
8732 2516985
8733 2516989
8734 2518570
8735 2518572
8736 2520157
8737 2521744
8738 2521746
8739 2521748
8740 2521750
8741 2521756
8742 2523333
8743 2523335
8744 2523339
8745 2524922
8746 2524924
8747 2526511
8748 2528100
8749 2528102
8750 2528104
8751 2528106
8752 2528112
8753 2529691
8754 2529693
8755 2529697
8756 2531282
8757 2531284
8758 2532873
8759 2534464
8760 2534466
8761 2534468
8762 2534470
8763 2534476
8764 2536057
8765 2536059
8766 2536063
8767 2537650
8768 2537652
8769 2539243
8770 2540836
8771 2540838
8772 2540840
8773 2540842
8774 2540848
8775 2542431
8776 2542433
8777 2542437
8778 2544026
8779 2544028
8780 2545621
8781 2547216
8782 2547218
8783 2547220
8784 2547222
8785 2547228
8786 2548813
8787 2548815
8788 2548819
8789 2550410
8790 2550412
8791 2552007
8792 2553604
8793 2553606
8794 2553608
8795 2553610
8796 2553616
8797 2555203
8798 2555205
8799 2555209
8800 2556802
8801 2556804
8802 2558401
8803 2560000
8804 2560002
8805 2560004
8806 2560006
8807 2560012
8808 2561601
8809 2561603
8810 2561607
8811 2563202
8812 2563204
8813 2564803
8814 2566404
8815 2566406
8816 2566408
8817 2566410
8818 2566416
8819 2568007
8820 2568009
8821 2568013
8822 2569610
8823 2569612
8824 2571213
8825 2572816
8826 2572818
8827 2572820
8828 2572822
8829 2572828
8830 2574421
8831 2574423
8832 2574427
8833 2576026
8834 2576028
8835 2577631
8836 2579236
8837 2579238
8838 2579240
8839 2579242
8840 2579248
8841 2580843
8842 2580845
8843 2580849
8844 2582450
8845 2582452
8846 2584057
8847 2585664
8848 2585666
8849 2585668
8850 2585670
8851 2585676
8852 2587273
8853 2587275
8854 2587279
8855 2588882
8856 2588884
8857 2590491
8858 2592100
8859 2592102
8860 2592104
8861 2592106
8862 2592112
8863 2593711
8864 2593713
8865 2593717
8866 2595322
8867 2595324
8868 2596933
8869 2598544
8870 2598546
8871 2598548
8872 2598550
8873 2598556
8874 2600157
8875 2600159
8876 2600163
8877 2601770
8878 2601772
8879 2603383
8880 2604996
8881 2604998
8882 2605000
8883 2605002
8884 2605008
8885 2606611
8886 2606613
8887 2606617
8888 2608226
8889 2608228
8890 2609841
8891 2611456
8892 2611458
8893 2611460
8894 2611462
8895 2611468
8896 2613073
8897 2613075
8898 2613079
8899 2614690
8900 2614692
8901 2616307
8902 2617924
8903 2617926
8904 2617928
8905 2617930
8906 2617936
8907 2619543
8908 2619545
8909 2619549
8910 2621162
8911 2621164
8912 2622781
8913 2624400
8914 2624402
8915 2624404
8916 2624406
8917 2624412
8918 2626021
8919 2626023
8920 2626027
8921 2627642
8922 2627644
8923 2629263
8924 2630884
8925 2630886
8926 2630888
8927 2630890
8928 2630896
8929 2632507
8930 2632509
8931 2632513
8932 2634130
8933 2634132
8934 2635753
8935 2637376
8936 2637378
8937 2637380
8938 2637382
8939 2637388
8940 2639001
8941 2639003
8942 2639007
8943 2640626
8944 2640628
8945 2642251
8946 2643876
8947 2643878
8948 2643880
8949 2643882
8950 2643888
8951 2645503
8952 2645505
8953 2645509
8954 2647130
8955 2647132
8956 2648757
8957 2650384
8958 2650386
8959 2650388
8960 2650390
8961 2650396
8962 2652013
8963 2652015
8964 2652019
8965 2653642
8966 2653644
8967 2655271
8968 2656900
8969 2656902
8970 2656904
8971 2656906
8972 2656912
8973 2658531
8974 2658533
8975 2658537
8976 2660162
8977 2660164
8978 2661793
8979 2663424
8980 2663426
8981 2663428
8982 2663430
8983 2663436
8984 2665057
8985 2665059
8986 2665063
8987 2666690
8988 2666692
8989 2668323
8990 2669956
8991 2669958
8992 2669960
8993 2669962
8994 2669968
8995 2671591
8996 2671593
8997 2671597
8998 2673226
8999 2673228
9000 2674861
9001 2676496
9002 2676498
9003 2676500
9004 2676502
9005 2676508
9006 2678133
9007 2678135
9008 2678139
9009 2679770
9010 2679772
9011 2681407
9012 2683044
9013 2683046
9014 2683048
9015 2683050
9016 2683056
9017 2684683
9018 2684685
9019 2684689
9020 2686322
9021 2686324
9022 2687961
9023 2689600
9024 2689602
9025 2689604
9026 2689606
9027 2689612
9028 2691241
9029 2691243
9030 2691247
9031 2692882
9032 2692884
9033 2694523
9034 2696164
9035 2696166
9036 2696168
9037 2696170
9038 2696176
9039 2697807
9040 2697809
9041 2697813
9042 2699450
9043 2699452
9044 2701093
9045 2702736
9046 2702738
9047 2702740
9048 2702742
9049 2702748
9050 2704381
9051 2704383
9052 2704387
9053 2706026
9054 2706028
9055 2707671
9056 2709316
9057 2709318
9058 2709320
9059 2709322
9060 2709328
9061 2710963
9062 2710965
9063 2710969
9064 2712610
9065 2712612
9066 2714257
9067 2715904
9068 2715906
9069 2715908
9070 2715910
9071 2715916
9072 2717553
9073 2717555
9074 2717559
9075 2719202
9076 2719204
9077 2720851
9078 2722500
9079 2722502
9080 2722504
9081 2722506
9082 2722512
9083 2724151
9084 2724153
9085 2724157
9086 2725802
9087 2725804
9088 2727453
9089 2729104
9090 2729106
9091 2729108
9092 2729110
9093 2729116
9094 2730757
9095 2730759
9096 2730763
9097 2732410
9098 2732412
9099 2734063
9100 2735716
9101 2735718
9102 2735720
9103 2735722
9104 2735728
9105 2737371
9106 2737373
9107 2737377
9108 2739026
9109 2739028
9110 2740681
9111 2742336
9112 2742338
9113 2742340
9114 2742342
9115 2742348
9116 2743993
9117 2743995
9118 2743999
9119 2745650
9120 2745652
9121 2747307
9122 2748964
9123 2748966
9124 2748968
9125 2748970
9126 2748976
9127 2750623
9128 2750625
9129 2750629
9130 2752282
9131 2752284
9132 2753941
9133 2755600
9134 2755602
9135 2755604
9136 2755606
9137 2755612
9138 2757261
9139 2757263
9140 2757267
9141 2758922
9142 2758924
9143 2760583
9144 2762244
9145 2762246
9146 2762248
9147 2762250
9148 2762256
9149 2763907
9150 2763909
9151 2763913
9152 2765570
9153 2765572
9154 2767233
9155 2768896
9156 2768898
9157 2768900
9158 2768902
9159 2768908
9160 2770561
9161 2770563
9162 2770567
9163 2772226
9164 2772228
9165 2773891
9166 2775556
9167 2775558
9168 2775560
9169 2775562
9170 2775568
9171 2777223
9172 2777225
9173 2777229
9174 2778890
9175 2778892
9176 2780557
9177 2782224
9178 2782226
9179 2782228
9180 2782230
9181 2782236
9182 2783893
9183 2783895
9184 2783899
9185 2785562
9186 2785564
9187 2787231
9188 2788900
9189 2788902
9190 2788904
9191 2788906
9192 2788912
9193 2790571
9194 2790573
9195 2790577
9196 2792242
9197 2792244
9198 2793913
9199 2795584
9200 2795586
9201 2795588
9202 2795590
9203 2795596
9204 2797257
9205 2797259
9206 2797263
9207 2798930
9208 2798932
9209 2800603
9210 2802276
9211 2802278
9212 2802280
9213 2802282
9214 2802288
9215 2803951
9216 2803953
9217 2803957
9218 2805626
9219 2805628
9220 2807301
9221 2808976
9222 2808978
9223 2808980
9224 2808982
9225 2808988
9226 2810653
9227 2810655
9228 2810659
9229 2812330
9230 2812332
9231 2814007
9232 2815684
9233 2815686
9234 2815688
9235 2815690
9236 2815696
9237 2817363
9238 2817365
9239 2817369
9240 2819042
9241 2819044
9242 2820721
9243 2822400
9244 2822402
9245 2822404
9246 2822406
9247 2822412
9248 2824081
9249 2824083
9250 2824087
9251 2825762
9252 2825764
9253 2827443
9254 2829124
9255 2829126
9256 2829128
9257 2829130
9258 2829136
9259 2830807
9260 2830809
9261 2830813
9262 2832490
9263 2832492
9264 2834173
9265 2835856
9266 2835858
9267 2835860
9268 2835862
9269 2835868
9270 2837541
9271 2837543
9272 2837547
9273 2839226
9274 2839228
9275 2840911
9276 2842596
9277 2842598
9278 2842600
9279 2842602
9280 2842608
9281 2844283
9282 2844285
9283 2844289
9284 2845970
9285 2845972
9286 2847657
9287 2849344
9288 2849346
9289 2849348
9290 2849350
9291 2849356
9292 2851033
9293 2851035
9294 2851039
9295 2852722
9296 2852724
9297 2854411
9298 2856100
9299 2856102
9300 2856104
9301 2856106
9302 2856112
9303 2857791
9304 2857793
9305 2857797
9306 2859482
9307 2859484
9308 2861173
9309 2862864
9310 2862866
9311 2862868
9312 2862870
9313 2862876
9314 2864557
9315 2864559
9316 2864563
9317 2866250
9318 2866252
9319 2867943
9320 2869636
9321 2869638
9322 2869640
9323 2869642
9324 2869648
9325 2871331
9326 2871333
9327 2871337
9328 2873026
9329 2873028
9330 2874721
9331 2876416
9332 2876418
9333 2876420
9334 2876422
9335 2876428
9336 2878113
9337 2878115
9338 2878119
9339 2879810
9340 2879812
9341 2881507
9342 2883204
9343 2883206
9344 2883208
9345 2883210
9346 2883216
9347 2884903
9348 2884905
9349 2884909
9350 2886602
9351 2886604
9352 2888301
9353 2890000
9354 2890002
9355 2890004
9356 2890006
9357 2890012
9358 2891701
9359 2891703
9360 2891707
9361 2893402
9362 2893404
9363 2895103
9364 2896804
9365 2896806
9366 2896808
9367 2896810
9368 2896816
9369 2898507
9370 2898509
9371 2898513
9372 2900210
9373 2900212
9374 2901913
9375 2903616
9376 2903618
9377 2903620
9378 2903622
9379 2903628
9380 2905321
9381 2905323
9382 2905327
9383 2907026
9384 2907028
9385 2908731
9386 2910436
9387 2910438
9388 2910440
9389 2910442
9390 2910448
9391 2912143
9392 2912145
9393 2912149
9394 2913850
9395 2913852
9396 2915557
9397 2917264
9398 2917266
9399 2917268
9400 2917270
9401 2917276
9402 2918973
9403 2918975
9404 2918979
9405 2920682
9406 2920684
9407 2922391
9408 2924100
9409 2924102
9410 2924104
9411 2924106
9412 2924112
9413 2925811
9414 2925813
9415 2925817
9416 2927522
9417 2927524
9418 2929233
9419 2930944
9420 2930946
9421 2930948
9422 2930950
9423 2930956
9424 2932657
9425 2932659
9426 2932663
9427 2934370
9428 2934372
9429 2936083
9430 2937796
9431 2937798
9432 2937800
9433 2937802
9434 2937808
9435 2939511
9436 2939513
9437 2939517
9438 2941226
9439 2941228
9440 2942941
9441 2944656
9442 2944658
9443 2944660
9444 2944662
9445 2944668
9446 2946373
9447 2946375
9448 2946379
9449 2948090
9450 2948092
9451 2949807
9452 2951524
9453 2951526
9454 2951528
9455 2951530
9456 2951536
9457 2953243
9458 2953245
9459 2953249
9460 2954962
9461 2954964
9462 2956681
9463 2958400
9464 2958402
9465 2958404
9466 2958406
9467 2958412
9468 2960121
9469 2960123
9470 2960127
9471 2961842
9472 2961844
9473 2963563
9474 2965284
9475 2965286
9476 2965288
9477 2965290
9478 2965296
9479 2967007
9480 2967009
9481 2967013
9482 2968730
9483 2968732
9484 2970453
9485 2972176
9486 2972178
9487 2972180
9488 2972182
9489 2972188
9490 2973901
9491 2973903
9492 2973907
9493 2975626
9494 2975628
9495 2977351
9496 2979076
9497 2979078
9498 2979080
9499 2979082
9500 2979088
9501 2980803
9502 2980805
9503 2980809
9504 2982530
9505 2982532
9506 2984257
9507 2985984
9508 2985986
9509 2985988
9510 2985990
9511 2985996
9512 2987713
9513 2987715
9514 2987719
9515 2989442
9516 2989444
9517 2991171
9518 2992900
9519 2992902
9520 2992904
9521 2992906
9522 2992912
9523 2994631
9524 2994633
9525 2994637
9526 2996362
9527 2996364
9528 2998093
9529 2999824
9530 2999826
9531 2999828
9532 2999830
9533 2999836
9534 3001557
9535 3001559
9536 3001563
9537 3003290
9538 3003292
9539 3005023
9540 3006756
9541 3006758
9542 3006760
9543 3006762
9544 3006768
9545 3008491
9546 3008493
9547 3008497
9548 3010226
9549 3010228
9550 3011961
9551 3013696
9552 3013698
9553 3013700
9554 3013702
9555 3013708
9556 3015433
9557 3015435
9558 3015439
9559 3017170
9560 3017172
9561 3018907
9562 3020644
9563 3020646
9564 3020648
9565 3020650
9566 3020656
9567 3022383
9568 3022385
9569 3022389
9570 3024122
9571 3024124
9572 3025861
9573 3027600
9574 3027602
9575 3027604
9576 3027606
9577 3027612
9578 3029341
9579 3029343
9580 3029347
9581 3031082
9582 3031084
9583 3032823
9584 3034564
9585 3034566
9586 3034568
9587 3034570
9588 3034576
9589 3036307
9590 3036309
9591 3036313
9592 3038050
9593 3038052
9594 3039793
9595 3041536
9596 3041538
9597 3041540
9598 3041542
9599 3041548
9600 3043281
9601 3043283
9602 3043287
9603 3045026
9604 3045028
9605 3046771
9606 3048516
9607 3048518
9608 3048520
9609 3048522
9610 3048528
9611 3050263
9612 3050265
9613 3050269
9614 3052010
9615 3052012
9616 3053757
9617 3055504
9618 3055506
9619 3055508
9620 3055510
9621 3055516
9622 3057253
9623 3057255
9624 3057259
9625 3059002
9626 3059004
9627 3060751
9628 3062500
9629 3062502
9630 3062504
9631 3062506
9632 3062512
9633 3064251
9634 3064253
9635 3064257
9636 3066002
9637 3066004
9638 3067753
9639 3069504
9640 3069506
9641 3069508
9642 3069510
9643 3069516
9644 3071257
9645 3071259
9646 3071263
9647 3073010
9648 3073012
9649 3074763
9650 3076516
9651 3076518
9652 3076520
9653 3076522
9654 3076528
9655 3078271
9656 3078273
9657 3078277
9658 3080026
9659 3080028
9660 3081781
9661 3083536
9662 3083538
9663 3083540
9664 3083542
9665 3083548
9666 3085293
9667 3085295
9668 3085299
9669 3087050
9670 3087052
9671 3088807
9672 3090564
9673 3090566
9674 3090568
9675 3090570
9676 3090576
9677 3092323
9678 3092325
9679 3092329
9680 3094082
9681 3094084
9682 3095841
9683 3097600
9684 3097602
9685 3097604
9686 3097606
9687 3097612
9688 3099361
9689 3099363
9690 3099367
9691 3101122
9692 3101124
9693 3102883
9694 3104644
9695 3104646
9696 3104648
9697 3104650
9698 3104656
9699 3106407
9700 3106409
9701 3106413
9702 3108170
9703 3108172
9704 3109933
9705 3111696
9706 3111698
9707 3111700
9708 3111702
9709 3111708
9710 3113461
9711 3113463
9712 3113467
9713 3115226
9714 3115228
9715 3116991
9716 3118756
9717 3118758
9718 3118760
9719 3118762
9720 3118768
9721 3120523
9722 3120525
9723 3120529
9724 3122290
9725 3122292
9726 3124057
9727 3125824
9728 3125826
9729 3125828
9730 3125830
9731 3125836
9732 3127593
9733 3127595
9734 3127599
9735 3129362
9736 3129364
9737 3131131
9738 3132900
9739 3132902
9740 3132904
9741 3132906
9742 3132912
9743 3134671
9744 3134673
9745 3134677
9746 3136442
9747 3136444
9748 3138213
9749 3139984
9750 3139986
9751 3139988
9752 3139990
9753 3139996
9754 3141757
9755 3141759
9756 3141763
9757 3143530
9758 3143532
9759 3145303
9760 3147076
9761 3147078
9762 3147080
9763 3147082
9764 3147088
9765 3148851
9766 3148853
9767 3148857
9768 3150626
9769 3150628
9770 3152401
9771 3154176
9772 3154178
9773 3154180
9774 3154182
9775 3154188
9776 3155953
9777 3155955
9778 3155959
9779 3157730
9780 3157732
9781 3159507
9782 3161284
9783 3161286
9784 3161288
9785 3161290
9786 3161296
9787 3163063
9788 3163065
9789 3163069
9790 3164842
9791 3164844
9792 3166621
9793 3168400
9794 3168402
9795 3168404
9796 3168406
9797 3168412
9798 3170181
9799 3170183
9800 3170187
9801 3171962
9802 3171964
9803 3173743
9804 3175524
9805 3175526
9806 3175528
9807 3175530
9808 3175536
9809 3177307
9810 3177309
9811 3177313
9812 3179090
9813 3179092
9814 3180873
9815 3182656
9816 3182658
9817 3182660
9818 3182662
9819 3182668
9820 3184441
9821 3184443
9822 3184447
9823 3186226
9824 3186228
9825 3188011
9826 3189796
9827 3189798
9828 3189800
9829 3189802
9830 3189808
9831 3191583
9832 3191585
9833 3191589
9834 3193370
9835 3193372
9836 3195157
9837 3196944
9838 3196946
9839 3196948
9840 3196950
9841 3196956
9842 3198733
9843 3198735
9844 3198739
9845 3200522
9846 3200524
9847 3202311
9848 3204100
9849 3204102
9850 3204104
9851 3204106
9852 3204112
9853 3205891
9854 3205893
9855 3205897
9856 3207682
9857 3207684
9858 3209473
9859 3211264
9860 3211266
9861 3211268
9862 3211270
9863 3211276
9864 3213057
9865 3213059
9866 3213063
9867 3214850
9868 3214852
9869 3216643
9870 3218436
9871 3218438
9872 3218440
9873 3218442
9874 3218448
9875 3220231
9876 3220233
9877 3220237
9878 3222026
9879 3222028
9880 3223821
9881 3225616
9882 3225618
9883 3225620
9884 3225622
9885 3225628
9886 3227413
9887 3227415
9888 3227419
9889 3229210
9890 3229212
9891 3231007
9892 3232804
9893 3232806
9894 3232808
9895 3232810
9896 3232816
9897 3234603
9898 3234605
9899 3234609
9900 3236402
9901 3236404
9902 3238201
9903 3240000
9904 3240002
9905 3240004
9906 3240006
9907 3240012
9908 3241801
9909 3241803
9910 3241807
9911 3243602
9912 3243604
9913 3245403
9914 3247204
9915 3247206
9916 3247208
9917 3247210
9918 3247216
9919 3249007
9920 3249009
9921 3249013
9922 3250810
9923 3250812
9924 3252613
9925 3254416
9926 3254418
9927 3254420
9928 3254422
9929 3254428
9930 3256221
9931 3256223
9932 3256227
9933 3258026
9934 3258028
9935 3259831
9936 3261636
9937 3261638
9938 3261640
9939 3261642
9940 3261648
9941 3263443
9942 3263445
9943 3263449
9944 3265250
9945 3265252
9946 3267057
9947 3268864
9948 3268866
9949 3268868
9950 3268870
9951 3268876
9952 3270673
9953 3270675
9954 3270679
9955 3272482
9956 3272484
9957 3274291
9958 3276100
9959 3276102
9960 3276104
9961 3276106
9962 3276112
9963 3277911
9964 3277913
9965 3277917
9966 3279722
9967 3279724
9968 3281533
9969 3283344
9970 3283346
9971 3283348
9972 3283350
9973 3283356
9974 3285157
9975 3285159
9976 3285163
9977 3286970
9978 3286972
9979 3288783
9980 3290596
9981 3290598
9982 3290600
9983 3290602
9984 3290608
9985 3292411
9986 3292413
9987 3292417
9988 3294226
9989 3294228
9990 3296041
9991 3297856
9992 3297858
9993 3297860
9994 3297862
9995 3297868
9996 3299673
9997 3299675
9998 3299679
9999 3301490
10000 3301492
10001 3303307
10002 3305124
10003 3305126
10004 3305128
10005 3305130
10006 3305136
10007 3306943
10008 3306945
10009 3306949
10010 3308762
10011 3308764
10012 3310581
10013 3312400
10014 3312402
10015 3312404
10016 3312406
10017 3312412
10018 3314221
10019 3314223
10020 3314227
10021 3316042
10022 3316044
10023 3317863
10024 3319684
10025 3319686
10026 3319688
10027 3319690
10028 3319696
10029 3321507
10030 3321509
10031 3321513
10032 3323330
10033 3323332
10034 3325153
10035 3326976
10036 3326978
10037 3326980
10038 3326982
10039 3326988
10040 3328801
10041 3328803
10042 3328807
10043 3330626
10044 3330628
10045 3332451
10046 3334276
10047 3334278
10048 3334280
10049 3334282
10050 3334288
10051 3336103
10052 3336105
10053 3336109
10054 3337930
10055 3337932
10056 3339757
10057 3341584
10058 3341586
10059 3341588
10060 3341590
10061 3341596
10062 3343413
10063 3343415
10064 3343419
10065 3345242
10066 3345244
10067 3347071
10068 3348900
10069 3348902
10070 3348904
10071 3348906
10072 3348912
10073 3350731
10074 3350733
10075 3350737
10076 3352562
10077 3352564
10078 3354393
10079 3356224
10080 3356226
10081 3356228
10082 3356230
10083 3356236
10084 3358057
10085 3358059
10086 3358063
10087 3359890
10088 3359892
10089 3361723
10090 3363556
10091 3363558
10092 3363560
10093 3363562
10094 3363568
10095 3365391
10096 3365393
10097 3365397
10098 3367226
10099 3367228
10100 3369061
10101 3370896
10102 3370898
10103 3370900
10104 3370902
10105 3370908
10106 3372733
10107 3372735
10108 3372739
10109 3374570
10110 3374572
10111 3376407
10112 3378244
10113 3378246
10114 3378248
10115 3378250
10116 3378256
10117 3380083
10118 3380085
10119 3380089
10120 3381922
10121 3381924
10122 3383761
10123 3385600
10124 3385602
10125 3385604
10126 3385606
10127 3385612
10128 3387441
10129 3387443
10130 3387447
10131 3389282
10132 3389284
10133 3391123
10134 3392964
10135 3392966
10136 3392968
10137 3392970
10138 3392976
10139 3394807
10140 3394809
10141 3394813
10142 3396650
10143 3396652
10144 3398493
10145 3400336
10146 3400338
10147 3400340
10148 3400342
10149 3400348
10150 3402181
10151 3402183
10152 3402187
10153 3404026
10154 3404028
10155 3405871
10156 3407716
10157 3407718
10158 3407720
10159 3407722
10160 3407728
10161 3409563
10162 3409565
10163 3409569
10164 3411410
10165 3411412
10166 3413257
10167 3415104
10168 3415106
10169 3415108
10170 3415110
10171 3415116
10172 3416953
10173 3416955
10174 3416959
10175 3418802
10176 3418804
10177 3420651
10178 3422500
10179 3422502
10180 3422504
10181 3422506
10182 3422512
10183 3424351
10184 3424353
10185 3424357
10186 3426202
10187 3426204
10188 3428053
10189 3429904
10190 3429906
10191 3429908
10192 3429910
10193 3429916
10194 3431757
10195 3431759
10196 3431763
10197 3433610
10198 3433612
10199 3435463
10200 3437316
10201 3437318
10202 3437320
10203 3437322
10204 3437328
10205 3439171
10206 3439173
10207 3439177
10208 3441026
10209 3441028
10210 3442881
10211 3444736
10212 3444738
10213 3444740
10214 3444742
10215 3444748
10216 3446593
10217 3446595
10218 3446599
10219 3448450
10220 3448452
10221 3450307
10222 3452164
10223 3452166
10224 3452168
10225 3452170
10226 3452176
10227 3454023
10228 3454025
10229 3454029
10230 3455882
10231 3455884
10232 3457741
10233 3459600
10234 3459602
10235 3459604
10236 3459606
10237 3459612
10238 3461461
10239 3461463
10240 3461467
10241 3463322
10242 3463324
10243 3465183
10244 3467044
10245 3467046
10246 3467048
10247 3467050
10248 3467056
10249 3468907
10250 3468909
10251 3468913
10252 3470770
10253 3470772
10254 3472633
10255 3474496
10256 3474498
10257 3474500
10258 3474502
10259 3474508
10260 3476361
10261 3476363
10262 3476367
10263 3478226
10264 3478228
10265 3480091
10266 3481956
10267 3481958
10268 3481960
10269 3481962
10270 3481968
10271 3483823
10272 3483825
10273 3483829
10274 3485690
10275 3485692
10276 3487557
10277 3489424
10278 3489426
10279 3489428
10280 3489430
10281 3489436
10282 3491293
10283 3491295
10284 3491299
10285 3493162
10286 3493164
10287 3495031
10288 3496900
10289 3496902
10290 3496904
10291 3496906
10292 3496912
10293 3498771
10294 3498773
10295 3498777
10296 3500642
10297 3500644
10298 3502513
10299 3504384
10300 3504386
10301 3504388
10302 3504390
10303 3504396
10304 3506257
10305 3506259
10306 3506263
10307 3508130
10308 3508132
10309 3510003
10310 3511876
10311 3511878
10312 3511880
10313 3511882
10314 3511888
10315 3513751
10316 3513753
10317 3513757
10318 3515626
10319 3515628
10320 3517501
10321 3519376
10322 3519378
10323 3519380
10324 3519382
10325 3519388
10326 3521253
10327 3521255
10328 3521259
10329 3523130
10330 3523132
10331 3525007
10332 3526884
10333 3526886
10334 3526888
10335 3526890
10336 3526896
10337 3528763
10338 3528765
10339 3528769
10340 3530642
10341 3530644
10342 3532521
10343 3534400
10344 3534402
10345 3534404
10346 3534406
10347 3534412
10348 3536281
10349 3536283
10350 3536287
10351 3538162
10352 3538164
10353 3540043
10354 3541924
10355 3541926
10356 3541928
10357 3541930
10358 3541936
10359 3543807
10360 3543809
10361 3543813
10362 3545690
10363 3545692
10364 3547573
10365 3549456
10366 3549458
10367 3549460
10368 3549462
10369 3549468
10370 3551341
10371 3551343
10372 3551347
10373 3553226
10374 3553228
10375 3555111
10376 3556996
10377 3556998
10378 3557000
10379 3557002
10380 3557008
10381 3558883
10382 3558885
10383 3558889
10384 3560770
10385 3560772
10386 3562657
10387 3564544
10388 3564546
10389 3564548
10390 3564550
10391 3564556
10392 3566433
10393 3566435
10394 3566439
10395 3568322
10396 3568324
10397 3570211
10398 3572100
10399 3572102
10400 3572104
10401 3572106
10402 3572112
10403 3573991
10404 3573993
10405 3573997
10406 3575882
10407 3575884
10408 3577773
10409 3579664
10410 3579666
10411 3579668
10412 3579670
10413 3579676
10414 3581557
10415 3581559
10416 3581563
10417 3583450
10418 3583452
10419 3585343
10420 3587236
10421 3587238
10422 3587240
10423 3587242
10424 3587248
10425 3589131
10426 3589133
10427 3589137
10428 3591026
10429 3591028
10430 3592921
10431 3594816
10432 3594818
10433 3594820
10434 3594822
10435 3594828
10436 3596713
10437 3596715
10438 3596719
10439 3598610
10440 3598612
10441 3600507
10442 3602404
10443 3602406
10444 3602408
10445 3602410
10446 3602416
10447 3604303
10448 3604305
10449 3604309
10450 3606202
10451 3606204
10452 3608101
10453 3610000
10454 3610002
10455 3610004
10456 3610006
10457 3610012
10458 3611901
10459 3611903
10460 3611907
10461 3613802
10462 3613804
10463 3615703
10464 3617604
10465 3617606
10466 3617608
10467 3617610
10468 3617616
10469 3619507
10470 3619509
10471 3619513
10472 3621410
10473 3621412
10474 3623313
10475 3625216
10476 3625218
10477 3625220
10478 3625222
10479 3625228
10480 3627121
10481 3627123
10482 3627127
10483 3629026
10484 3629028
10485 3630931
10486 3632836
10487 3632838
10488 3632840
10489 3632842
10490 3632848
10491 3634743
10492 3634745
10493 3634749
10494 3636650
10495 3636652
10496 3638557
10497 3640464
10498 3640466
10499 3640468
10500 3640470
10501 3640476
10502 3642373
10503 3642375
10504 3642379
10505 3644282
10506 3644284
10507 3646191
10508 3648100
10509 3648102
10510 3648104
10511 3648106
10512 3648112
10513 3650011
10514 3650013
10515 3650017
10516 3651922
10517 3651924
10518 3653833
10519 3655744
10520 3655746
10521 3655748
10522 3655750
10523 3655756
10524 3657657
10525 3657659
10526 3657663
10527 3659570
10528 3659572
10529 3661483
10530 3663396
10531 3663398
10532 3663400
10533 3663402
10534 3663408
10535 3665311
10536 3665313
10537 3665317
10538 3667226
10539 3667228
10540 3669141
10541 3671056
10542 3671058
10543 3671060
10544 3671062
10545 3671068
10546 3672973
10547 3672975
10548 3672979
10549 3674890
10550 3674892
10551 3676807
10552 3678724
10553 3678726
10554 3678728
10555 3678730
10556 3678736
10557 3680643
10558 3680645
10559 3680649
10560 3682562
10561 3682564
10562 3684481
10563 3686400
10564 3686402
10565 3686404
10566 3686406
10567 3686412
10568 3688321
10569 3688323
10570 3688327
10571 3690242
10572 3690244
10573 3692163
10574 3694084
10575 3694086
10576 3694088
10577 3694090
10578 3694096
10579 3696007
10580 3696009
10581 3696013
10582 3697930
10583 3697932
10584 3699853
10585 3701776
10586 3701778
10587 3701780
10588 3701782
10589 3701788
10590 3703701
10591 3703703
10592 3703707
10593 3705626
10594 3705628
10595 3707551
10596 3709476
10597 3709478
10598 3709480
10599 3709482
10600 3709488
10601 3711403
10602 3711405
10603 3711409
10604 3713330
10605 3713332
10606 3715257
10607 3717184
10608 3717186
10609 3717188
10610 3717190
10611 3717196
10612 3719113
10613 3719115
10614 3719119
10615 3721042
10616 3721044
10617 3722971
10618 3724900
10619 3724902
10620 3724904
10621 3724906
10622 3724912
10623 3726831
10624 3726833
10625 3726837
10626 3728762
10627 3728764
10628 3730693
10629 3732624
10630 3732626
10631 3732628
10632 3732630
10633 3732636
10634 3734557
10635 3734559
10636 3734563
10637 3736490
10638 3736492
10639 3738423
10640 3740356
10641 3740358
10642 3740360
10643 3740362
10644 3740368
10645 3742291
10646 3742293
10647 3742297
10648 3744226
10649 3744228
10650 3746161
10651 3748096
10652 3748098
10653 3748100
10654 3748102
10655 3748108
10656 3750033
10657 3750035
10658 3750039
10659 3751970
10660 3751972
10661 3753907
10662 3755844
10663 3755846
10664 3755848
10665 3755850
10666 3755856
10667 3757783
10668 3757785
10669 3757789
10670 3759722
10671 3759724
10672 3761661
10673 3763600
10674 3763602
10675 3763604
10676 3763606
10677 3763612
10678 3765541
10679 3765543
10680 3765547
10681 3767482
10682 3767484
10683 3769423
10684 3771364
10685 3771366
10686 3771368
10687 3771370
10688 3771376
10689 3773307
10690 3773309
10691 3773313
10692 3775250
10693 3775252
10694 3777193
10695 3779136
10696 3779138
10697 3779140
10698 3779142
10699 3779148
10700 3781081
10701 3781083
10702 3781087
10703 3783026
10704 3783028
10705 3784971
10706 3786916
10707 3786918
10708 3786920
10709 3786922
10710 3786928
10711 3788863
10712 3788865
10713 3788869
10714 3790810
10715 3790812
10716 3792757
10717 3794704
10718 3794706
10719 3794708
10720 3794710
10721 3794716
10722 3796653
10723 3796655
10724 3796659
10725 3798602
10726 3798604
10727 3800551
10728 3802500
10729 3802502
10730 3802504
10731 3802506
10732 3802512
10733 3804451
10734 3804453
10735 3804457
10736 3806402
10737 3806404
10738 3808353
10739 3810304
10740 3810306
10741 3810308
10742 3810310
10743 3810316
10744 3812257
10745 3812259
10746 3812263
10747 3814210
10748 3814212
10749 3816163
10750 3818116
10751 3818118
10752 3818120
10753 3818122
10754 3818128
10755 3820071
10756 3820073
10757 3820077
10758 3822026
10759 3822028
10760 3823981
10761 3825936
10762 3825938
10763 3825940
10764 3825942
10765 3825948
10766 3827893
10767 3827895
10768 3827899
10769 3829850
10770 3829852
10771 3831807
10772 3833764
10773 3833766
10774 3833768
10775 3833770
10776 3833776
10777 3835723
10778 3835725
10779 3835729
10780 3837682
10781 3837684
10782 3839641
10783 3841600
10784 3841602
10785 3841604
10786 3841606
10787 3841612
10788 3843561
10789 3843563
10790 3843567
10791 3845522
10792 3845524
10793 3847483
10794 3849444
10795 3849446
10796 3849448
10797 3849450
10798 3849456
10799 3851407
10800 3851409
10801 3851413
10802 3853370
10803 3853372
10804 3855333
10805 3857296
10806 3857298
10807 3857300
10808 3857302
10809 3857308
10810 3859261
10811 3859263
10812 3859267
10813 3861226
10814 3861228
10815 3863191
10816 3865156
10817 3865158
10818 3865160
10819 3865162
10820 3865168
10821 3867123
10822 3867125
10823 3867129
10824 3869090
10825 3869092
10826 3871057
10827 3873024
10828 3873026
10829 3873028
10830 3873030
10831 3873036
10832 3874993
10833 3874995
10834 3874999
10835 3876962
10836 3876964
10837 3878931
10838 3880900
10839 3880902
10840 3880904
10841 3880906
10842 3880912
10843 3882871
10844 3882873
10845 3882877
10846 3884842
10847 3884844
10848 3886813
10849 3888784
10850 3888786
10851 3888788
10852 3888790
10853 3888796
10854 3890757
10855 3890759
10856 3890763
10857 3892730
10858 3892732
10859 3894703
10860 3896676
10861 3896678
10862 3896680
10863 3896682
10864 3896688
10865 3898651
10866 3898653
10867 3898657
10868 3900626
10869 3900628
10870 3902601
10871 3904576
10872 3904578
10873 3904580
10874 3904582
10875 3904588
10876 3906553
10877 3906555
10878 3906559
10879 3908530
10880 3908532
10881 3910507
10882 3912484
10883 3912486
10884 3912488
10885 3912490
10886 3912496
10887 3914463
10888 3914465
10889 3914469
10890 3916442
10891 3916444
10892 3918421
10893 3920400
10894 3920402
10895 3920404
10896 3920406
10897 3920412
10898 3922381
10899 3922383
10900 3922387
10901 3924362
10902 3924364
10903 3926343
10904 3928324
10905 3928326
10906 3928328
10907 3928330
10908 3928336
10909 3930307
10910 3930309
10911 3930313
10912 3932290
10913 3932292
10914 3934273
10915 3936256
10916 3936258
10917 3936260
10918 3936262
10919 3936268
10920 3938241
10921 3938243
10922 3938247
10923 3940226
10924 3940228
10925 3942211
10926 3944196
10927 3944198
10928 3944200
10929 3944202
10930 3944208
10931 3946183
10932 3946185
10933 3946189
10934 3948170
10935 3948172
10936 3950157
10937 3952144
10938 3952146
10939 3952148
10940 3952150
10941 3952156
10942 3954133
10943 3954135
10944 3954139
10945 3956122
10946 3956124
10947 3958111
10948 3960100
10949 3960102
10950 3960104
10951 3960106
10952 3960112
10953 3962091
10954 3962093
10955 3962097
10956 3964082
10957 3964084
10958 3966073
10959 3968064
10960 3968066
10961 3968068
10962 3968070
10963 3968076
10964 3970057
10965 3970059
10966 3970063
10967 3972050
10968 3972052
10969 3974043
10970 3976036
10971 3976038
10972 3976040
10973 3976042
10974 3976048
10975 3978031
10976 3978033
10977 3978037
10978 3980026
10979 3980028
10980 3982021
10981 3984016
10982 3984018
10983 3984020
10984 3984022
10985 3984028
10986 3986013
10987 3986015
10988 3986019
10989 3988010
10990 3988012
10991 3990007
10992 3992004
10993 3992006
10994 3992008
10995 3992010
10996 3992016
10997 3994003
10998 3994005
10999 3994009
11000 3996002
11001 3996004
11002 3998001
11003 4000000
11004 4000002
11005 4000004
11006 4000006
11007 4000012
11008 4002001
11009 4002003
11010 4002007
11011 4004002
11012 4004004
11013 4006003
11014 4008004
11015 4008006
11016 4008008
11017 4008010
11018 4008016
11019 4010007
11020 4010009
11021 4010013
11022 4012010
11023 4012012
11024 4014013
11025 4016016
11026 4016018
11027 4016020
11028 4016022
11029 4016028
11030 4018021
11031 4018023
11032 4018027
11033 4020026
11034 4020028
11035 4022031
11036 4024036
11037 4024038
11038 4024040
11039 4024042
11040 4024048
11041 4026043
11042 4026045
11043 4026049
11044 4028050
11045 4028052
11046 4030057
11047 4032064
11048 4032066
11049 4032068
11050 4032070
11051 4032076
11052 4034073
11053 4034075
11054 4034079
11055 4036082
11056 4036084
11057 4038091
11058 4040100
11059 4040102
11060 4040104
11061 4040106
11062 4040112
11063 4042111
11064 4042113
11065 4042117
11066 4044122
11067 4044124
11068 4046133
11069 4048144
11070 4048146
11071 4048148
11072 4048150
11073 4048156
11074 4050157
11075 4050159
11076 4050163
11077 4052170
11078 4052172
11079 4054183
11080 4056196
11081 4056198
11082 4056200
11083 4056202
11084 4056208
11085 4058211
11086 4058213
11087 4058217
11088 4060226
11089 4060228
11090 4062241
11091 4064256
11092 4064258
11093 4064260
11094 4064262
11095 4064268
11096 4066273
11097 4066275
11098 4066279
11099 4068290
11100 4068292
11101 4070307
11102 4072324
11103 4072326
11104 4072328
11105 4072330
11106 4072336
11107 4074343
11108 4074345
11109 4074349
11110 4076362
11111 4076364
11112 4078381
11113 4080400
11114 4080402
11115 4080404
11116 4080406
11117 4080412
11118 4082421
11119 4082423
11120 4082427
11121 4084442
11122 4084444
11123 4086463
11124 4088484
11125 4088486
11126 4088488
11127 4088490
11128 4088496
11129 4090507
11130 4090509
11131 4090513
11132 4092530
11133 4092532
11134 4094553
11135 4096576
11136 4096578
11137 4096580
11138 4096582
11139 4096588
11140 4098601
11141 4098603
11142 4098607
11143 4100626
11144 4100628
11145 4102651
11146 4104676
11147 4104678
11148 4104680
11149 4104682
11150 4104688
11151 4106703
11152 4106705
11153 4106709
11154 4108730
11155 4108732
11156 4110757
11157 4112784
11158 4112786
11159 4112788
11160 4112790
11161 4112796
11162 4114813
11163 4114815
11164 4114819
11165 4116842
11166 4116844
11167 4118871
11168 4120900
11169 4120902
11170 4120904
11171 4120906
11172 4120912
11173 4122931
11174 4122933
11175 4122937
11176 4124962
11177 4124964
11178 4126993
11179 4129024
11180 4129026
11181 4129028
11182 4129030
11183 4129036
11184 4131057
11185 4131059
11186 4131063
11187 4133090
11188 4133092
11189 4135123
11190 4137156
11191 4137158
11192 4137160
11193 4137162
11194 4137168
11195 4139191
11196 4139193
11197 4139197
11198 4141226
11199 4141228
11200 4143261
11201 4145296
11202 4145298
11203 4145300
11204 4145302
11205 4145308
11206 4147333
11207 4147335
11208 4147339
11209 4149370
11210 4149372
11211 4151407
11212 4153444
11213 4153446
11214 4153448
11215 4153450
11216 4153456
11217 4155483
11218 4155485
11219 4155489
11220 4157522
11221 4157524
11222 4159561
11223 4161600
11224 4161602
11225 4161604
11226 4161606
11227 4161612
11228 4163641
11229 4163643
11230 4163647
11231 4165682
11232 4165684
11233 4167723
11234 4169764
11235 4169766
11236 4169768
11237 4169770
11238 4169776
11239 4171807
11240 4171809
11241 4171813
11242 4173850
11243 4173852
11244 4175893
11245 4177936
11246 4177938
11247 4177940
11248 4177942
11249 4177948
11250 4179981
11251 4179983
11252 4179987
11253 4182026
11254 4182028
11255 4184071
11256 4186116
11257 4186118
11258 4186120
11259 4186122
11260 4186128
11261 4188163
11262 4188165
11263 4188169
11264 4190210
11265 4190212
11266 4192257
11267 4194304
11268 4194306
11269 4194308
11270 4194310
11271 4194316
11272 4196353
11273 4196355
11274 4196359
11275 4198402
11276 4198404
11277 4200451
11278 4202500
11279 4202502
11280 4202504
11281 4202506
11282 4202512
11283 4204551
11284 4204553
11285 4204557
11286 4206602
11287 4206604
11288 4208653
11289 4210704
11290 4210706
11291 4210708
11292 4210710
11293 4210716
11294 4212757
11295 4212759
11296 4212763
11297 4214810
11298 4214812
11299 4216863
11300 4218916
11301 4218918
11302 4218920
11303 4218922
11304 4218928
11305 4220971
11306 4220973
11307 4220977
11308 4223026
11309 4223028
11310 4225081
11311 4227136
11312 4227138
11313 4227140
11314 4227142
11315 4227148
11316 4229193
11317 4229195
11318 4229199
11319 4231250
11320 4231252
11321 4233307
11322 4235364
11323 4235366
11324 4235368
11325 4235370
11326 4235376
11327 4237423
11328 4237425
11329 4237429
11330 4239482
11331 4239484
11332 4241541
11333 4243600
11334 4243602
11335 4243604
11336 4243606
11337 4243612
11338 4245661
11339 4245663
11340 4245667
11341 4247722
11342 4247724
11343 4249783
11344 4251844
11345 4251846
11346 4251848
11347 4251850
11348 4251856
11349 4253907
11350 4253909
11351 4253913
11352 4255970
11353 4255972
11354 4258033
11355 4260096
11356 4260098
11357 4260100
11358 4260102
11359 4260108
11360 4262161
11361 4262163
11362 4262167
11363 4264226
11364 4264228
11365 4266291
11366 4268356
11367 4268358
11368 4268360
11369 4268362
11370 4268368
11371 4270423
11372 4270425
11373 4270429
11374 4272490
11375 4272492
11376 4274557
11377 4276624
11378 4276626
11379 4276628
11380 4276630
11381 4276636
11382 4278693
11383 4278695
11384 4278699
11385 4280762
11386 4280764
11387 4282831
11388 4284900
11389 4284902
11390 4284904
11391 4284906
11392 4284912
11393 4286971
11394 4286973
11395 4286977
11396 4289042
11397 4289044
11398 4291113
11399 4293184
11400 4293186
11401 4293188
11402 4293190
11403 4293196
11404 4295257
11405 4295259
11406 4295263
11407 4297330
11408 4297332
11409 4299403
11410 4301476
11411 4301478
11412 4301480
11413 4301482
11414 4301488
11415 4303551
11416 4303553
11417 4303557
11418 4305626
11419 4305628
11420 4307701
11421 4309776
11422 4309778
11423 4309780
11424 4309782
11425 4309788
11426 4311853
11427 4311855
11428 4311859
11429 4313930
11430 4313932
11431 4316007
11432 4318084
11433 4318086
11434 4318088
11435 4318090
11436 4318096
11437 4320163
11438 4320165
11439 4320169
11440 4322242
11441 4322244
11442 4324321
11443 4326400
11444 4326402
11445 4326404
11446 4326406
11447 4326412
11448 4328481
11449 4328483
11450 4328487
11451 4330562
11452 4330564
11453 4332643
11454 4334724
11455 4334726
11456 4334728
11457 4334730
11458 4334736
11459 4336807
11460 4336809
11461 4336813
11462 4338890
11463 4338892
11464 4340973
11465 4343056
11466 4343058
11467 4343060
11468 4343062
11469 4343068
11470 4345141
11471 4345143
11472 4345147
11473 4347226
11474 4347228
11475 4349311
11476 4351396
11477 4351398
11478 4351400
11479 4351402
11480 4351408
11481 4353483
11482 4353485
11483 4353489
11484 4355570
11485 4355572
11486 4357657
11487 4359744
11488 4359746
11489 4359748
11490 4359750
11491 4359756
11492 4361833
11493 4361835
11494 4361839
11495 4363922
11496 4363924
11497 4366011
11498 4368100
11499 4368102
11500 4368104
11501 4368106
11502 4368112
11503 4370191
11504 4370193
11505 4370197
11506 4372282
11507 4372284
11508 4374373
11509 4376464
11510 4376466
11511 4376468
11512 4376470
11513 4376476
11514 4378557
11515 4378559
11516 4378563
11517 4380650
11518 4380652
11519 4382743
11520 4384836
11521 4384838
11522 4384840
11523 4384842
11524 4384848
11525 4386931
11526 4386933
11527 4386937
11528 4389026
11529 4389028
11530 4391121
11531 4393216
11532 4393218
11533 4393220
11534 4393222
11535 4393228
11536 4395313
11537 4395315
11538 4395319
11539 4397410
11540 4397412
11541 4399507
11542 4401604
11543 4401606
11544 4401608
11545 4401610
11546 4401616
11547 4403703
11548 4403705
11549 4403709
11550 4405802
11551 4405804
11552 4407901
11553 4410000
11554 4410002
11555 4410004
11556 4410006
11557 4410012
11558 4412101
11559 4412103
11560 4412107
11561 4414202
11562 4414204
11563 4416303
11564 4418404
11565 4418406
11566 4418408
11567 4418410
11568 4418416
11569 4420507
11570 4420509
11571 4420513
11572 4422610
11573 4422612
11574 4424713
11575 4426816
11576 4426818
11577 4426820
11578 4426822
11579 4426828
11580 4428921
11581 4428923
11582 4428927
11583 4431026
11584 4431028
11585 4433131
11586 4435236
11587 4435238
11588 4435240
11589 4435242
11590 4435248
11591 4437343
11592 4437345
11593 4437349
11594 4439450
11595 4439452
11596 4441557
11597 4443664
11598 4443666
11599 4443668
11600 4443670
11601 4443676
11602 4445773
11603 4445775
11604 4445779
11605 4447882
11606 4447884
11607 4449991
11608 4452100
11609 4452102
11610 4452104
11611 4452106
11612 4452112
11613 4454211
11614 4454213
11615 4454217
11616 4456322
11617 4456324
11618 4458433
11619 4460544
11620 4460546
11621 4460548
11622 4460550
11623 4460556
11624 4462657
11625 4462659
11626 4462663
11627 4464770
11628 4464772
11629 4466883
11630 4468996
11631 4468998
11632 4469000
11633 4469002
11634 4469008
11635 4471111
11636 4471113
11637 4471117
11638 4473226
11639 4473228
11640 4475341
11641 4477456
11642 4477458
11643 4477460
11644 4477462
11645 4477468
11646 4479573
11647 4479575
11648 4479579
11649 4481690
11650 4481692
11651 4483807
11652 4485924
11653 4485926
11654 4485928
11655 4485930
11656 4485936
11657 4488043
11658 4488045
11659 4488049
11660 4490162
11661 4490164
11662 4492281
11663 4494400
11664 4494402
11665 4494404
11666 4494406
11667 4494412
11668 4496521
11669 4496523
11670 4496527
11671 4498642
11672 4498644
11673 4500763
11674 4502884
11675 4502886
11676 4502888
11677 4502890
11678 4502896
11679 4505007
11680 4505009
11681 4505013
11682 4507130
11683 4507132
11684 4509253
11685 4511376
11686 4511378
11687 4511380
11688 4511382
11689 4511388
11690 4513501
11691 4513503
11692 4513507
11693 4515626
11694 4515628
11695 4517751
11696 4519876
11697 4519878
11698 4519880
11699 4519882
11700 4519888
11701 4522003
11702 4522005
11703 4522009
11704 4524130
11705 4524132
11706 4526257
11707 4528384
11708 4528386
11709 4528388
11710 4528390
11711 4528396
11712 4530513
11713 4530515
11714 4530519
11715 4532642
11716 4532644
11717 4534771
11718 4536900
11719 4536902
11720 4536904
11721 4536906
11722 4536912
11723 4539031
11724 4539033
11725 4539037
11726 4541162
11727 4541164
11728 4543293
11729 4545424
11730 4545426
11731 4545428
11732 4545430
11733 4545436
11734 4547557
11735 4547559
11736 4547563
11737 4549690
11738 4549692
11739 4551823
11740 4553956
11741 4553958
11742 4553960
11743 4553962
11744 4553968
11745 4556091
11746 4556093
11747 4556097
11748 4558226
11749 4558228
11750 4560361
11751 4562496
11752 4562498
11753 4562500
11754 4562502
11755 4562508
11756 4564633
11757 4564635
11758 4564639
11759 4566770
11760 4566772
11761 4568907
11762 4571044
11763 4571046
11764 4571048
11765 4571050
11766 4571056
11767 4573183
11768 4573185
11769 4573189
11770 4575322
11771 4575324
11772 4577461
11773 4579600
11774 4579602
11775 4579604
11776 4579606
11777 4579612
11778 4581741
11779 4581743
11780 4581747
11781 4583882
11782 4583884
11783 4586023
11784 4588164
11785 4588166
11786 4588168
11787 4588170
11788 4588176
11789 4590307
11790 4590309
11791 4590313
11792 4592450
11793 4592452
11794 4594593
11795 4596736
11796 4596738
11797 4596740
11798 4596742
11799 4596748
11800 4598881
11801 4598883
11802 4598887
11803 4601026
11804 4601028
11805 4603171
11806 4605316
11807 4605318
11808 4605320
11809 4605322
11810 4605328
11811 4607463
11812 4607465
11813 4607469
11814 4609610
11815 4609612
11816 4611757
11817 4613904
11818 4613906
11819 4613908
11820 4613910
11821 4613916
11822 4616053
11823 4616055
11824 4616059
11825 4618202
11826 4618204
11827 4620351
11828 4622500
11829 4622502
11830 4622504
11831 4622506
11832 4622512
11833 4624651
11834 4624653
11835 4624657
11836 4626802
11837 4626804
11838 4628953
11839 4631104
11840 4631106
11841 4631108
11842 4631110
11843 4631116
11844 4633257
11845 4633259
11846 4633263
11847 4635410
11848 4635412
11849 4637563
11850 4639716
11851 4639718
11852 4639720
11853 4639722
11854 4639728
11855 4641871
11856 4641873
11857 4641877
11858 4644026
11859 4644028
11860 4646181
11861 4648336
11862 4648338
11863 4648340
11864 4648342
11865 4648348
11866 4650493
11867 4650495
11868 4650499
11869 4652650
11870 4652652
11871 4654807
11872 4656964
11873 4656966
11874 4656968
11875 4656970
11876 4656976
11877 4659123
11878 4659125
11879 4659129
11880 4661282
11881 4661284
11882 4663441
11883 4665600
11884 4665602
11885 4665604
11886 4665606
11887 4665612
11888 4667761
11889 4667763
11890 4667767
11891 4669922
11892 4669924
11893 4672083
11894 4674244
11895 4674246
11896 4674248
11897 4674250
11898 4674256
11899 4676407
11900 4676409
11901 4676413
11902 4678570
11903 4678572
11904 4680733
11905 4682896
11906 4682898
11907 4682900
11908 4682902
11909 4682908
11910 4685061
11911 4685063
11912 4685067
11913 4687226
11914 4687228
11915 4689391
11916 4691556
11917 4691558
11918 4691560
11919 4691562
11920 4691568
11921 4693723
11922 4693725
11923 4693729
11924 4695890
11925 4695892
11926 4698057
11927 4700224
11928 4700226
11929 4700228
11930 4700230
11931 4700236
11932 4702393
11933 4702395
11934 4702399
11935 4704562
11936 4704564
11937 4706731
11938 4708900
11939 4708902
11940 4708904
11941 4708906
11942 4708912
11943 4711071
11944 4711073
11945 4711077
11946 4713242
11947 4713244
11948 4715413
11949 4717584
11950 4717586
11951 4717588
11952 4717590
11953 4717596
11954 4719757
11955 4719759
11956 4719763
11957 4721930
11958 4721932
11959 4724103
11960 4726276
11961 4726278
11962 4726280
11963 4726282
11964 4726288
11965 4728451
11966 4728453
11967 4728457
11968 4730626
11969 4730628
11970 4732801
11971 4734976
11972 4734978
11973 4734980
11974 4734982
11975 4734988
11976 4737153
11977 4737155
11978 4737159
11979 4739330
11980 4739332
11981 4741507
11982 4743684
11983 4743686
11984 4743688
11985 4743690
11986 4743696
11987 4745863
11988 4745865
11989 4745869
11990 4748042
11991 4748044
11992 4750221
11993 4752400
11994 4752402
11995 4752404
11996 4752406
11997 4752412
11998 4754581
11999 4754583
12000 4754587
12001 4756762
12002 4756764
12003 4758943
12004 4761124
12005 4761126
12006 4761128
12007 4761130
12008 4761136
12009 4763307
12010 4763309
12011 4763313
12012 4765490
12013 4765492
12014 4767673
12015 4769856
12016 4769858
12017 4769860
12018 4769862
12019 4769868
12020 4772041
12021 4772043
12022 4772047
12023 4774226
12024 4774228
12025 4776411
12026 4778596
12027 4778598
12028 4778600
12029 4778602
12030 4778608
12031 4780783
12032 4780785
12033 4780789
12034 4782970
12035 4782972
12036 4785157
12037 4787344
12038 4787346
12039 4787348
12040 4787350
12041 4787356
12042 4789533
12043 4789535
12044 4789539
12045 4791722
12046 4791724
12047 4793911
12048 4796100
12049 4796102
12050 4796104
12051 4796106
12052 4796112
12053 4798291
12054 4798293
12055 4798297
12056 4800482
12057 4800484
12058 4802673
12059 4804864
12060 4804866
12061 4804868
12062 4804870
12063 4804876
12064 4807057
12065 4807059
12066 4807063
12067 4809250
12068 4809252
12069 4811443
12070 4813636
12071 4813638
12072 4813640
12073 4813642
12074 4813648
12075 4815831
12076 4815833
12077 4815837
12078 4818026
12079 4818028
12080 4820221
12081 4822416
12082 4822418
12083 4822420
12084 4822422
12085 4822428
12086 4824613
12087 4824615
12088 4824619
12089 4826810
12090 4826812
12091 4829007
12092 4831204
12093 4831206
12094 4831208
12095 4831210
12096 4831216
12097 4833403
12098 4833405
12099 4833409
12100 4835602
12101 4835604
12102 4837801
12103 4840000
12104 4840002
12105 4840004
12106 4840006
12107 4840012
12108 4842201
12109 4842203
12110 4842207
12111 4844402
12112 4844404
12113 4846603
12114 4848804
12115 4848806
12116 4848808
12117 4848810
12118 4848816
12119 4851007
12120 4851009
12121 4851013
12122 4853210
12123 4853212
12124 4855413
12125 4857616
12126 4857618
12127 4857620
12128 4857622
12129 4857628
12130 4859821
12131 4859823
12132 4859827
12133 4862026
12134 4862028
12135 4864231
12136 4866436
12137 4866438
12138 4866440
12139 4866442
12140 4866448
12141 4868643
12142 4868645
12143 4868649
12144 4870850
12145 4870852
12146 4873057
12147 4875264
12148 4875266
12149 4875268
12150 4875270
12151 4875276
12152 4877473
12153 4877475
12154 4877479
12155 4879682
12156 4879684
12157 4881891
12158 4884100
12159 4884102
12160 4884104
12161 4884106
12162 4884112
12163 4886311
12164 4886313
12165 4886317
12166 4888522
12167 4888524
12168 4890733
12169 4892944
12170 4892946
12171 4892948
12172 4892950
12173 4892956
12174 4895157
12175 4895159
12176 4895163
12177 4897370
12178 4897372
12179 4899583
12180 4901796
12181 4901798
12182 4901800
12183 4901802
12184 4901808
12185 4904011
12186 4904013
12187 4904017
12188 4906226
12189 4906228
12190 4908441
12191 4910656
12192 4910658
12193 4910660
12194 4910662
12195 4910668
12196 4912873
12197 4912875
12198 4912879
12199 4915090
12200 4915092
12201 4917307
12202 4919524
12203 4919526
12204 4919528
12205 4919530
12206 4919536
12207 4921743
12208 4921745
12209 4921749
12210 4923962
12211 4923964
12212 4926181
12213 4928400
12214 4928402
12215 4928404
12216 4928406
12217 4928412
12218 4930621
12219 4930623
12220 4930627
12221 4932842
12222 4932844
12223 4935063
12224 4937284
12225 4937286
12226 4937288
12227 4937290
12228 4937296
12229 4939507
12230 4939509
12231 4939513
12232 4941730
12233 4941732
12234 4943953
12235 4946176
12236 4946178
12237 4946180
12238 4946182
12239 4946188
12240 4948401
12241 4948403
12242 4948407
12243 4950626
12244 4950628
12245 4952851
12246 4955076
12247 4955078
12248 4955080
12249 4955082
12250 4955088
12251 4957303
12252 4957305
12253 4957309
12254 4959530
12255 4959532
12256 4961757
12257 4963984
12258 4963986
12259 4963988
12260 4963990
12261 4963996
12262 4966213
12263 4966215
12264 4966219
12265 4968442
12266 4968444
12267 4970671
12268 4972900
12269 4972902
12270 4972904
12271 4972906
12272 4972912
12273 4975131
12274 4975133
12275 4975137
12276 4977362
12277 4977364
12278 4979593
12279 4981824
12280 4981826
12281 4981828
12282 4981830
12283 4981836
12284 4984057
12285 4984059
12286 4984063
12287 4986290
12288 4986292
12289 4988523
12290 4990756
12291 4990758
12292 4990760
12293 4990762
12294 4990768
12295 4992991
12296 4992993
12297 4992997
12298 4995226
12299 4995228
12300 4997461
12301 4999696
12302 4999698
12303 4999700
12304 4999702
12305 4999708
12306 5001933
12307 5001935
12308 5001939
12309 5004170
12310 5004172
12311 5006407
12312 5008644
12313 5008646
12314 5008648
12315 5008650
12316 5008656
12317 5010883
12318 5010885
12319 5010889
12320 5013122
12321 5013124
12322 5015361
12323 5017600
12324 5017602
12325 5017604
12326 5017606
12327 5017612
12328 5019841
12329 5019843
12330 5019847
12331 5022082
12332 5022084
12333 5024323
12334 5026564
12335 5026566
12336 5026568
12337 5026570
12338 5026576
12339 5028807
12340 5028809
12341 5028813
12342 5031050
12343 5031052
12344 5033293
12345 5035536
12346 5035538
12347 5035540
12348 5035542
12349 5035548
12350 5037781
12351 5037783
12352 5037787
12353 5040026
12354 5040028
12355 5042271
12356 5044516
12357 5044518
12358 5044520
12359 5044522
12360 5044528
12361 5046763
12362 5046765
12363 5046769
12364 5049010
12365 5049012
12366 5051257
12367 5053504
12368 5053506
12369 5053508
12370 5053510
12371 5053516
12372 5055753
12373 5055755
12374 5055759
12375 5058002
12376 5058004
12377 5060251
12378 5062500
12379 5062502
12380 5062504
12381 5062506
12382 5062512
12383 5064751
12384 5064753
12385 5064757
12386 5067002
12387 5067004
12388 5069253
12389 5071504
12390 5071506
12391 5071508
12392 5071510
12393 5071516
12394 5073757
12395 5073759
12396 5073763
12397 5076010
12398 5076012
12399 5078263
12400 5080516
12401 5080518
12402 5080520
12403 5080522
12404 5080528
12405 5082771
12406 5082773
12407 5082777
12408 5085026
12409 5085028
12410 5087281
12411 5089536
12412 5089538
12413 5089540
12414 5089542
12415 5089548
12416 5091793
12417 5091795
12418 5091799
12419 5094050
12420 5094052
12421 5096307
12422 5098564
12423 5098566
12424 5098568
12425 5098570
12426 5098576
12427 5100823
12428 5100825
12429 5100829
12430 5103082
12431 5103084
12432 5105341
12433 5107600
12434 5107602
12435 5107604
12436 5107606
12437 5107612
12438 5109861
12439 5109863
12440 5109867
12441 5112122
12442 5112124
12443 5114383
12444 5116644
12445 5116646
12446 5116648
12447 5116650
12448 5116656
12449 5118907
12450 5118909
12451 5118913
12452 5121170
12453 5121172
12454 5123433
12455 5125696
12456 5125698
12457 5125700
12458 5125702
12459 5125708
12460 5127961
12461 5127963
12462 5127967
12463 5130226
12464 5130228
12465 5132491
12466 5134756
12467 5134758
12468 5134760
12469 5134762
12470 5134768
12471 5137023
12472 5137025
12473 5137029
12474 5139290
12475 5139292
12476 5141557
12477 5143824
12478 5143826
12479 5143828
12480 5143830
12481 5143836
12482 5146093
12483 5146095
12484 5146099
12485 5148362
12486 5148364
12487 5150631
12488 5152900
12489 5152902
12490 5152904
12491 5152906
12492 5152912
12493 5155171
12494 5155173
12495 5155177
12496 5157442
12497 5157444
12498 5159713
12499 5161984
12500 5161986
12501 5161988
12502 5161990
12503 5161996
12504 5164257
12505 5164259
12506 5164263
12507 5166530
12508 5166532
12509 5168803
12510 5171076
12511 5171078
12512 5171080
12513 5171082
12514 5171088
12515 5173351
12516 5173353
12517 5173357
12518 5175626
12519 5175628
12520 5177901
12521 5180176
12522 5180178
12523 5180180
12524 5180182
12525 5180188
12526 5182453
12527 5182455
12528 5182459
12529 5184730
12530 5184732
12531 5187007
12532 5189284
12533 5189286
12534 5189288
12535 5189290
12536 5189296
12537 5191563
12538 5191565
12539 5191569
12540 5193842
12541 5193844
12542 5196121
12543 5198400
12544 5198402
12545 5198404
12546 5198406
12547 5198412
12548 5200681
12549 5200683
12550 5200687
12551 5202962
12552 5202964
12553 5205243
12554 5207524
12555 5207526
12556 5207528
12557 5207530
12558 5207536
12559 5209807
12560 5209809
12561 5209813
12562 5212090
12563 5212092
12564 5214373
12565 5216656
12566 5216658
12567 5216660
12568 5216662
12569 5216668
12570 5218941
12571 5218943
12572 5218947
12573 5221226
12574 5221228
12575 5223511
12576 5225796
12577 5225798
12578 5225800
12579 5225802
12580 5225808
12581 5228083
12582 5228085
12583 5228089
12584 5230370
12585 5230372
12586 5232657
12587 5234944
12588 5234946
12589 5234948
12590 5234950
12591 5234956
12592 5237233
12593 5237235
12594 5237239
12595 5239522
12596 5239524
12597 5241811
12598 5244100
12599 5244102
12600 5244104
12601 5244106
12602 5244112
12603 5246391
12604 5246393
12605 5246397
12606 5248682
12607 5248684
12608 5250973
12609 5253264
12610 5253266
12611 5253268
12612 5253270
12613 5253276
12614 5255557
12615 5255559
12616 5255563
12617 5257850
12618 5257852
12619 5260143
12620 5262436
12621 5262438
12622 5262440
12623 5262442
12624 5262448
12625 5264731
12626 5264733
12627 5264737
12628 5267026
12629 5267028
12630 5269321
12631 5271616
12632 5271618
12633 5271620
12634 5271622
12635 5271628
12636 5273913
12637 5273915
12638 5273919
12639 5276210
12640 5276212
12641 5278507
12642 5280804
12643 5280806
12644 5280808
12645 5280810
12646 5280816
12647 5283103
12648 5283105
12649 5283109
12650 5285402
12651 5285404
12652 5287701
12653 5290000
12654 5290002
12655 5290004
12656 5290006
12657 5290012
12658 5292301
12659 5292303
12660 5292307
12661 5294602
12662 5294604
12663 5296903
12664 5299204
12665 5299206
12666 5299208
12667 5299210
12668 5299216
12669 5301507
12670 5301509
12671 5301513
12672 5303810
12673 5303812
12674 5306113
12675 5308416
12676 5308418
12677 5308420
12678 5308422
12679 5308428
12680 5310721
12681 5310723
12682 5310727
12683 5313026
12684 5313028
12685 5315331
12686 5317636
12687 5317638
12688 5317640
12689 5317642
12690 5317648
12691 5319943
12692 5319945
12693 5319949
12694 5322250
12695 5322252
12696 5324557
12697 5326864
12698 5326866
12699 5326868
12700 5326870
12701 5326876
12702 5329173
12703 5329175
12704 5329179
12705 5331482
12706 5331484
12707 5333791
12708 5336100
12709 5336102
12710 5336104
12711 5336106
12712 5336112
12713 5338411
12714 5338413
12715 5338417
12716 5340722
12717 5340724
12718 5343033
12719 5345344
12720 5345346
12721 5345348
12722 5345350
12723 5345356
12724 5347657
12725 5347659
12726 5347663
12727 5349970
12728 5349972
12729 5352283
12730 5354596
12731 5354598
12732 5354600
12733 5354602
12734 5354608
12735 5356911
12736 5356913
12737 5356917
12738 5359226
12739 5359228
12740 5361541
12741 5363856
12742 5363858
12743 5363860
12744 5363862
12745 5363868
12746 5366173
12747 5366175
12748 5366179
12749 5368490
12750 5368492
12751 5370807
12752 5373124
12753 5373126
12754 5373128
12755 5373130
12756 5373136
12757 5375443
12758 5375445
12759 5375449
12760 5377762
12761 5377764
12762 5380081
12763 5382400
12764 5382402
12765 5382404
12766 5382406
12767 5382412
12768 5384721
12769 5384723
12770 5384727
12771 5387042
12772 5387044
12773 5389363
12774 5391684
12775 5391686
12776 5391688
12777 5391690
12778 5391696
12779 5394007
12780 5394009
12781 5394013
12782 5396330
12783 5396332
12784 5398653
12785 5400976
12786 5400978
12787 5400980
12788 5400982
12789 5400988
12790 5403301
12791 5403303
12792 5403307
12793 5405626
12794 5405628
12795 5407951
12796 5410276
12797 5410278
12798 5410280
12799 5410282
12800 5410288
12801 5412603
12802 5412605
12803 5412609
12804 5414930
12805 5414932
12806 5417257
12807 5419584
12808 5419586
12809 5419588
12810 5419590
12811 5419596
12812 5421913
12813 5421915
12814 5421919
12815 5424242
12816 5424244
12817 5426571
12818 5428900
12819 5428902
12820 5428904
12821 5428906
12822 5428912
12823 5431231
12824 5431233
12825 5431237
12826 5433562
12827 5433564
12828 5435893
12829 5438224
12830 5438226
12831 5438228
12832 5438230
12833 5438236
12834 5440557
12835 5440559
12836 5440563
12837 5442890
12838 5442892
12839 5445223
12840 5447556
12841 5447558
12842 5447560
12843 5447562
12844 5447568
12845 5449891
12846 5449893
12847 5449897
12848 5452226
12849 5452228
12850 5454561
12851 5456896
12852 5456898
12853 5456900
12854 5456902
12855 5456908
12856 5459233
12857 5459235
12858 5459239
12859 5461570
12860 5461572
12861 5463907
12862 5466244
12863 5466246
12864 5466248
12865 5466250
12866 5466256
12867 5468583
12868 5468585
12869 5468589
12870 5470922
12871 5470924
12872 5473261
12873 5475600
12874 5475602
12875 5475604
12876 5475606
12877 5475612
12878 5477941
12879 5477943
12880 5477947
12881 5480282
12882 5480284
12883 5482623
12884 5484964
12885 5484966
12886 5484968
12887 5484970
12888 5484976
12889 5487307
12890 5487309
12891 5487313
12892 5489650
12893 5489652
12894 5491993
12895 5494336
12896 5494338
12897 5494340
12898 5494342
12899 5494348
12900 5496681
12901 5496683
12902 5496687
12903 5499026
12904 5499028
12905 5501371
12906 5503716
12907 5503718
12908 5503720
12909 5503722
12910 5503728
12911 5506063
12912 5506065
12913 5506069
12914 5508410
12915 5508412
12916 5510757
12917 5513104
12918 5513106
12919 5513108
12920 5513110
12921 5513116
12922 5515453
12923 5515455
12924 5515459
12925 5517802
12926 5517804
12927 5520151
12928 5522500
12929 5522502
12930 5522504
12931 5522506
12932 5522512
12933 5524851
12934 5524853
12935 5524857
12936 5527202
12937 5527204
12938 5529553
12939 5531904
12940 5531906
12941 5531908
12942 5531910
12943 5531916
12944 5534257
12945 5534259
12946 5534263
12947 5536610
12948 5536612
12949 5538963
12950 5541316
12951 5541318
12952 5541320
12953 5541322
12954 5541328
12955 5543671
12956 5543673
12957 5543677
12958 5546026
12959 5546028
12960 5548381
12961 5550736
12962 5550738
12963 5550740
12964 5550742
12965 5550748
12966 5553093
12967 5553095
12968 5553099
12969 5555450
12970 5555452
12971 5557807
12972 5560164
12973 5560166
12974 5560168
12975 5560170
12976 5560176
12977 5562523
12978 5562525
12979 5562529
12980 5564882
12981 5564884
12982 5567241
12983 5569600
12984 5569602
12985 5569604
12986 5569606
12987 5569612
12988 5571961
12989 5571963
12990 5571967
12991 5574322
12992 5574324
12993 5576683
12994 5579044
12995 5579046
12996 5579048
12997 5579050
12998 5579056
12999 5581407
13000 5581409
13001 5581413
13002 5583770
13003 5583772
13004 5586133
13005 5588496
13006 5588498
13007 5588500
13008 5588502
13009 5588508
13010 5590861
13011 5590863
13012 5590867
13013 5593226
13014 5593228
13015 5595591
13016 5597956
13017 5597958
13018 5597960
13019 5597962
13020 5597968
13021 5600323
13022 5600325
13023 5600329
13024 5602690
13025 5602692
13026 5605057
13027 5607424
13028 5607426
13029 5607428
13030 5607430
13031 5607436
13032 5609793
13033 5609795
13034 5609799
13035 5612162
13036 5612164
13037 5614531
13038 5616900
13039 5616902
13040 5616904
13041 5616906
13042 5616912
13043 5619271
13044 5619273
13045 5619277
13046 5621642
13047 5621644
13048 5624013
13049 5626384
13050 5626386
13051 5626388
13052 5626390
13053 5626396
13054 5628757
13055 5628759
13056 5628763
13057 5631130
13058 5631132
13059 5633503
13060 5635876
13061 5635878
13062 5635880
13063 5635882
13064 5635888
13065 5638251
13066 5638253
13067 5638257
13068 5640626
13069 5640628
13070 5643001
13071 5645376
13072 5645378
13073 5645380
13074 5645382
13075 5645388
13076 5647753
13077 5647755
13078 5647759
13079 5650130
13080 5650132
13081 5652507
13082 5654884
13083 5654886
13084 5654888
13085 5654890
13086 5654896
13087 5657263
13088 5657265
13089 5657269
13090 5659642
13091 5659644
13092 5662021
13093 5664400
13094 5664402
13095 5664404
13096 5664406
13097 5664412
13098 5666781
13099 5666783
13100 5666787
13101 5669162
13102 5669164
13103 5671543
13104 5673924
13105 5673926
13106 5673928
13107 5673930
13108 5673936
13109 5676307
13110 5676309
13111 5676313
13112 5678690
13113 5678692
13114 5681073
13115 5683456
13116 5683458
13117 5683460
13118 5683462
13119 5683468
13120 5685841
13121 5685843
13122 5685847
13123 5688226
13124 5688228
13125 5690611
13126 5692996
13127 5692998
13128 5693000
13129 5693002
13130 5693008
13131 5695383
13132 5695385
13133 5695389
13134 5697770
13135 5697772
13136 5700157
13137 5702544
13138 5702546
13139 5702548
13140 5702550
13141 5702556
13142 5704933
13143 5704935
13144 5704939
13145 5707322
13146 5707324
13147 5709711
13148 5712100
13149 5712102
13150 5712104
13151 5712106
13152 5712112
13153 5714491
13154 5714493
13155 5714497
13156 5716882
13157 5716884
13158 5719273
13159 5721664
13160 5721666
13161 5721668
13162 5721670
13163 5721676
13164 5724057
13165 5724059
13166 5724063
13167 5726450
13168 5726452
13169 5728843
13170 5731236
13171 5731238
13172 5731240
13173 5731242
13174 5731248
13175 5733631
13176 5733633
13177 5733637
13178 5736026
13179 5736028
13180 5738421
13181 5740816
13182 5740818
13183 5740820
13184 5740822
13185 5740828
13186 5743213
13187 5743215
13188 5743219
13189 5745610
13190 5745612
13191 5748007
13192 5750404
13193 5750406
13194 5750408
13195 5750410
13196 5750416
13197 5752803
13198 5752805
13199 5752809
13200 5755202
13201 5755204
13202 5757601
13203 5760000
13204 5760002
13205 5760004
13206 5760006
13207 5760012
13208 5762401
13209 5762403
13210 5762407
13211 5764802
13212 5764804
13213 5767203
13214 5769604
13215 5769606
13216 5769608
13217 5769610
13218 5769616
13219 5772007
13220 5772009
13221 5772013
13222 5774410
13223 5774412
13224 5776813
13225 5779216
13226 5779218
13227 5779220
13228 5779222
13229 5779228
13230 5781621
13231 5781623
13232 5781627
13233 5784026
13234 5784028
13235 5786431
13236 5788836
13237 5788838
13238 5788840
13239 5788842
13240 5788848
13241 5791243
13242 5791245
13243 5791249
13244 5793650
13245 5793652
13246 5796057
13247 5798464
13248 5798466
13249 5798468
13250 5798470
13251 5798476
13252 5800873
13253 5800875
13254 5800879
13255 5803282
13256 5803284
13257 5805691
13258 5808100
13259 5808102
13260 5808104
13261 5808106
13262 5808112
13263 5810511
13264 5810513
13265 5810517
13266 5812922
13267 5812924
13268 5815333
13269 5817744
13270 5817746
13271 5817748
13272 5817750
13273 5817756
13274 5820157
13275 5820159
13276 5820163
13277 5822570
13278 5822572
13279 5824983
13280 5827396
13281 5827398
13282 5827400
13283 5827402
13284 5827408
13285 5829811
13286 5829813
13287 5829817
13288 5832226
13289 5832228
13290 5834641
13291 5837056
13292 5837058
13293 5837060
13294 5837062
13295 5837068
13296 5839473
13297 5839475
13298 5839479
13299 5841890
13300 5841892
13301 5844307
13302 5846724
13303 5846726
13304 5846728
13305 5846730
13306 5846736
13307 5849143
13308 5849145
13309 5849149
13310 5851562
13311 5851564
13312 5853981
13313 5856400
13314 5856402
13315 5856404
13316 5856406
13317 5856412
13318 5858821
13319 5858823
13320 5858827
13321 5861242
13322 5861244
13323 5863663
13324 5866084
13325 5866086
13326 5866088
13327 5866090
13328 5866096
13329 5868507
13330 5868509
13331 5868513
13332 5870930
13333 5870932
13334 5873353
13335 5875776
13336 5875778
13337 5875780
13338 5875782
13339 5875788
13340 5878201
13341 5878203
13342 5878207
13343 5880626
13344 5880628
13345 5883051
13346 5885476
13347 5885478
13348 5885480
13349 5885482
13350 5885488
13351 5887903
13352 5887905
13353 5887909
13354 5890330
13355 5890332
13356 5892757
13357 5895184
13358 5895186
13359 5895188
13360 5895190
13361 5895196
13362 5897613
13363 5897615
13364 5897619
13365 5900042
13366 5900044
13367 5902471
13368 5904900
13369 5904902
13370 5904904
13371 5904906
13372 5904912
13373 5907331
13374 5907333
13375 5907337
13376 5909762
13377 5909764
13378 5912193
13379 5914624
13380 5914626
13381 5914628
13382 5914630
13383 5914636
13384 5917057
13385 5917059
13386 5917063
13387 5919490
13388 5919492
13389 5921923
13390 5924356
13391 5924358
13392 5924360
13393 5924362
13394 5924368
13395 5926791
13396 5926793
13397 5926797
13398 5929226
13399 5929228
13400 5931661
13401 5934096
13402 5934098
13403 5934100
13404 5934102
13405 5934108
13406 5936533
13407 5936535
13408 5936539
13409 5938970
13410 5938972
13411 5941407
13412 5943844
13413 5943846
13414 5943848
13415 5943850
13416 5943856
13417 5946283
13418 5946285
13419 5946289
13420 5948722
13421 5948724
13422 5951161
13423 5953600
13424 5953602
13425 5953604
13426 5953606
13427 5953612
13428 5956041
13429 5956043
13430 5956047
13431 5958482
13432 5958484
13433 5960923
13434 5963364
13435 5963366
13436 5963368
13437 5963370
13438 5963376
13439 5965807
13440 5965809
13441 5965813
13442 5968250
13443 5968252
13444 5970693
13445 5973136
13446 5973138
13447 5973140
13448 5973142
13449 5973148
13450 5975581
13451 5975583
13452 5975587
13453 5978026
13454 5978028
13455 5980471
13456 5982916
13457 5982918
13458 5982920
13459 5982922
13460 5982928
13461 5985363
13462 5985365
13463 5985369
13464 5987810
13465 5987812
13466 5990257
13467 5992704
13468 5992706
13469 5992708
13470 5992710
13471 5992716
13472 5995153
13473 5995155
13474 5995159
13475 5997602
13476 5997604
13477 6000051
13478 6002500
13479 6002502
13480 6002504
13481 6002506
13482 6002512
13483 6004951
13484 6004953
13485 6004957
13486 6007402
13487 6007404
13488 6009853
13489 6012304
13490 6012306
13491 6012308
13492 6012310
13493 6012316
13494 6014757
13495 6014759
13496 6014763
13497 6017210
13498 6017212
13499 6019663
13500 6022116
13501 6022118
13502 6022120
13503 6022122
13504 6022128
13505 6024571
13506 6024573
13507 6024577
13508 6027026
13509 6027028
13510 6029481
13511 6031936
13512 6031938
13513 6031940
13514 6031942
13515 6031948
13516 6034393
13517 6034395
13518 6034399
13519 6036850
13520 6036852
13521 6039307
13522 6041764
13523 6041766
13524 6041768
13525 6041770
13526 6041776
13527 6044223
13528 6044225
13529 6044229
13530 6046682
13531 6046684
13532 6049141
13533 6051600
13534 6051602
13535 6051604
13536 6051606
13537 6051612
13538 6054061
13539 6054063
13540 6054067
13541 6056522
13542 6056524
13543 6058983
13544 6061444
13545 6061446
13546 6061448
13547 6061450
13548 6061456
13549 6063907
13550 6063909
13551 6063913
13552 6066370
13553 6066372
13554 6068833
13555 6071296
13556 6071298
13557 6071300
13558 6071302
13559 6071308
13560 6073761
13561 6073763
13562 6073767
13563 6076226
13564 6076228
13565 6078691
13566 6081156
13567 6081158
13568 6081160
13569 6081162
13570 6081168
13571 6083623
13572 6083625
13573 6083629
13574 6086090
13575 6086092
13576 6088557
13577 6091024
13578 6091026
13579 6091028
13580 6091030
13581 6091036
13582 6093493
13583 6093495
13584 6093499
13585 6095962
13586 6095964
13587 6098431
13588 6100900
13589 6100902
13590 6100904
13591 6100906
13592 6100912
13593 6103371
13594 6103373
13595 6103377
13596 6105842
13597 6105844
13598 6108313
13599 6110784
13600 6110786
13601 6110788
13602 6110790
13603 6110796
13604 6113257
13605 6113259
13606 6113263
13607 6115730
13608 6115732
13609 6118203
13610 6120676
13611 6120678
13612 6120680
13613 6120682
13614 6120688
13615 6123151
13616 6123153
13617 6123157
13618 6125626
13619 6125628
13620 6128101
13621 6130576
13622 6130578
13623 6130580
13624 6130582
13625 6130588
13626 6133053
13627 6133055
13628 6133059
13629 6135530
13630 6135532
13631 6138007
13632 6140484
13633 6140486
13634 6140488
13635 6140490
13636 6140496
13637 6142963
13638 6142965
13639 6142969
13640 6145442
13641 6145444
13642 6147921
13643 6150400
13644 6150402
13645 6150404
13646 6150406
13647 6150412
13648 6152881
13649 6152883
13650 6152887
13651 6155362
13652 6155364
13653 6157843
13654 6160324
13655 6160326
13656 6160328
13657 6160330
13658 6160336
13659 6162807
13660 6162809
13661 6162813
13662 6165290
13663 6165292
13664 6167773
13665 6170256
13666 6170258
13667 6170260
13668 6170262
13669 6170268
13670 6172741
13671 6172743
13672 6172747
13673 6175226
13674 6175228
13675 6177711
13676 6180196
13677 6180198
13678 6180200
13679 6180202
13680 6180208
13681 6182683
13682 6182685
13683 6182689
13684 6185170
13685 6185172
13686 6187657
13687 6190144
13688 6190146
13689 6190148
13690 6190150
13691 6190156
13692 6192633
13693 6192635
13694 6192639
13695 6195122
13696 6195124
13697 6197611
13698 6200100
13699 6200102
13700 6200104
13701 6200106
13702 6200112
13703 6202591
13704 6202593
13705 6202597
13706 6205082
13707 6205084
13708 6207573
13709 6210064
13710 6210066
13711 6210068
13712 6210070
13713 6210076
13714 6212557
13715 6212559
13716 6212563
13717 6215050
13718 6215052
13719 6217543
13720 6220036
13721 6220038
13722 6220040
13723 6220042
13724 6220048
13725 6222531
13726 6222533
13727 6222537
13728 6225026
13729 6225028
13730 6227521
13731 6230016
13732 6230018
13733 6230020
13734 6230022
13735 6230028
13736 6232513
13737 6232515
13738 6232519
13739 6235010
13740 6235012
13741 6237507
13742 6240004
13743 6240006
13744 6240008
13745 6240010
13746 6240016
13747 6242503
13748 6242505
13749 6242509
13750 6245002
13751 6245004
13752 6247501
13753 6250000
13754 6250002
13755 6250004
13756 6250006
13757 6250012
13758 6252501
13759 6252503
13760 6252507
13761 6255002
13762 6255004
13763 6257503
13764 6260004
13765 6260006
13766 6260008
13767 6260010
13768 6260016
13769 6262507
13770 6262509
13771 6262513
13772 6265010
13773 6265012
13774 6267513
13775 6270016
13776 6270018
13777 6270020
13778 6270022
13779 6270028
13780 6272521
13781 6272523
13782 6272527
13783 6275026
13784 6275028
13785 6277531
13786 6280036
13787 6280038
13788 6280040
13789 6280042
13790 6280048
13791 6282543
13792 6282545
13793 6282549
13794 6285050
13795 6285052
13796 6287557
13797 6290064
13798 6290066
13799 6290068
13800 6290070
13801 6290076
13802 6292573
13803 6292575
13804 6292579
13805 6295082
13806 6295084
13807 6297591
13808 6300100
13809 6300102
13810 6300104
13811 6300106
13812 6300112
13813 6302611
13814 6302613
13815 6302617
13816 6305122
13817 6305124
13818 6307633
13819 6310144
13820 6310146
13821 6310148
13822 6310150
13823 6310156
13824 6312657
13825 6312659
13826 6312663
13827 6315170
13828 6315172
13829 6317683
13830 6320196
13831 6320198
13832 6320200
13833 6320202
13834 6320208
13835 6322711
13836 6322713
13837 6322717
13838 6325226
13839 6325228
13840 6327741
13841 6330256
13842 6330258
13843 6330260
13844 6330262
13845 6330268
13846 6332773
13847 6332775
13848 6332779
13849 6335290
13850 6335292
13851 6337807
13852 6340324
13853 6340326
13854 6340328
13855 6340330
13856 6340336
13857 6342843
13858 6342845
13859 6342849
13860 6345362
13861 6345364
13862 6347881
13863 6350400
13864 6350402
13865 6350404
13866 6350406
13867 6350412
13868 6352921
13869 6352923
13870 6352927
13871 6355442
13872 6355444
13873 6357963
13874 6360484
13875 6360486
13876 6360488
13877 6360490
13878 6360496
13879 6363007
13880 6363009
13881 6363013
13882 6365530
13883 6365532
13884 6368053
13885 6370576
13886 6370578
13887 6370580
13888 6370582
13889 6370588
13890 6373101
13891 6373103
13892 6373107
13893 6375626
13894 6375628
13895 6378151
13896 6380676
13897 6380678
13898 6380680
13899 6380682
13900 6380688
13901 6383203
13902 6383205
13903 6383209
13904 6385730
13905 6385732
13906 6388257
13907 6390784
13908 6390786
13909 6390788
13910 6390790
13911 6390796
13912 6393313
13913 6393315
13914 6393319
13915 6395842
13916 6395844
13917 6398371
13918 6400900
13919 6400902
13920 6400904
13921 6400906
13922 6400912
13923 6403431
13924 6403433
13925 6403437
13926 6405962
13927 6405964
13928 6408493
13929 6411024
13930 6411026
13931 6411028
13932 6411030
13933 6411036
13934 6413557
13935 6413559
13936 6413563
13937 6416090
13938 6416092
13939 6418623
13940 6421156
13941 6421158
13942 6421160
13943 6421162
13944 6421168
13945 6423691
13946 6423693
13947 6423697
13948 6426226
13949 6426228
13950 6428761
13951 6431296
13952 6431298
13953 6431300
13954 6431302
13955 6431308
13956 6433833
13957 6433835
13958 6433839
13959 6436370
13960 6436372
13961 6438907
13962 6441444
13963 6441446
13964 6441448
13965 6441450
13966 6441456
13967 6443983
13968 6443985
13969 6443989
13970 6446522
13971 6446524
13972 6449061
13973 6451600
13974 6451602
13975 6451604
13976 6451606
13977 6451612
13978 6454141
13979 6454143
13980 6454147
13981 6456682
13982 6456684
13983 6459223
13984 6461764
13985 6461766
13986 6461768
13987 6461770
13988 6461776
13989 6464307
13990 6464309
13991 6464313
13992 6466850
13993 6466852
13994 6469393
13995 6471936
13996 6471938
13997 6471940
13998 6471942
13999 6471948
14000 6474481
14001 6474483
14002 6474487
14003 6477026
14004 6477028
14005 6479571
14006 6482116
14007 6482118
14008 6482120
14009 6482122
14010 6482128
14011 6484663
14012 6484665
14013 6484669
14014 6487210
14015 6487212
14016 6489757
14017 6492304
14018 6492306
14019 6492308
14020 6492310
14021 6492316
14022 6494853
14023 6494855
14024 6494859
14025 6497402
14026 6497404
14027 6499951
14028 6502500
14029 6502502
14030 6502504
14031 6502506
14032 6502512
14033 6505051
14034 6505053
14035 6505057
14036 6507602
14037 6507604
14038 6510153
14039 6512704
14040 6512706
14041 6512708
14042 6512710
14043 6512716
14044 6515257
14045 6515259
14046 6515263
14047 6517810
14048 6517812
14049 6520363
14050 6522916
14051 6522918
14052 6522920
14053 6522922
14054 6522928
14055 6525471
14056 6525473
14057 6525477
14058 6528026
14059 6528028
14060 6530581
14061 6533136
14062 6533138
14063 6533140
14064 6533142
14065 6533148
14066 6535693
14067 6535695
14068 6535699
14069 6538250
14070 6538252
14071 6540807
14072 6543364
14073 6543366
14074 6543368
14075 6543370
14076 6543376
14077 6545923
14078 6545925
14079 6545929
14080 6548482
14081 6548484
14082 6551041
14083 6553600
14084 6553602
14085 6553604
14086 6553606
14087 6553612
14088 6556161
14089 6556163
14090 6556167
14091 6558722
14092 6558724
14093 6561283
14094 6563844
14095 6563846
14096 6563848
14097 6563850
14098 6563856
14099 6566407
14100 6566409
14101 6566413
14102 6568970
14103 6568972
14104 6571533
14105 6574096
14106 6574098
14107 6574100
14108 6574102
14109 6574108
14110 6576661
14111 6576663
14112 6576667
14113 6579226
14114 6579228
14115 6581791
14116 6584356
14117 6584358
14118 6584360
14119 6584362
14120 6584368
14121 6586923
14122 6586925
14123 6586929
14124 6589490
14125 6589492
14126 6592057
14127 6594624
14128 6594626
14129 6594628
14130 6594630
14131 6594636
14132 6597193
14133 6597195
14134 6597199
14135 6599762
14136 6599764
14137 6602331
14138 6604900
14139 6604902
14140 6604904
14141 6604906
14142 6604912
14143 6607471
14144 6607473
14145 6607477
14146 6610042
14147 6610044
14148 6612613
14149 6615184
14150 6615186
14151 6615188
14152 6615190
14153 6615196
14154 6617757
14155 6617759
14156 6617763
14157 6620330
14158 6620332
14159 6622903
14160 6625476
14161 6625478
14162 6625480
14163 6625482
14164 6625488
14165 6628051
14166 6628053
14167 6628057
14168 6630626
14169 6630628
14170 6633201
14171 6635776
14172 6635778
14173 6635780
14174 6635782
14175 6635788
14176 6638353
14177 6638355
14178 6638359
14179 6640930
14180 6640932
14181 6643507
14182 6646084
14183 6646086
14184 6646088
14185 6646090
14186 6646096
14187 6648663
14188 6648665
14189 6648669
14190 6651242
14191 6651244
14192 6653821
14193 6656400
14194 6656402
14195 6656404
14196 6656406
14197 6656412
14198 6658981
14199 6658983
14200 6658987
14201 6661562
14202 6661564
14203 6664143
14204 6666724
14205 6666726
14206 6666728
14207 6666730
14208 6666736
14209 6669307
14210 6669309
14211 6669313
14212 6671890
14213 6671892
14214 6674473
14215 6677056
14216 6677058
14217 6677060
14218 6677062
14219 6677068
14220 6679641
14221 6679643
14222 6679647
14223 6682226
14224 6682228
14225 6684811
14226 6687396
14227 6687398
14228 6687400
14229 6687402
14230 6687408
14231 6689983
14232 6689985
14233 6689989
14234 6692570
14235 6692572
14236 6695157
14237 6697744
14238 6697746
14239 6697748
14240 6697750
14241 6697756
14242 6700333
14243 6700335
14244 6700339
14245 6702922
14246 6702924
14247 6705511
14248 6708100
14249 6708102
14250 6708104
14251 6708106
14252 6708112
14253 6710691
14254 6710693
14255 6710697
14256 6713282
14257 6713284
14258 6715873
14259 6718464
14260 6718466
14261 6718468
14262 6718470
14263 6718476
14264 6721057
14265 6721059
14266 6721063
14267 6723650
14268 6723652
14269 6726243
14270 6728836
14271 6728838
14272 6728840
14273 6728842
14274 6728848
14275 6731431
14276 6731433
14277 6731437
14278 6734026
14279 6734028
14280 6736621
14281 6739216
14282 6739218
14283 6739220
14284 6739222
14285 6739228
14286 6741813
14287 6741815
14288 6741819
14289 6744410
14290 6744412
14291 6747007
14292 6749604
14293 6749606
14294 6749608
14295 6749610
14296 6749616
14297 6752203
14298 6752205
14299 6752209
14300 6754802
14301 6754804
14302 6757401
14303 6760000
14304 6760002
14305 6760004
14306 6760006
14307 6760012
14308 6762601
14309 6762603
14310 6762607
14311 6765202
14312 6765204
14313 6767803
14314 6770404
14315 6770406
14316 6770408
14317 6770410
14318 6770416
14319 6773007
14320 6773009
14321 6773013
14322 6775610
14323 6775612
14324 6778213
14325 6780816
14326 6780818
14327 6780820
14328 6780822
14329 6780828
14330 6783421
14331 6783423
14332 6783427
14333 6786026
14334 6786028
14335 6788631
14336 6791236
14337 6791238
14338 6791240
14339 6791242
14340 6791248
14341 6793843
14342 6793845
14343 6793849
14344 6796450
14345 6796452
14346 6799057
14347 6801664
14348 6801666
14349 6801668
14350 6801670
14351 6801676
14352 6804273
14353 6804275
14354 6804279
14355 6806882
14356 6806884
14357 6809491
14358 6812100
14359 6812102
14360 6812104
14361 6812106
14362 6812112
14363 6814711
14364 6814713
14365 6814717
14366 6817322
14367 6817324
14368 6819933
14369 6822544
14370 6822546
14371 6822548
14372 6822550
14373 6822556
14374 6825157
14375 6825159
14376 6825163
14377 6827770
14378 6827772
14379 6830383
14380 6832996
14381 6832998
14382 6833000
14383 6833002
14384 6833008
14385 6835611
14386 6835613
14387 6835617
14388 6838226
14389 6838228
14390 6840841
14391 6843456
14392 6843458
14393 6843460
14394 6843462
14395 6843468
14396 6846073
14397 6846075
14398 6846079
14399 6848690
14400 6848692
14401 6851307
14402 6853924
14403 6853926
14404 6853928
14405 6853930
14406 6853936
14407 6856543
14408 6856545
14409 6856549
14410 6859162
14411 6859164
14412 6861781
14413 6864400
14414 6864402
14415 6864404
14416 6864406
14417 6864412
14418 6867021
14419 6867023
14420 6867027
14421 6869642
14422 6869644
14423 6872263
14424 6874884
14425 6874886
14426 6874888
14427 6874890
14428 6874896
14429 6877507
14430 6877509
14431 6877513
14432 6880130
14433 6880132
14434 6882753
14435 6885376
14436 6885378
14437 6885380
14438 6885382
14439 6885388
14440 6888001
14441 6888003
14442 6888007
14443 6890626
14444 6890628
14445 6893251
14446 6895876
14447 6895878
14448 6895880
14449 6895882
14450 6895888
14451 6898503
14452 6898505
14453 6898509
14454 6901130
14455 6901132
14456 6903757
14457 6906384
14458 6906386
14459 6906388
14460 6906390
14461 6906396
14462 6909013
14463 6909015
14464 6909019
14465 6911642
14466 6911644
14467 6914271
14468 6916900
14469 6916902
14470 6916904
14471 6916906
14472 6916912
14473 6919531
14474 6919533
14475 6919537
14476 6922162
14477 6922164
14478 6924793
14479 6927424
14480 6927426
14481 6927428
14482 6927430
14483 6927436
14484 6930057
14485 6930059
14486 6930063
14487 6932690
14488 6932692
14489 6935323
14490 6937956
14491 6937958
14492 6937960
14493 6937962
14494 6937968
14495 6940591
14496 6940593
14497 6940597
14498 6943226
14499 6943228
14500 6945861
14501 6948496
14502 6948498
14503 6948500
14504 6948502
14505 6948508
14506 6951133
14507 6951135
14508 6951139
14509 6953770
14510 6953772
14511 6956407
14512 6959044
14513 6959046
14514 6959048
14515 6959050
14516 6959056
14517 6961683
14518 6961685
14519 6961689
14520 6964322
14521 6964324
14522 6966961
14523 6969600
14524 6969602
14525 6969604
14526 6969606
14527 6969612
14528 6972241
14529 6972243
14530 6972247
14531 6974882
14532 6974884
14533 6977523
14534 6980164
14535 6980166
14536 6980168
14537 6980170
14538 6980176
14539 6982807
14540 6982809
14541 6982813
14542 6985450
14543 6985452
14544 6988093
14545 6990736
14546 6990738
14547 6990740
14548 6990742
14549 6990748
14550 6993381
14551 6993383
14552 6993387
14553 6996026
14554 6996028
14555 6998671
14556 7001316
14557 7001318
14558 7001320
14559 7001322
14560 7001328
14561 7003963
14562 7003965
14563 7003969
14564 7006610
14565 7006612
14566 7009257
14567 7011904
14568 7011906
14569 7011908
14570 7011910
14571 7011916
14572 7014553
14573 7014555
14574 7014559
14575 7017202
14576 7017204
14577 7019851
14578 7022500
14579 7022502
14580 7022504
14581 7022506
14582 7022512
14583 7025151
14584 7025153
14585 7025157
14586 7027802
14587 7027804
14588 7030453
14589 7033104
14590 7033106
14591 7033108
14592 7033110
14593 7033116
14594 7035757
14595 7035759
14596 7035763
14597 7038410
14598 7038412
14599 7041063
14600 7043716
14601 7043718
14602 7043720
14603 7043722
14604 7043728
14605 7046371
14606 7046373
14607 7046377
14608 7049026
14609 7049028
14610 7051681
14611 7054336
14612 7054338
14613 7054340
14614 7054342
14615 7054348
14616 7056993
14617 7056995
14618 7056999
14619 7059650
14620 7059652
14621 7062307
14622 7064964
14623 7064966
14624 7064968
14625 7064970
14626 7064976
14627 7067623
14628 7067625
14629 7067629
14630 7070282
14631 7070284
14632 7072941
14633 7075600
14634 7075602
14635 7075604
14636 7075606
14637 7075612
14638 7078261
14639 7078263
14640 7078267
14641 7080922
14642 7080924
14643 7083583
14644 7086244
14645 7086246
14646 7086248
14647 7086250
14648 7086256
14649 7088907
14650 7088909
14651 7088913
14652 7091570
14653 7091572
14654 7094233
14655 7096896
14656 7096898
14657 7096900
14658 7096902
14659 7096908
14660 7099561
14661 7099563
14662 7099567
14663 7102226
14664 7102228
14665 7104891
14666 7107556
14667 7107558
14668 7107560
14669 7107562
14670 7107568
14671 7110223
14672 7110225
14673 7110229
14674 7112890
14675 7112892
14676 7115557
14677 7118224
14678 7118226
14679 7118228
14680 7118230
14681 7118236
14682 7120893
14683 7120895
14684 7120899
14685 7123562
14686 7123564
14687 7126231
14688 7128900
14689 7128902
14690 7128904
14691 7128906
14692 7128912
14693 7131571
14694 7131573
14695 7131577
14696 7134242
14697 7134244
14698 7136913
14699 7139584
14700 7139586
14701 7139588
14702 7139590
14703 7139596
14704 7142257
14705 7142259
14706 7142263
14707 7144930
14708 7144932
14709 7147603
14710 7150276
14711 7150278
14712 7150280
14713 7150282
14714 7150288
14715 7152951
14716 7152953
14717 7152957
14718 7155626
14719 7155628
14720 7158301
14721 7160976
14722 7160978
14723 7160980
14724 7160982
14725 7160988
14726 7163653
14727 7163655
14728 7163659
14729 7166330
14730 7166332
14731 7169007
14732 7171684
14733 7171686
14734 7171688
14735 7171690
14736 7171696
14737 7174363
14738 7174365
14739 7174369
14740 7177042
14741 7177044
14742 7179721
14743 7182400
14744 7182402
14745 7182404
14746 7182406
14747 7182412
14748 7185081
14749 7185083
14750 7185087
14751 7187762
14752 7187764
14753 7190443
14754 7193124
14755 7193126
14756 7193128
14757 7193130
14758 7193136
14759 7195807
14760 7195809
14761 7195813
14762 7198490
14763 7198492
14764 7201173
14765 7203856
14766 7203858
14767 7203860
14768 7203862
14769 7203868
14770 7206541
14771 7206543
14772 7206547
14773 7209226
14774 7209228
14775 7211911
14776 7214596
14777 7214598
14778 7214600
14779 7214602
14780 7214608
14781 7217283
14782 7217285
14783 7217289
14784 7219970
14785 7219972
14786 7222657
14787 7225344
14788 7225346
14789 7225348
14790 7225350
14791 7225356
14792 7228033
14793 7228035
14794 7228039
14795 7230722
14796 7230724
14797 7233411
14798 7236100
14799 7236102
14800 7236104
14801 7236106
14802 7236112
14803 7238791
14804 7238793
14805 7238797
14806 7241482
14807 7241484
14808 7244173
14809 7246864
14810 7246866
14811 7246868
14812 7246870
14813 7246876
14814 7249557
14815 7249559
14816 7249563
14817 7252250
14818 7252252
14819 7254943
14820 7257636
14821 7257638
14822 7257640
14823 7257642
14824 7257648
14825 7260331
14826 7260333
14827 7260337
14828 7263026
14829 7263028
14830 7265721
14831 7268416
14832 7268418
14833 7268420
14834 7268422
14835 7268428
14836 7271113
14837 7271115
14838 7271119
14839 7273810
14840 7273812
14841 7276507
14842 7279204
14843 7279206
14844 7279208
14845 7279210
14846 7279216
14847 7281903
14848 7281905
14849 7281909
14850 7284602
14851 7284604
14852 7287301
14853 7290000
14854 7290002
14855 7290004
14856 7290006
14857 7290012
14858 7292701
14859 7292703
14860 7292707
14861 7295402
14862 7295404
14863 7298103
14864 7300804
14865 7300806
14866 7300808
14867 7300810
14868 7300816
14869 7303507
14870 7303509
14871 7303513
14872 7306210
14873 7306212
14874 7308913
14875 7311616
14876 7311618
14877 7311620
14878 7311622
14879 7311628
14880 7314321
14881 7314323
14882 7314327
14883 7317026
14884 7317028
14885 7319731
14886 7322436
14887 7322438
14888 7322440
14889 7322442
14890 7322448
14891 7325143
14892 7325145
14893 7325149
14894 7327850
14895 7327852
14896 7330557
14897 7333264
14898 7333266
14899 7333268
14900 7333270
14901 7333276
14902 7335973
14903 7335975
14904 7335979
14905 7338682
14906 7338684
14907 7341391
14908 7344100
14909 7344102
14910 7344104
14911 7344106
14912 7344112
14913 7346811
14914 7346813
14915 7346817
14916 7349522
14917 7349524
14918 7352233
14919 7354944
14920 7354946
14921 7354948
14922 7354950
14923 7354956
14924 7357657
14925 7357659
14926 7357663
14927 7360370
14928 7360372
14929 7363083
14930 7365796
14931 7365798
14932 7365800
14933 7365802
14934 7365808
14935 7368511
14936 7368513
14937 7368517
14938 7371226
14939 7371228
14940 7373941
14941 7376656
14942 7376658
14943 7376660
14944 7376662
14945 7376668
14946 7379373
14947 7379375
14948 7379379
14949 7382090
14950 7382092
14951 7384807
14952 7387524
14953 7387526
14954 7387528
14955 7387530
14956 7387536
14957 7390243
14958 7390245
14959 7390249
14960 7392962
14961 7392964
14962 7395681
14963 7398400
14964 7398402
14965 7398404
14966 7398406
14967 7398412
14968 7401121
14969 7401123
14970 7401127
14971 7403842
14972 7403844
14973 7406563
14974 7409284
14975 7409286
14976 7409288
14977 7409290
14978 7409296
14979 7412007
14980 7412009
14981 7412013
14982 7414730
14983 7414732
14984 7417453
14985 7420176
14986 7420178
14987 7420180
14988 7420182
14989 7420188
14990 7422901
14991 7422903
14992 7422907
14993 7425626
14994 7425628
14995 7428351
14996 7431076
14997 7431078
14998 7431080
14999 7431082
15000 7431088
15001 7433803
15002 7433805
15003 7433809
15004 7436530
15005 7436532
15006 7439257
15007 7441984
15008 7441986
15009 7441988
15010 7441990
15011 7441996
15012 7444713
15013 7444715
15014 7444719
15015 7447442
15016 7447444
15017 7450171
15018 7452900
15019 7452902
15020 7452904
15021 7452906
15022 7452912
15023 7455631
15024 7455633
15025 7455637
15026 7458362
15027 7458364
15028 7461093
15029 7463824
15030 7463826
15031 7463828
15032 7463830
15033 7463836
15034 7466557
15035 7466559
15036 7466563
15037 7469290
15038 7469292
15039 7472023
15040 7474756
15041 7474758
15042 7474760
15043 7474762
15044 7474768
15045 7477491
15046 7477493
15047 7477497
15048 7480226
15049 7480228
15050 7482961
15051 7485696
15052 7485698
15053 7485700
15054 7485702
15055 7485708
15056 7488433
15057 7488435
15058 7488439
15059 7491170
15060 7491172
15061 7493907
15062 7496644
15063 7496646
15064 7496648
15065 7496650
15066 7496656
15067 7499383
15068 7499385
15069 7499389
15070 7502122
15071 7502124
15072 7504861
15073 7507600
15074 7507602
15075 7507604
15076 7507606
15077 7507612
15078 7510341
15079 7510343
15080 7510347
15081 7513082
15082 7513084
15083 7515823
15084 7518564
15085 7518566
15086 7518568
15087 7518570
15088 7518576
15089 7521307
15090 7521309
15091 7521313
15092 7524050
15093 7524052
15094 7526793
15095 7529536
15096 7529538
15097 7529540
15098 7529542
15099 7529548
15100 7532281
15101 7532283
15102 7532287
15103 7535026
15104 7535028
15105 7537771
15106 7540516
15107 7540518
15108 7540520
15109 7540522
15110 7540528
15111 7543263
15112 7543265
15113 7543269
15114 7546010
15115 7546012
15116 7548757
15117 7551504
15118 7551506
15119 7551508
15120 7551510
15121 7551516
15122 7554253
15123 7554255
15124 7554259
15125 7557002
15126 7557004
15127 7559751
15128 7562500
15129 7562502
15130 7562504
15131 7562506
15132 7562512
15133 7565251
15134 7565253
15135 7565257
15136 7568002
15137 7568004
15138 7570753
15139 7573504
15140 7573506
15141 7573508
15142 7573510
15143 7573516
15144 7576257
15145 7576259
15146 7576263
15147 7579010
15148 7579012
15149 7581763
15150 7584516
15151 7584518
15152 7584520
15153 7584522
15154 7584528
15155 7587271
15156 7587273
15157 7587277
15158 7590026
15159 7590028
15160 7592781
15161 7595536
15162 7595538
15163 7595540
15164 7595542
15165 7595548
15166 7598293
15167 7598295
15168 7598299
15169 7601050
15170 7601052
15171 7603807
15172 7606564
15173 7606566
15174 7606568
15175 7606570
15176 7606576
15177 7609323
15178 7609325
15179 7609329
15180 7612082
15181 7612084
15182 7614841
15183 7617600
15184 7617602
15185 7617604
15186 7617606
15187 7617612
15188 7620361
15189 7620363
15190 7620367
15191 7623122
15192 7623124
15193 7625883
15194 7628644
15195 7628646
15196 7628648
15197 7628650
15198 7628656
15199 7631407
15200 7631409
15201 7631413
15202 7634170
15203 7634172
15204 7636933
15205 7639696
15206 7639698
15207 7639700
15208 7639702
15209 7639708
15210 7642461
15211 7642463
15212 7642467
15213 7645226
15214 7645228
15215 7647991
15216 7650756
15217 7650758
15218 7650760
15219 7650762
15220 7650768
15221 7653523
15222 7653525
15223 7653529
15224 7656290
15225 7656292
15226 7659057
15227 7661824
15228 7661826
15229 7661828
15230 7661830
15231 7661836
15232 7664593
15233 7664595
15234 7664599
15235 7667362
15236 7667364
15237 7670131
15238 7672900
15239 7672902
15240 7672904
15241 7672906
15242 7672912
15243 7675671
15244 7675673
15245 7675677
15246 7678442
15247 7678444
15248 7681213
15249 7683984
15250 7683986
15251 7683988
15252 7683990
15253 7683996
15254 7686757
15255 7686759
15256 7686763
15257 7689530
15258 7689532
15259 7692303
15260 7695076
15261 7695078
15262 7695080
15263 7695082
15264 7695088
15265 7697851
15266 7697853
15267 7697857
15268 7700626
15269 7700628
15270 7703401
15271 7706176
15272 7706178
15273 7706180
15274 7706182
15275 7706188
15276 7708953
15277 7708955
15278 7708959
15279 7711730
15280 7711732
15281 7714507
15282 7717284
15283 7717286
15284 7717288
15285 7717290
15286 7717296
15287 7720063
15288 7720065
15289 7720069
15290 7722842
15291 7722844
15292 7725621
15293 7728400
15294 7728402
15295 7728404
15296 7728406
15297 7728412
15298 7731181
15299 7731183
15300 7731187
15301 7733962
15302 7733964
15303 7736743
15304 7739524
15305 7739526
15306 7739528
15307 7739530
15308 7739536
15309 7742307
15310 7742309
15311 7742313
15312 7745090
15313 7745092
15314 7747873
15315 7750656
15316 7750658
15317 7750660
15318 7750662
15319 7750668
15320 7753441
15321 7753443
15322 7753447
15323 7756226
15324 7756228
15325 7759011
15326 7761796
15327 7761798
15328 7761800
15329 7761802
15330 7761808
15331 7764583
15332 7764585
15333 7764589
15334 7767370
15335 7767372
15336 7770157
15337 7772944
15338 7772946
15339 7772948
15340 7772950
15341 7772956
15342 7775733
15343 7775735
15344 7775739
15345 7778522
15346 7778524
15347 7781311
15348 7784100
15349 7784102
15350 7784104
15351 7784106
15352 7784112
15353 7786891
15354 7786893
15355 7786897
15356 7789682
15357 7789684
15358 7792473
15359 7795264
15360 7795266
15361 7795268
15362 7795270
15363 7795276
15364 7798057
15365 7798059
15366 7798063
15367 7800850
15368 7800852
15369 7803643
15370 7806436
15371 7806438
15372 7806440
15373 7806442
15374 7806448
15375 7809231
15376 7809233
15377 7809237
15378 7812026
15379 7812028
15380 7814821
15381 7817616
15382 7817618
15383 7817620
15384 7817622
15385 7817628
15386 7820413
15387 7820415
15388 7820419
15389 7823210
15390 7823212
15391 7826007
15392 7828804
15393 7828806
15394 7828808
15395 7828810
15396 7828816
15397 7831603
15398 7831605
15399 7831609
15400 7834402
15401 7834404
15402 7837201
15403 7840000
15404 7840002
15405 7840004
15406 7840006
15407 7840012
15408 7842801
15409 7842803
15410 7842807
15411 7845602
15412 7845604
15413 7848403
15414 7851204
15415 7851206
15416 7851208
15417 7851210
15418 7851216
15419 7854007
15420 7854009
15421 7854013
15422 7856810
15423 7856812
15424 7859613
15425 7862416
15426 7862418
15427 7862420
15428 7862422
15429 7862428
15430 7865221
15431 7865223
15432 7865227
15433 7868026
15434 7868028
15435 7870831
15436 7873636
15437 7873638
15438 7873640
15439 7873642
15440 7873648
15441 7876443
15442 7876445
15443 7876449
15444 7879250
15445 7879252
15446 7882057
15447 7884864
15448 7884866
15449 7884868
15450 7884870
15451 7884876
15452 7887673
15453 7887675
15454 7887679
15455 7890482
15456 7890484
15457 7893291
15458 7896100
15459 7896102
15460 7896104
15461 7896106
15462 7896112
15463 7898911
15464 7898913
15465 7898917
15466 7901722
15467 7901724
15468 7904533
15469 7907344
15470 7907346
15471 7907348
15472 7907350
15473 7907356
15474 7910157
15475 7910159
15476 7910163
15477 7912970
15478 7912972
15479 7915783
15480 7918596
15481 7918598
15482 7918600
15483 7918602
15484 7918608
15485 7921411
15486 7921413
15487 7921417
15488 7924226
15489 7924228
15490 7927041
15491 7929856
15492 7929858
15493 7929860
15494 7929862
15495 7929868
15496 7932673
15497 7932675
15498 7932679
15499 7935490
15500 7935492
15501 7938307
15502 7941124
15503 7941126
15504 7941128
15505 7941130
15506 7941136
15507 7943943
15508 7943945
15509 7943949
15510 7946762
15511 7946764
15512 7949581
15513 7952400
15514 7952402
15515 7952404
15516 7952406
15517 7952412
15518 7955221
15519 7955223
15520 7955227
15521 7958042
15522 7958044
15523 7960863
15524 7963684
15525 7963686
15526 7963688
15527 7963690
15528 7963696
15529 7966507
15530 7966509
15531 7966513
15532 7969330
15533 7969332
15534 7972153
15535 7974976
15536 7974978
15537 7974980
15538 7974982
15539 7974988
15540 7977801
15541 7977803
15542 7977807
15543 7980626
15544 7980628
15545 7983451
15546 7986276
15547 7986278
15548 7986280
15549 7986282
15550 7986288
15551 7989103
15552 7989105
15553 7989109
15554 7991930
15555 7991932
15556 7994757
15557 7997584
15558 7997586
15559 7997588
15560 7997590
15561 7997596
15562 8000413
15563 8000415
15564 8000419
15565 8003242
15566 8003244
15567 8006071
15568 8008900
15569 8008902
15570 8008904
15571 8008906
15572 8008912
15573 8011731
15574 8011733
15575 8011737
15576 8014562
15577 8014564
15578 8017393
15579 8020224
15580 8020226
15581 8020228
15582 8020230
15583 8020236
15584 8023057
15585 8023059
15586 8023063
15587 8025890
15588 8025892
15589 8028723
15590 8031556
15591 8031558
15592 8031560
15593 8031562
15594 8031568
15595 8034391
15596 8034393
15597 8034397
15598 8037226
15599 8037228
15600 8040061
15601 8042896
15602 8042898
15603 8042900
15604 8042902
15605 8042908
15606 8045733
15607 8045735
15608 8045739
15609 8048570
15610 8048572
15611 8051407
15612 8054244
15613 8054246
15614 8054248
15615 8054250
15616 8054256
15617 8057083
15618 8057085
15619 8057089
15620 8059922
15621 8059924
15622 8062761
15623 8065600
15624 8065602
15625 8065604
15626 8065606
15627 8065612
15628 8068441
15629 8068443
15630 8068447
15631 8071282
15632 8071284
15633 8074123
15634 8076964
15635 8076966
15636 8076968
15637 8076970
15638 8076976
15639 8079807
15640 8079809
15641 8079813
15642 8082650
15643 8082652
15644 8085493
15645 8088336
15646 8088338
15647 8088340
15648 8088342
15649 8088348
15650 8091181
15651 8091183
15652 8091187
15653 8094026
15654 8094028
15655 8096871
15656 8099716
15657 8099718
15658 8099720
15659 8099722
15660 8099728
15661 8102563
15662 8102565
15663 8102569
15664 8105410
15665 8105412
15666 8108257
15667 8111104
15668 8111106
15669 8111108
15670 8111110
15671 8111116
15672 8113953
15673 8113955
15674 8113959
15675 8116802
15676 8116804
15677 8119651
15678 8122500
15679 8122502
15680 8122504
15681 8122506
15682 8122512
15683 8125351
15684 8125353
15685 8125357
15686 8128202
15687 8128204
15688 8131053
15689 8133904
15690 8133906
15691 8133908
15692 8133910
15693 8133916
15694 8136757
15695 8136759
15696 8136763
15697 8139610
15698 8139612
15699 8142463
15700 8145316
15701 8145318
15702 8145320
15703 8145322
15704 8145328
15705 8148171
15706 8148173
15707 8148177
15708 8151026
15709 8151028
15710 8153881
15711 8156736
15712 8156738
15713 8156740
15714 8156742
15715 8156748
15716 8159593
15717 8159595
15718 8159599
15719 8162450
15720 8162452
15721 8165307
15722 8168164
15723 8168166
15724 8168168
15725 8168170
15726 8168176
15727 8171023
15728 8171025
15729 8171029
15730 8173882
15731 8173884
15732 8176741
15733 8179600
15734 8179602
15735 8179604
15736 8179606
15737 8179612
15738 8182461
15739 8182463
15740 8182467
15741 8185322
15742 8185324
15743 8188183
15744 8191044
15745 8191046
15746 8191048
15747 8191050
15748 8191056
15749 8193907
15750 8193909
15751 8193913
15752 8196770
15753 8196772
15754 8199633
15755 8202496
15756 8202498
15757 8202500
15758 8202502
15759 8202508
15760 8205361
15761 8205363
15762 8205367
15763 8208226
15764 8208228
15765 8211091
15766 8213956
15767 8213958
15768 8213960
15769 8213962
15770 8213968
15771 8216823
15772 8216825
15773 8216829
15774 8219690
15775 8219692
15776 8222557
15777 8225424
15778 8225426
15779 8225428
15780 8225430
15781 8225436
15782 8228293
15783 8228295
15784 8228299
15785 8231162
15786 8231164
15787 8234031
15788 8236900
15789 8236902
15790 8236904
15791 8236906
15792 8236912
15793 8239771
15794 8239773
15795 8239777
15796 8242642
15797 8242644
15798 8245513
15799 8248384
15800 8248386
15801 8248388
15802 8248390
15803 8248396
15804 8251257
15805 8251259
15806 8251263
15807 8254130
15808 8254132
15809 8257003
15810 8259876
15811 8259878
15812 8259880
15813 8259882
15814 8259888
15815 8262751
15816 8262753
15817 8262757
15818 8265626
15819 8265628
15820 8268501
15821 8271376
15822 8271378
15823 8271380
15824 8271382
15825 8271388
15826 8274253
15827 8274255
15828 8274259
15829 8277130
15830 8277132
15831 8280007
15832 8282884
15833 8282886
15834 8282888
15835 8282890
15836 8282896
15837 8285763
15838 8285765
15839 8285769
15840 8288642
15841 8288644
15842 8291521
15843 8294400
15844 8294402
15845 8294404
15846 8294406
15847 8294412
15848 8297281
15849 8297283
15850 8297287
15851 8300162
15852 8300164
15853 8303043
15854 8305924
15855 8305926
15856 8305928
15857 8305930
15858 8305936
15859 8308807
15860 8308809
15861 8308813
15862 8311690
15863 8311692
15864 8314573
15865 8317456
15866 8317458
15867 8317460
15868 8317462
15869 8317468
15870 8320341
15871 8320343
15872 8320347
15873 8323226
15874 8323228
15875 8326111
15876 8328996
15877 8328998
15878 8329000
15879 8329002
15880 8329008
15881 8331883
15882 8331885
15883 8331889
15884 8334770
15885 8334772
15886 8337657
15887 8340544
15888 8340546
15889 8340548
15890 8340550
15891 8340556
15892 8343433
15893 8343435
15894 8343439
15895 8346322
15896 8346324
15897 8349211
15898 8352100
15899 8352102
15900 8352104
15901 8352106
15902 8352112
15903 8354991
15904 8354993
15905 8354997
15906 8357882
15907 8357884
15908 8360773
15909 8363664
15910 8363666
15911 8363668
15912 8363670
15913 8363676
15914 8366557
15915 8366559
15916 8366563
15917 8369450
15918 8369452
15919 8372343
15920 8375236
15921 8375238
15922 8375240
15923 8375242
15924 8375248
15925 8378131
15926 8378133
15927 8378137
15928 8381026
15929 8381028
15930 8383921
15931 8386816
15932 8386818
15933 8386820
15934 8386822
15935 8386828
15936 8389713
15937 8389715
15938 8389719
15939 8392610
15940 8392612
15941 8395507
15942 8398404
15943 8398406
15944 8398408
15945 8398410
15946 8398416
15947 8401303
15948 8401305
15949 8401309
15950 8404202
15951 8404204
15952 8407101
15953 8410000
15954 8410002
15955 8410004
15956 8410006
15957 8410012
15958 8412901
15959 8412903
15960 8412907
15961 8415802
15962 8415804
15963 8418703
15964 8421604
15965 8421606
15966 8421608
15967 8421610
15968 8421616
15969 8424507
15970 8424509
15971 8424513
15972 8427410
15973 8427412
15974 8430313
15975 8433216
15976 8433218
15977 8433220
15978 8433222
15979 8433228
15980 8436121
15981 8436123
15982 8436127
15983 8439026
15984 8439028
15985 8441931
15986 8444836
15987 8444838
15988 8444840
15989 8444842
15990 8444848
15991 8447743
15992 8447745
15993 8447749
15994 8450650
15995 8450652
15996 8453557
15997 8456464
15998 8456466
15999 8456468
16000 8456470
16001 8456476
16002 8459373
16003 8459375
16004 8459379
16005 8462282
16006 8462284
16007 8465191
16008 8468100
16009 8468102
16010 8468104
16011 8468106
16012 8468112
16013 8471011
16014 8471013
16015 8471017
16016 8473922
16017 8473924
16018 8476833
16019 8479744
16020 8479746
16021 8479748
16022 8479750
16023 8479756
16024 8482657
16025 8482659
16026 8482663
16027 8485570
16028 8485572
16029 8488483
16030 8491396
16031 8491398
16032 8491400
16033 8491402
16034 8491408
16035 8494311
16036 8494313
16037 8494317
16038 8497226
16039 8497228
16040 8500141
16041 8503056
16042 8503058
16043 8503060
16044 8503062
16045 8503068
16046 8505973
16047 8505975
16048 8505979
16049 8508890
16050 8508892
16051 8511807
16052 8514724
16053 8514726
16054 8514728
16055 8514730
16056 8514736
16057 8517643
16058 8517645
16059 8517649
16060 8520562
16061 8520564
16062 8523481
16063 8526400
16064 8526402
16065 8526404
16066 8526406
16067 8526412
16068 8529321
16069 8529323
16070 8529327
16071 8532242
16072 8532244
16073 8535163
16074 8538084
16075 8538086
16076 8538088
16077 8538090
16078 8538096
16079 8541007
16080 8541009
16081 8541013
16082 8543930
16083 8543932
16084 8546853
16085 8549776
16086 8549778
16087 8549780
16088 8549782
16089 8549788
16090 8552701
16091 8552703
16092 8552707
16093 8555626
16094 8555628
16095 8558551
16096 8561476
16097 8561478
16098 8561480
16099 8561482
16100 8561488
16101 8564403
16102 8564405
16103 8564409
16104 8567330
16105 8567332
16106 8570257
16107 8573184
16108 8573186
16109 8573188
16110 8573190
16111 8573196
16112 8576113
16113 8576115
16114 8576119
16115 8579042
16116 8579044
16117 8581971
16118 8584900
16119 8584902
16120 8584904
16121 8584906
16122 8584912
16123 8587831
16124 8587833
16125 8587837
16126 8590762
16127 8590764
16128 8593693
16129 8596624
16130 8596626
16131 8596628
16132 8596630
16133 8596636
16134 8599557
16135 8599559
16136 8599563
16137 8602490
16138 8602492
16139 8605423
16140 8608356
16141 8608358
16142 8608360
16143 8608362
16144 8608368
16145 8611291
16146 8611293
16147 8611297
16148 8614226
16149 8614228
16150 8617161
16151 8620096
16152 8620098
16153 8620100
16154 8620102
16155 8620108
16156 8623033
16157 8623035
16158 8623039
16159 8625970
16160 8625972
16161 8628907
16162 8631844
16163 8631846
16164 8631848
16165 8631850
16166 8631856
16167 8634783
16168 8634785
16169 8634789
16170 8637722
16171 8637724
16172 8640661
16173 8643600
16174 8643602
16175 8643604
16176 8643606
16177 8643612
16178 8646541
16179 8646543
16180 8646547
16181 8649482
16182 8649484
16183 8652423
16184 8655364
16185 8655366
16186 8655368
16187 8655370
16188 8655376
16189 8658307
16190 8658309
16191 8658313
16192 8661250
16193 8661252
16194 8664193
16195 8667136
16196 8667138
16197 8667140
16198 8667142
16199 8667148
16200 8670081
16201 8670083
16202 8670087
16203 8673026
16204 8673028
16205 8675971
16206 8678916
16207 8678918
16208 8678920
16209 8678922
16210 8678928
16211 8681863
16212 8681865
16213 8681869
16214 8684810
16215 8684812
16216 8687757
16217 8690704
16218 8690706
16219 8690708
16220 8690710
16221 8690716
16222 8693653
16223 8693655
16224 8693659
16225 8696602
16226 8696604
16227 8699551
16228 8702500
16229 8702502
16230 8702504
16231 8702506
16232 8702512
16233 8705451
16234 8705453
16235 8705457
16236 8708402
16237 8708404
16238 8711353
16239 8714304
16240 8714306
16241 8714308
16242 8714310
16243 8714316
16244 8717257
16245 8717259
16246 8717263
16247 8720210
16248 8720212
16249 8723163
16250 8726116
16251 8726118
16252 8726120
16253 8726122
16254 8726128
16255 8729071
16256 8729073
16257 8729077
16258 8732026
16259 8732028
16260 8734981
16261 8737936
16262 8737938
16263 8737940
16264 8737942
16265 8737948
16266 8740893
16267 8740895
16268 8740899
16269 8743850
16270 8743852
16271 8746807
16272 8749764
16273 8749766
16274 8749768
16275 8749770
16276 8749776
16277 8752723
16278 8752725
16279 8752729
16280 8755682
16281 8755684
16282 8758641
16283 8761600
16284 8761602
16285 8761604
16286 8761606
16287 8761612
16288 8764561
16289 8764563
16290 8764567
16291 8767522
16292 8767524
16293 8770483
16294 8773444
16295 8773446
16296 8773448
16297 8773450
16298 8773456
16299 8776407
16300 8776409
16301 8776413
16302 8779370
16303 8779372
16304 8782333
16305 8785296
16306 8785298
16307 8785300
16308 8785302
16309 8785308
16310 8788261
16311 8788263
16312 8788267
16313 8791226
16314 8791228
16315 8794191
16316 8797156
16317 8797158
16318 8797160
16319 8797162
16320 8797168
16321 8800123
16322 8800125
16323 8800129
16324 8803090
16325 8803092
16326 8806057
16327 8809024
16328 8809026
16329 8809028
16330 8809030
16331 8809036
16332 8811993
16333 8811995
16334 8811999
16335 8814962
16336 8814964
16337 8817931
16338 8820900
16339 8820902
16340 8820904
16341 8820906
16342 8820912
16343 8823871
16344 8823873
16345 8823877
16346 8826842
16347 8826844
16348 8829813
16349 8832784
16350 8832786
16351 8832788
16352 8832790
16353 8832796
16354 8835757
16355 8835759
16356 8835763
16357 8838730
16358 8838732
16359 8841703
16360 8844676
16361 8844678
16362 8844680
16363 8844682
16364 8844688
16365 8847651
16366 8847653
16367 8847657
16368 8850626
16369 8850628
16370 8853601
16371 8856576
16372 8856578
16373 8856580
16374 8856582
16375 8856588
16376 8859553
16377 8859555
16378 8859559
16379 8862530
16380 8862532
16381 8865507
16382 8868484
16383 8868486
16384 8868488
16385 8868490
16386 8868496
16387 8871463
16388 8871465
16389 8871469
16390 8874442
16391 8874444
16392 8877421
16393 8880400
16394 8880402
16395 8880404
16396 8880406
16397 8880412
16398 8883381
16399 8883383
16400 8883387
16401 8886362
16402 8886364
16403 8889343
16404 8892324
16405 8892326
16406 8892328
16407 8892330
16408 8892336
16409 8895307
16410 8895309
16411 8895313
16412 8898290
16413 8898292
16414 8901273
16415 8904256
16416 8904258
16417 8904260
16418 8904262
16419 8904268
16420 8907241
16421 8907243
16422 8907247
16423 8910226
16424 8910228
16425 8913211
16426 8916196
16427 8916198
16428 8916200
16429 8916202
16430 8916208
16431 8919183
16432 8919185
16433 8919189
16434 8922170
16435 8922172
16436 8925157
16437 8928144
16438 8928146
16439 8928148
16440 8928150
16441 8928156
16442 8931133
16443 8931135
16444 8931139
16445 8934122
16446 8934124
16447 8937111
16448 8940100
16449 8940102
16450 8940104
16451 8940106
16452 8940112
16453 8943091
16454 8943093
16455 8943097
16456 8946082
16457 8946084
16458 8949073
16459 8952064
16460 8952066
16461 8952068
16462 8952070
16463 8952076
16464 8955057
16465 8955059
16466 8955063
16467 8958050
16468 8958052
16469 8961043
16470 8964036
16471 8964038
16472 8964040
16473 8964042
16474 8964048
16475 8967031
16476 8967033
16477 8967037
16478 8970026
16479 8970028
16480 8973021
16481 8976016
16482 8976018
16483 8976020
16484 8976022
16485 8976028
16486 8979013
16487 8979015
16488 8979019
16489 8982010
16490 8982012
16491 8985007
16492 8988004
16493 8988006
16494 8988008
16495 8988010
16496 8988016
16497 8991003
16498 8991005
16499 8991009
16500 8994002
16501 8994004
16502 8997001
16503 9000000
16504 9000002
16505 9000004
16506 9000006
16507 9000012
16508 9003001
16509 9003003
16510 9003007
16511 9006002
16512 9006004
16513 9009003
16514 9012004
16515 9012006
16516 9012008
16517 9012010
16518 9012016
16519 9015007
16520 9015009
16521 9015013
16522 9018010
16523 9018012
16524 9021013
16525 9024016
16526 9024018
16527 9024020
16528 9024022
16529 9024028
16530 9027021
16531 9027023
16532 9027027
16533 9030026
16534 9030028
16535 9033031
16536 9036036
16537 9036038
16538 9036040
16539 9036042
16540 9036048
16541 9039043
16542 9039045
16543 9039049
16544 9042050
16545 9042052
16546 9045057
16547 9048064
16548 9048066
16549 9048068
16550 9048070
16551 9048076
16552 9051073
16553 9051075
16554 9051079
16555 9054082
16556 9054084
16557 9057091
16558 9060100
16559 9060102
16560 9060104
16561 9060106
16562 9060112
16563 9063111
16564 9063113
16565 9063117
16566 9066122
16567 9066124
16568 9069133
16569 9072144
16570 9072146
16571 9072148
16572 9072150
16573 9072156
16574 9075157
16575 9075159
16576 9075163
16577 9078170
16578 9078172
16579 9081183
16580 9084196
16581 9084198
16582 9084200
16583 9084202
16584 9084208
16585 9087211
16586 9087213
16587 9087217
16588 9090226
16589 9090228
16590 9093241
16591 9096256
16592 9096258
16593 9096260
16594 9096262
16595 9096268
16596 9099273
16597 9099275
16598 9099279
16599 9102290
16600 9102292
16601 9105307
16602 9108324
16603 9108326
16604 9108328
16605 9108330
16606 9108336
16607 9111343
16608 9111345
16609 9111349
16610 9114362
16611 9114364
16612 9117381
16613 9120400
16614 9120402
16615 9120404
16616 9120406
16617 9120412
16618 9123421
16619 9123423
16620 9123427
16621 9126442
16622 9126444
16623 9129463
16624 9132484
16625 9132486
16626 9132488
16627 9132490
16628 9132496
16629 9135507
16630 9135509
16631 9135513
16632 9138530
16633 9138532
16634 9141553
16635 9144576
16636 9144578
16637 9144580
16638 9144582
16639 9144588
16640 9147601
16641 9147603
16642 9147607
16643 9150626
16644 9150628
16645 9153651
16646 9156676
16647 9156678
16648 9156680
16649 9156682
16650 9156688
16651 9159703
16652 9159705
16653 9159709
16654 9162730
16655 9162732
16656 9165757
16657 9168784
16658 9168786
16659 9168788
16660 9168790
16661 9168796
16662 9171813
16663 9171815
16664 9171819
16665 9174842
16666 9174844
16667 9177871
16668 9180900
16669 9180902
16670 9180904
16671 9180906
16672 9180912
16673 9183931
16674 9183933
16675 9183937
16676 9186962
16677 9186964
16678 9189993
16679 9193024
16680 9193026
16681 9193028
16682 9193030
16683 9193036
16684 9196057
16685 9196059
16686 9196063
16687 9199090
16688 9199092
16689 9202123
16690 9205156
16691 9205158
16692 9205160
16693 9205162
16694 9205168
16695 9208191
16696 9208193
16697 9208197
16698 9211226
16699 9211228
16700 9214261
16701 9217296
16702 9217298
16703 9217300
16704 9217302
16705 9217308
16706 9220333
16707 9220335
16708 9220339
16709 9223370
16710 9223372
16711 9226407
16712 9229444
16713 9229446
16714 9229448
16715 9229450
16716 9229456
16717 9232483
16718 9232485
16719 9232489
16720 9235522
16721 9235524
16722 9238561
16723 9241600
16724 9241602
16725 9241604
16726 9241606
16727 9241612
16728 9244641
16729 9244643
16730 9244647
16731 9247682
16732 9247684
16733 9250723
16734 9253764
16735 9253766
16736 9253768
16737 9253770
16738 9253776
16739 9256807
16740 9256809
16741 9256813
16742 9259850
16743 9259852
16744 9262893
16745 9265936
16746 9265938
16747 9265940
16748 9265942
16749 9265948
16750 9268981
16751 9268983
16752 9268987
16753 9272026
16754 9272028
16755 9275071
16756 9278116
16757 9278118
16758 9278120
16759 9278122
16760 9278128
16761 9281163
16762 9281165
16763 9281169
16764 9284210
16765 9284212
16766 9287257
16767 9290304
16768 9290306
16769 9290308
16770 9290310
16771 9290316
16772 9293353
16773 9293355
16774 9293359
16775 9296402
16776 9296404
16777 9299451
16778 9302500
16779 9302502
16780 9302504
16781 9302506
16782 9302512
16783 9305551
16784 9305553
16785 9305557
16786 9308602
16787 9308604
16788 9311653
16789 9314704
16790 9314706
16791 9314708
16792 9314710
16793 9314716
16794 9317757
16795 9317759
16796 9317763
16797 9320810
16798 9320812
16799 9323863
16800 9326916
16801 9326918
16802 9326920
16803 9326922
16804 9326928
16805 9329971
16806 9329973
16807 9329977
16808 9333026
16809 9333028
16810 9336081
16811 9339136
16812 9339138
16813 9339140
16814 9339142
16815 9339148
16816 9342193
16817 9342195
16818 9342199
16819 9345250
16820 9345252
16821 9348307
16822 9351364
16823 9351366
16824 9351368
16825 9351370
16826 9351376
16827 9354423
16828 9354425
16829 9354429
16830 9357482
16831 9357484
16832 9360541
16833 9363600
16834 9363602
16835 9363604
16836 9363606
16837 9363612
16838 9366661
16839 9366663
16840 9366667
16841 9369722
16842 9369724
16843 9372783
16844 9375844
16845 9375846
16846 9375848
16847 9375850
16848 9375856
16849 9378907
16850 9378909
16851 9378913
16852 9381970
16853 9381972
16854 9385033
16855 9388096
16856 9388098
16857 9388100
16858 9388102
16859 9388108
16860 9391161
16861 9391163
16862 9391167
16863 9394226
16864 9394228
16865 9397291
16866 9400356
16867 9400358
16868 9400360
16869 9400362
16870 9400368
16871 9403423
16872 9403425
16873 9403429
16874 9406490
16875 9406492
16876 9409557
16877 9412624
16878 9412626
16879 9412628
16880 9412630
16881 9412636
16882 9415693
16883 9415695
16884 9415699
16885 9418762
16886 9418764
16887 9421831
16888 9424900
16889 9424902
16890 9424904
16891 9424906
16892 9424912
16893 9427971
16894 9427973
16895 9427977
16896 9431042
16897 9431044
16898 9434113
16899 9437184
16900 9437186
16901 9437188
16902 9437190
16903 9437196
16904 9440257
16905 9440259
16906 9440263
16907 9443330
16908 9443332
16909 9446403
16910 9449476
16911 9449478
16912 9449480
16913 9449482
16914 9449488
16915 9452551
16916 9452553
16917 9452557
16918 9455626
16919 9455628
16920 9458701
16921 9461776
16922 9461778
16923 9461780
16924 9461782
16925 9461788
16926 9464853
16927 9464855
16928 9464859
16929 9467930
16930 9467932
16931 9471007
16932 9474084
16933 9474086
16934 9474088
16935 9474090
16936 9474096
16937 9477163
16938 9477165
16939 9477169
16940 9480242
16941 9480244
16942 9483321
16943 9486400
16944 9486402
16945 9486404
16946 9486406
16947 9486412
16948 9489481
16949 9489483
16950 9489487
16951 9492562
16952 9492564
16953 9495643
16954 9498724
16955 9498726
16956 9498728
16957 9498730
16958 9498736
16959 9501807
16960 9501809
16961 9501813
16962 9504890
16963 9504892
16964 9507973
16965 9511056
16966 9511058
16967 9511060
16968 9511062
16969 9511068
16970 9514141
16971 9514143
16972 9514147
16973 9517226
16974 9517228
16975 9520311
16976 9523396
16977 9523398
16978 9523400
16979 9523402
16980 9523408
16981 9526483
16982 9526485
16983 9526489
16984 9529570
16985 9529572
16986 9532657
16987 9535744
16988 9535746
16989 9535748
16990 9535750
16991 9535756
16992 9538833
16993 9538835
16994 9538839
16995 9541922
16996 9541924
16997 9545011
16998 9548100
16999 9548102
17000 9548104
17001 9548106
17002 9548112
17003 9551191
17004 9551193
17005 9551197
17006 9554282
17007 9554284
17008 9557373
17009 9560464
17010 9560466
17011 9560468
17012 9560470
17013 9560476
17014 9563557
17015 9563559
17016 9563563
17017 9566650
17018 9566652
17019 9569743
17020 9572836
17021 9572838
17022 9572840
17023 9572842
17024 9572848
17025 9575931
17026 9575933
17027 9575937
17028 9579026
17029 9579028
17030 9582121
17031 9585216
17032 9585218
17033 9585220
17034 9585222
17035 9585228
17036 9588313
17037 9588315
17038 9588319
17039 9591410
17040 9591412
17041 9594507
17042 9597604
17043 9597606
17044 9597608
17045 9597610
17046 9597616
17047 9600703
17048 9600705
17049 9600709
17050 9603802
17051 9603804
17052 9606901
17053 9610000
17054 9610002
17055 9610004
17056 9610006
17057 9610012
17058 9613101
17059 9613103
17060 9613107
17061 9616202
17062 9616204
17063 9619303
17064 9622404
17065 9622406
17066 9622408
17067 9622410
17068 9622416
17069 9625507
17070 9625509
17071 9625513
17072 9628610
17073 9628612
17074 9631713
17075 9634816
17076 9634818
17077 9634820
17078 9634822
17079 9634828
17080 9637921
17081 9637923
17082 9637927
17083 9641026
17084 9641028
17085 9644131
17086 9647236
17087 9647238
17088 9647240
17089 9647242
17090 9647248
17091 9650343
17092 9650345
17093 9650349
17094 9653450
17095 9653452
17096 9656557
17097 9659664
17098 9659666
17099 9659668
17100 9659670
17101 9659676
17102 9662773
17103 9662775
17104 9662779
17105 9665882
17106 9665884
17107 9668991
17108 9672100
17109 9672102
17110 9672104
17111 9672106
17112 9672112
17113 9675211
17114 9675213
17115 9675217
17116 9678322
17117 9678324
17118 9681433
17119 9684544
17120 9684546
17121 9684548
17122 9684550
17123 9684556
17124 9687657
17125 9687659
17126 9687663
17127 9690770
17128 9690772
17129 9693883
17130 9696996
17131 9696998
17132 9697000
17133 9697002
17134 9697008
17135 9700111
17136 9700113
17137 9700117
17138 9703226
17139 9703228
17140 9706341
17141 9709456
17142 9709458
17143 9709460
17144 9709462
17145 9709468
17146 9712573
17147 9712575
17148 9712579
17149 9715690
17150 9715692
17151 9718807
17152 9721924
17153 9721926
17154 9721928
17155 9721930
17156 9721936
17157 9725043
17158 9725045
17159 9725049
17160 9728162
17161 9728164
17162 9731281
17163 9734400
17164 9734402
17165 9734404
17166 9734406
17167 9734412
17168 9737521
17169 9737523
17170 9737527
17171 9740642
17172 9740644
17173 9743763
17174 9746884
17175 9746886
17176 9746888
17177 9746890
17178 9746896
17179 9750007
17180 9750009
17181 9750013
17182 9753130
17183 9753132
17184 9756253
17185 9759376
17186 9759378
17187 9759380
17188 9759382
17189 9759388
17190 9762501
17191 9762503
17192 9762507
17193 9765626
17194 9765628
17195 9768751
17196 9771876
17197 9771878
17198 9771880
17199 9771882
17200 9771888
17201 9775003
17202 9775005
17203 9775009
17204 9778130
17205 9778132
17206 9781257
17207 9784384
17208 9784386
17209 9784388
17210 9784390
17211 9784396
17212 9787513
17213 9787515
17214 9787519
17215 9790642
17216 9790644
17217 9793771
17218 9796900
17219 9796902
17220 9796904
17221 9796906
17222 9796912
17223 9800031
17224 9800033
17225 9800037
17226 9803162
17227 9803164
17228 9806293
17229 9809424
17230 9809426
17231 9809428
17232 9809430
17233 9809436
17234 9812557
17235 9812559
17236 9812563
17237 9815690
17238 9815692
17239 9818823
17240 9821956
17241 9821958
17242 9821960
17243 9821962
17244 9821968
17245 9825091
17246 9825093
17247 9825097
17248 9828226
17249 9828228
17250 9831361
17251 9834496
17252 9834498
17253 9834500
17254 9834502
17255 9834508
17256 9837633
17257 9837635
17258 9837639
17259 9840770
17260 9840772
17261 9843907
17262 9847044
17263 9847046
17264 9847048
17265 9847050
17266 9847056
17267 9850183
17268 9850185
17269 9850189
17270 9853322
17271 9853324
17272 9856461
17273 9859600
17274 9859602
17275 9859604
17276 9859606
17277 9859612
17278 9862741
17279 9862743
17280 9862747
17281 9865882
17282 9865884
17283 9869023
17284 9872164
17285 9872166
17286 9872168
17287 9872170
17288 9872176
17289 9875307
17290 9875309
17291 9875313
17292 9878450
17293 9878452
17294 9881593
17295 9884736
17296 9884738
17297 9884740
17298 9884742
17299 9884748
17300 9887881
17301 9887883
17302 9887887
17303 9891026
17304 9891028
17305 9894171
17306 9897316
17307 9897318
17308 9897320
17309 9897322
17310 9897328
17311 9900463
17312 9900465
17313 9900469
17314 9903610
17315 9903612
17316 9906757
17317 9909904
17318 9909906
17319 9909908
17320 9909910
17321 9909916
17322 9913053
17323 9913055
17324 9913059
17325 9916202
17326 9916204
17327 9919351
17328 9922500
17329 9922502
17330 9922504
17331 9922506
17332 9922512
17333 9925651
17334 9925653
17335 9925657
17336 9928802
17337 9928804
17338 9931953
17339 9935104
17340 9935106
17341 9935108
17342 9935110
17343 9935116
17344 9938257
17345 9938259
17346 9938263
17347 9941410
17348 9941412
17349 9944563
17350 9947716
17351 9947718
17352 9947720
17353 9947722
17354 9947728
17355 9950871
17356 9950873
17357 9950877
17358 9954026
17359 9954028
17360 9957181
17361 9960336
17362 9960338
17363 9960340
17364 9960342
17365 9960348
17366 9963493
17367 9963495
17368 9963499
17369 9966650
17370 9966652
17371 9969807
17372 9972964
17373 9972966
17374 9972968
17375 9972970
17376 9972976
17377 9976123
17378 9976125
17379 9976129
17380 9979282
17381 9979284
17382 9982441
17383 9985600
17384 9985602
17385 9985604
17386 9985606
17387 9985612
17388 9988761
17389 9988763
17390 9988767
17391 9991922
17392 9991924
17393 9995083
17394 9998244
17395 9998246
17396 9998248
17397 9998250
17398 9998256
