1 16
2 21
3 26
4 31
5 36
6 47
7 63
8 68
9 79
10 84
11 100
12 103
13 116
14 127
15 132
16 148
17 151
18 156
19 172
20 196
21 340
22 388
23 412
24 460
25 484
26 508
27 516
28 556
29 580
30 628
31 676
32 751
33 876
34 892
35 916
36 988
37 1012
38 1036
39 1060
40 1108
41 1132
42 1156
43 1180
44 1204
45 1252
46 1300
47 1372
48 1444
49 1588
50 1756
51 1780
52 1876
53 1948
54 2116
55 2572
56 2692
57 2884
58 2980
59 3004
60 3052
61 3124
62 3172
63 3244
64 3292
65 3364
66 3412
67 3604
68 3724
69 3844
70 4156
71 4420
72 4468
73 4540
74 4948
75 5068
76 5260
77 5476
78 5572
79 5692
80 5740
81 5860
82 5884
83 5908
84 6004
85 6052
86 6100
87 6172
88 6220
89 6340
90 6388
91 6412
92 6508
93 6556
94 6580
95 6724
96 6748
97 6868
98 6916
99 7060
100 7108
101 7156
102 7228
103 7396
104 7468
105 7636
106 7996
107 8116
108 8308
109 8476
110 8836
111 9196
112 9316
113 9676
114 9796
115 10108
116 10276
117 10636
118 11188
119 11236
120 11404
121 11620
122 11812
123 12220
124 12292
125 12460
126 12532
127 12604
128 12652
129 12892
130 13060
131 13132
132 13252
133 13372
134 13492
135 13732
136 13924
137 13972
138 14404
139 14644
140 14884
141 15268
142 15316
143 15508
144 15940
145 16060
146 16108
147 16180
148 16276
149 16804
150 16828
151 16948
152 17188
153 17380
154 17500
155 17524
156 17932
157 17956
158 18052
159 18196
160 18220
161 18292
162 18340
163 18580
164 18604
165 18628
166 18844
167 18892
168 19060
169 19132
170 19180
171 19252
172 19420
173 19468
174 19612
175 19708
176 19900
177 20044
178 20164
179 20188
180 20332
181 20404
182 20476
183 20740
184 21004
185 21028
186 21292
187 21316
188 21532
189 22180
190 22444
191 22564
192 22756
193 22852
194 23092
195 23212
196 23764
197 23860
198 24052
199 24412
200 24436
201 24508
202 24964
203 25060
204 25156
205 25348
206 25708
207 25996
208 26260
209 26452
210 26500
211 26908
212 27220
213 27484
214 27556
215 27772
216 28060
217 28252
218 28324
219 28804
220 28972
221 29092
222 29740
223 30004
224 30580
225 30652
226 31228
227 31684
228 32716
229 33628
230 34468
231 34660
232 34708
233 35116
234 35260
235 35908
236 36028
237 36052
238 36148
239 36340
240 36460
241 36700
242 36844
243 36940
244 37108
245 37156
246 37492
247 37516
248 37636
249 37732
250 37900
251 38140
252 38308
253 38524
254 38548
255 38716
256 38788
257 38932
258 39148
259 39220
260 39340
261 39388
262 39556
263 39580
264 39748
265 39988
266 40012
267 40180
268 40252
269 40396
270 40420
271 40588
272 40660
273 40804
274 40828
275 41020
276 41092
277 41236
278 41428
279 41620
280 41668
281 41716
282 41860
283 41884
284 41980
285 42028
286 42268
287 42292
288 42436
289 42508
290 42700
291 42748
292 42772
293 42916
294 42940
295 43132
296 43348
297 43420
298 43564
299 43636
300 43756
301 44020
302 44116
303 44140
304 44164
305 44188
306 44260
307 44308
308 44452
309 44548
310 44572
311 44620
312 44908
313 44956
314 44980
315 45052
316 45148
317 45196
318 45340
319 45388
320 45412
321 45796
322 45820
323 45844
324 45940
325 46252
326 46396
327 46660
328 46708
329 46732
330 46756
331 46828
332 47092
333 47524
334 47596
335 47620
336 47716
337 48028
338 48508
339 48916
340 49300
341 49756
342 50188
343 51076
344 56476
345 57940
346 58972
347 58996
348 59836
349 60268
350 60868
351 60892
352 61156
353 61300
354 61900
355 62188
356 62332
357 62932
358 63220
359 63364
360 63796
361 64252
362 64492
363 64516
364 64828
365 65524
366 66004
367 66580
368 67060
369 67468
370 67612
371 67756
372 68020
373 68572
374 68644
375 69076
376 69628
377 69796
378 70180
379 70732
380 70828
381 71380
382 72172
383 72436
384 72964
385 72988
386 73468
387 73540
388 74020
389 74092
390 74572
391 75076
392 75124
393 76180
394 76732
395 77212
396 77284
397 77692
398 79852
399 79924
400 79972
401 80572
402 81172
403 81484
404 81532
405 82084
406 82732
407 83044
408 83092
409 83332
410 83764
411 83932
412 84364
413 84532
414 84964
415 85180
416 85228
417 85372
418 85564
419 85780
420 85924
421 85972
422 86524
423 86572
424 86812
425 86836
426 87124
427 87172
428 87724
429 88372
430 88660
431 88804
432 88972
433 89260
434 90004
435 90268
436 90604
437 90868
438 91108
439 91204
440 91420
441 92476
442 92716
443 92788
444 93268
445 93700
446 94300
447 96148
448 96556
449 96580
450 96748
451 97108
452 97876
453 97900
454 98476
455 98596
456 99028
457 99196
458 99748
459 99796
460 99988
461 100348
462 101116
463 101308
464 101380
465 101668
466 101908
467 102508
468 102556
469 102988
470 103228
471 103828
472 104356
473 104548
474 105076
475 105148
476 105868
477 106276
478 106468
479 106516
480 106588
481 106996
482 107308
483 108316
484 108556
485 108916
486 109108
487 109156
488 109228
489 109948
490 110236
491 110548
492 110860
493 111556
494 111988
495 112060
496 112180
497 112396
498 112588
499 112780
500 112996
501 113452
502 113500
503 114316
504 114436
505 114772
506 115300
507 115420
508 116212
509 116356
510 116812
511 116932
512 117220
513 117268
514 117532
515 117604
516 117676
517 118252
518 118324
519 118540
520 118660
521 118924
522 119188
523 119260
524 119380
525 119644
526 119716
527 120100
528 120364
529 120580
530 120772
531 121084
532 121300
533 121492
534 122212
535 122620
536 122692
537 122932
538 123340
539 123412
540 124012
541 124132
542 124732
543 124852
544 125380
545 125452
546 126052
547 126172
548 126772
549 127492
550 127852
551 128164
552 128212
553 129604
554 130324
555 131044
556 131572
557 132292
558 132316
559 133060
560 133660
561 133780
562 133948
563 134356
564 134380
565 134428
566 134548
567 136012
568 136420
569 136468
570 136780
571 137188
572 137332
573 137548
574 138100
575 138316
576 138484
577 138532
578 138748
579 138868
580 139108
581 139372
582 139636
583 139852
584 140140
585 140428
586 140908
587 141172
588 141196
589 141220
590 141436
591 141484
592 141676
593 141988
594 142204
595 142252
596 142468
597 142756
598 142780
599 142972
600 142996
601 143020
602 143140
603 143236
604 143260
605 143284
606 143548
607 143572
608 143740
609 143788
610 144028
611 144316
612 144340
613 144508
614 144580
615 144796
616 144820
617 145108
618 145324
619 145348
620 145588
621 145612
622 145900
623 145924
624 146068
625 146092
626 146140
627 146356
628 146380
629 146860
630 146908
631 147148
632 147460
633 147628
634 147652
635 147700
636 147724
637 147940
638 148228
639 148420
640 148468
641 148492
642 148732
643 148996
644 149188
645 149212
646 149260
647 149980
648 150052
649 150772
650 150844
651 151564
652 152116
653 152140
654 152164
655 152908
656 152932
657 153676
658 153700
659 154468
660 154492
661 155236
662 155260
663 155284
664 156052
665 156820
666 157612
667 158332
668 158404
669 159892
670 160684
671 162004
672 164332
673 165124
674 165604
675 166324
676 170044
677 170812
678 172372
679 173164
680 175540
681 178084
682 180460
683 182260
684 183628
685 185380
686 185668
687 186436
688 187180
689 187300
690 187468
691 187996
692 188212
693 188236
694 188788
695 189172
696 189796
697 190036
698 190084
699 190588
700 190948
701 191596
702 191836
703 192100
704 192388
705 192508
706 192700
707 193300
708 193396
709 193420
710 193660
711 193708
712 194188
713 194212
714 194308
715 194356
716 195100
717 195148
718 195220
719 195268
720 195508
721 196012
722 196060
723 196132
724 196924
725 197068
726 197308
727 197356
728 197860
729 197908
730 197980
731 198220
732 198772
733 198916
734 199108
735 199132
736 199708
737 200020
738 200620
739 200692
740 200932
741 200980
742 201148
743 201844
744 202468
745 202516
746 202780
747 202828
748 203692
749 204316
750 204628
751 204940
752 205228
753 205540
754 205612
755 206116
756 206140
757 206740
758 207004
759 207052
760 207388
761 207940
762 207988
763 208036
764 208372
765 208492
766 208612
767 208852
768 209332
769 209572
770 209764
771 209836
772 210292
773 210748
774 211180
775 211204
776 212164
777 212596
778 213052
779 213460
780 213700
781 214012
782 214396
783 214972
784 215308
785 215500
786 215884
787 216388
788 216460
789 216844
790 217156
791 217804
792 218260
793 218764
794 219124
795 219172
796 219220
797 220972
798 221020
799 221092
800 221932
801 221980
802 222052
803 222724
804 222892
805 223012
806 223612
807 223684
808 223804
809 223852
810 223972
811 224740
812 224764
813 224812
814 225484
815 225652
816 225724
817 225772
818 226612
819 226684
820 227572
821 227932
822 228484
823 228532
824 230404
825 230692
826 230908
827 231364
828 232324
829 232732
830 232852
831 233812
832 236524
833 236956
834 238732
835 240532
836 241444
837 242164
838 242620
839 242668
840 243292
841 244828
842 246124
843 246628
844 247084
845 247540
846 247876
847 248260
848 248860
849 248932
850 249388
851 249676
852 250588
853 250660
854 252004
855 252220
856 252436
857 252508
858 252868
859 253180
860 253780
861 255268
862 255916
863 256228
864 256828
865 258412
866 258676
867 259036
868 259948
869 261148
870 261508
871 261796
872 262468
873 263092
874 264196
875 264628
876 264700
877 265060
878 265588
879 265780
880 266068
881 266140
882 266884
883 267148
884 267220
885 268180
886 268852
887 268900
888 269260
889 269860
890 270052
891 270340
892 270508
893 270748
894 271012
895 271036
896 271132
897 271372
898 271972
899 272092
900 272452
901 272884
902 273052
903 273172
904 273556
905 274132
906 274204
907 275164
908 275284
909 275932
910 276244
911 276340
912 276364
913 276628
914 276676
915 276892
916 276916
917 277324
918 277348
919 277420
920 277444
921 278404
922 278572
923 279052
924 279532
925 279580
926 279652
927 279748
928 280084
929 281020
930 281164
931 281716
932 282100
933 282244
934 282508
935 282628
936 282844
937 282940
938 283132
939 283180
940 283324
941 283852
942 283900
943 283924
944 283948
945 284020
946 284212
947 284980
948 285220
949 285292
950 285388
951 285532
952 285556
953 285628
954 285652
955 286132
956 286180
957 286252
958 286372
959 287212
960 287260
961 287332
962 287764
963 288220
964 288268
965 288340
966 288364
967 288412
968 288676
969 288820
970 289444
971 289492
972 289900
973 290068
974 290452
975 290500
976 291580
977 291604
978 291868
979 291892
980 292132
981 292180
982 292300
983 292684
984 292948
985 293188
986 293764
987 294004
988 294100
989 294364
990 294988
991 295396
992 295420
993 295492
994 295540
995 296068
996 296092
997 296236
998 296308
999 296620
1000 297460
1001 297652
1002 298180
1003 298300
1004 298348
1005 298468
1006 298516
1007 298540
1008 298588
1009 298780
1010 299260
1011 299356
1012 299884
1013 299908
1014 300700
1015 301012
1016 301588
1017 301660
1018 301708
1019 301828
1020 302140
1021 302308
1022 302548
1023 302788
1024 302932
1025 302956
1026 303268
1027 303628
1028 303820
1029 304060
1030 304780
1031 304804
1032 304852
1033 304948
1034 305188
1035 305356
1036 306052
1037 306076
1038 306316
1039 306916
1040 307012
1041 307180
1042 308092
1043 308140
1044 308308
1045 309220
1046 309244
1047 309268
1048 309436
1049 309868
1050 310324
1051 310372
1052 311380
1053 311452
1054 311500
1055 312076
1056 312580
1057 312628
1058 313612
1059 313708
1060 314740
1061 315628
1062 315844
1063 315868
1064 316708
1065 316996
1066 318100
1067 318388
1068 319228
1069 320356
1070 320956
1071 321868
1072 323596
1073 325156
1074 325228
1075 326716
1076 327388
1077 329908
1078 330988
1079 331876
1080 334276
1081 336508
1082 337636
1083 343396
1084 346708
1085 350428
1086 353308
1087 355108
1088 355660
1089 356020
1090 356188
1091 356236
1092 357268
1093 357580
1094 358660
1095 358708
1096 359476
1097 359956
1098 360628
1099 361036
1100 361132
1101 361708
1102 361948
1103 362380
1104 362836
1105 363076
1106 363556
1107 363604
1108 364180
1109 364420
1110 365068
1111 365308
1112 365668
1113 365716
1114 366652
1115 366892
1116 366916
1117 367348
1118 367636
1119 367780
1120 367900
1121 367948
1122 368116
1123 368140
1124 368188
1125 368596
1126 369028
1127 369124
1128 369148
1129 369388
1130 369436
1131 370252
1132 370276
1133 370372
1134 370420
1135 370636
1136 371068
1137 371500
1138 371548
1139 371620
1140 371668
1141 371908
1142 371956
1143 372748
1144 372796
1145 372868
1146 373156
1147 373540
1148 373996
1149 374140
1150 374428
1151 374788
1152 374836
1153 375268
1154 375316
1155 375388
1156 375676
1157 376012
1158 376036
1159 376516
1160 376660
1161 376996
1162 377260
1163 377308
1164 377788
1165 377908
1166 378196
1167 378508
1168 379036
1169 379756
1170 380428
1171 381028
1172 381556
1173 381940
1174 382276
1175 383548
1176 384412
1177 384796
1178 385660
1179 386884
1180 386908
1181 387316
1182 388156
1183 389380
1184 389428
1185 389476
1186 390628
1187 391876
1188 391948
1189 393196
1190 395716
1191 396916
1192 398188
1193 399436
1194 401692
1195 401956
1196 402940
1197 405460
1198 409468
1199 412564
1200 413428
1201 414532
1202 415660
1203 416332
1204 419668
1205 420796
1206 422932
1207 424348
1208 425404
1209 426028
1210 426652
1211 428116
1212 429172
1213 430948
1214 433420
1215 433588
1216 434668
1217 434956
1218 437188
1219 437428
1220 438244
1221 438676
1222 441196
1223 441628
1224 441796
1225 444268
1226 444580
1227 444628
1228 446020
1229 448468
1230 448492
1231 448636
1232 448828
1233 449860
1234 449884
1235 450028
1236 450268
1237 452260
1238 452356
1239 452500
1240 452668
1241 452692
1242 452836
1243 453652
1244 453892
1245 454276
1246 454876
1247 455140
1248 455308
1249 455476
1250 456268
1251 456868
1252 457660
1253 457948
1254 458260
1255 459196
1256 459340
1257 459652
1258 459940
1259 460468
1260 460588
1261 460732
1262 460756
1263 461716
1264 461980
1265 462124
1266 462460
1267 463108
1268 463372
1269 463540
1270 464500
1271 464788
1272 464932
1273 465028
1274 465892
1275 466180
1276 466348
1277 467308
1278 467596
1279 467740
1280 467956
1281 468076
1282 468700
1283 468988
1284 469060
1285 469204
1286 470116
1287 470452
1288 470548
1289 470788
1290 471508
1291 471796
1292 472180
1293 472348
1294 473572
1295 474316
1296 474388
1297 474796
1298 474964
1299 475780
1300 476188
1301 476356
1302 476380
1303 476620
1304 477580
1305 477772
1306 478972
1307 479188
1308 480052
1309 480580
1310 480652
1311 481636
1312 481780
1313 482860
1314 483196
1315 483388
1316 484420
1317 484588
1318 484852
1319 485812
1320 487132
1321 487204
1322 487396
1323 487732
1324 489124
1325 491932
1326 492820
1327 493132
1328 493540
1329 494236
1330 495628
1331 495940
1332 496204
1333 497740
1334 498436
1335 500212
1336 501364
1337 502012
1338 504172
1339 506020
1340 507052
1341 507820
1342 508444
1343 510196
1344 511252
1345 511828
1346 512260
1347 513628
1348 514252
1349 514396
1350 515356
1351 515524
1352 516268
1353 516700
1354 517636
1355 518668
1356 519196
1357 522508
1358 522868
1359 523276
1360 524476
1361 525868
1362 526516
1363 526948
1364 527020
1365 527140
1366 527308
1367 527476
1368 527548
1369 528100
1370 528676
1371 530956
1372 531028
1373 531412
1374 531748
1375 532948
1376 533356
1377 534748
1378 537556
1379 537796
1380 538516
1381 538756
1382 539188
1383 539260
1384 539980
1385 540772
1386 541828
1387 541996
1388 542068
1389 542380
1390 543028
1391 544492
1392 545044
1393 545092
1394 545428
1395 546076
1396 546268
1397 546820
1398 547540
1399 548212
1400 548692
1401 549868
1402 549988
1403 550852
1404 551020
1405 551260
1406 551332
1407 551452
1408 552076
1409 552724
1410 553828
1411 553900
1412 554068
1413 554188
1414 554308
1415 554380
1416 555292
1417 555532
1418 555772
1419 556516
1420 557116
1421 557428
1422 558580
1423 558820
1424 559804
1425 559852
1426 560404
1427 560476
1428 561628
1429 561868
1430 562060
1431 562756
1432 562852
1433 563212
1434 563452
1435 563524
1436 563572
1437 564676
1438 565612
1439 565900
1440 566140
1441 566260
1442 566692
1443 568084
1444 568660
1445 568948
1446 569740
1447 569860
1448 570052
1449 571132
1450 571636
1451 571708
1452 572428
1453 573940
1454 574372
1455 574564
1456 574756
1457 575164
1458 575764
1459 576028
1460 576148
1461 576460
1462 577180
1463 577420
1464 578212
1465 578572
1466 578812
1467 579196
1468 580660
1469 580900
1470 580972
1471 581452
1472 582052
1473 582844
1474 583468
1475 583708
1476 584020
1477 584860
1478 586516
1479 586660
1480 586756
1481 587740
1482 588460
1483 588652
1484 589132
1485 589924
1486 590140
1487 590788
1488 591148
1489 592972
1490 593092
1491 594340
1492 594940
1493 595420
1494 596428
1495 597412
1496 597436
1497 597604
1498 599380
1499 599932
1500 600652
1501 601228
1502 601708
1503 602812
1504 602980
1505 603892
1506 604900
1507 605092
1508 605284
1509 605668
1510 606292
1511 607516
1512 607612
1513 608092
1514 608740
1515 608860
1516 609292
1517 610708
1518 611284
1519 611932
1520 611956
1521 612052
1522 613228
1523 613900
1524 614572
1525 615148
1526 615772
1527 616468
1528 617092
1529 617860
1530 618340
1531 618532
1532 619516
1533 619660
1534 621532
1535 622252
1536 622708
1537 622852
1538 623572
1539 624148
1540 624820
1541 625492
1542 625900
1543 626044
1544 627340
1545 628012
1546 629092
1547 629332
1548 630052
1549 630436
1550 630532
1551 631300
1552 632524
1553 632572
1554 633724
1555 634492
1556 634732
1557 635020
1558 636532
1559 636820
1560 637012
1561 637204
1562 638332
1563 639004
1564 640012
1565 640972
1566 642052
1567 643204
1568 643492
1569 644092
1570 644164
1571 644452
1572 644692
1573 645484
1574 646684
1575 647860
1576 648532
1577 649252
1578 650644
1579 653164
1580 653764
1581 656164
1582 656812
1583 657532
1584 659212
1585 659452
1586 660292
1587 660604
1588 660892
1589 661732
1590 661972
1591 662044
1592 662644
1593 663412
1594 663724
1595 665812
1596 666772
1597 667444
1598 668452
1599 669124
1600 669532
1601 669724
1602 670324
1603 671404
1604 672004
1605 673084
1606 673372
1607 673684
1608 675052
1609 675364
1610 676012
1611 676084
1612 676732
1613 676972
1614 678004
1615 678412
1616 679684
1617 680884
1618 681364
1619 682204
1620 682564
1621 683044
1622 683884
1623 683908
1624 684292
1625 685684
1626 685972
1627 686932
1628 687484
1629 687652
1630 689164
1631 689332
1632 690844
1633 692524
1634 693772
1635 693964
1636 695452
1637 695644
1638 696172
1639 696412
1640 696580
1641 697156
1642 697180
1643 697324
1644 699004
1645 699364
1646 700084
1647 700132
1648 701332
1649 701860
1650 702244
1651 703060
1652 703540
1653 704692
1654 705604
1655 706108
1656 706372
1657 706420
1658 707092
1659 707284
1660 708604
1661 708964
1662 709564
1663 709828
1664 710332
1665 710356
1666 711292
1667 711340
1668 712060
1669 712324
1670 713020
1671 713788
1672 714892
1673 716044
1674 716524
1675 716620
1676 717292
1677 718084
1678 718348
1679 719812
1680 720076
1681 721540
1682 721804
1683 721852
1684 723268
1685 723484
1686 723580
1687 723820
1688 724564
1689 725044
1690 725668
1691 726004
1692 726052
1693 726292
1694 726772
1695 727012
1696 727108
1697 727348
1698 728020
1699 728812
1700 728836
1701 729748
1702 730540
1703 731524
1704 732004
1705 732340
1706 732388
1707 732844
1708 733252
1709 733732
1710 734068
1711 734140
1712 734332
1713 734524
1714 734572
1715 735772
1716 736252
1717 736300
1718 736564
1719 736780
1720 737020
1721 737260
1722 737380
1723 737596
1724 737692
1725 737764
1726 737980
1727 738028
1728 738484
1729 738964
1730 739300
1731 739708
1732 740212
1733 740692
1734 740788
1735 741220
1736 741484
1737 742492
1738 742828
1739 742948
1740 743044
1741 743212
1742 743740
1743 744652
1744 745444
1745 745540
1746 746020
1747 746140
1748 746356
1749 746500
1750 746764
1751 746788
1752 747268
1753 747724
1754 747844
1755 748180
1756 748228
1757 748492
1758 748972
1759 749548
1760 749956
1761 750172
1762 750292
1763 751372
1764 751492
1765 752500
1766 753700
1767 753724
1768 754324
1769 755404
1770 756028
1771 756724
1772 756964
1773 757228
1774 757252
1775 757852
1776 757972
1777 758620
1778 758692
1779 758932
1780 760252
1781 760780
1782 762460
1783 763204
1784 763924
1785 764308
1786 765220
1787 765604
1788 765652
1789 765988
1790 766732
1791 767452
1792 767476
1793 767812
1794 767932
1795 768940
1796 770884
1797 770980
1798 771484
1799 772084
1800 772708
1801 773164
1802 773980
1803 774508
1804 774748
1805 775012
1806 775228
1807 775996
1808 776140
1809 776236
1810 776692
1811 777868
1812 777940
1813 778180
1814 778732
1815 779332
1816 779524
1817 780364
1818 781228
1819 781468
1820 782044
1821 782092
1822 783940
1823 784996
1824 785212
1825 785620
1826 785980
1827 786580
1828 786940
1829 787612
1830 788572
1831 788644
1832 789292
1833 789508
1834 789772
1835 790252
1836 790564
1837 792172
1838 792292
1839 793348
1840 793828
1841 794860
1842 795028
1843 795820
1844 796540
1845 797068
1846 797524
1847 799540
1848 799708
1849 800212
1850 800260
1851 800380
1852 800548
1853 800572
1854 800956
1855 801052
1856 802060
1857 802108
1858 803068
1859 803788
1860 803884
1861 803908
1862 804052
1863 804772
1864 805060
1865 805372
1866 805732
1867 805780
1868 805900
1869 806404
1870 806788
1871 807220
1872 807460
1873 807580
1874 809452
1875 809668
1876 810340
1877 810460
1878 810580
1879 810628
1880 810940
1881 811132
1882 811300
1883 811348
1884 812308
1885 812980
1886 813028
1887 813124
1888 813148
1889 814012
1890 814036
1891 814132
1892 814804
1893 814828
1894 814972
1895 815020
1896 815068
1897 815548
1898 815980
1899 816100
1900 816652
1901 816820
1902 816868
1903 817708
1904 818500
1905 818548
1906 818668
1907 819268
1908 819652
1909 819820
1910 820348
1911 820540
1912 820588
1913 820900
1914 821068
1915 821236
1916 821380
1917 821428
1918 821500
1919 821548
1920 822220
1921 822268
1922 822388
1923 822796
1924 822940
1925 823228
1926 823324
1927 823348
1928 824068
1929 824260
1930 825052
1931 825076
1932 825172
1933 825220
1934 825268
1935 825940
1936 826108
1937 826468
1938 826588
1939 826612
1940 826900
1941 826948
1942 827020
1943 827068
1944 827788
1945 828148
1946 828460
1947 828748
1948 828796
1949 828868
1950 829828
1951 830140
1952 830284
1953 830308
1954 830596
1955 830740
1956 831508
1957 831820
1958 831988
1959 832036
1960 832132
1961 832180
1962 832468
1963 832516
1964 832588
1965 833812
1966 833836
1967 833980
1968 834316
1969 834460
1970 835396
1971 835492
1972 835660
1973 835708
1974 835828
1975 836188
1976 836308
1977 837340
1978 837508
1979 837700
1980 837748
1981 838036
1982 839164
1983 839188
1984 839356
1985 839548
1986 840028
1987 841012
1988 841228
1989 841420
1990 841756
1991 842740
1992 842860
1993 842908
1994 843076
1995 843268
1996 844324
1997 844708
1998 844948
1999 846412
2000 846580
2001 846796
2002 846988
2003 847660
2004 848260
2005 848428
2006 850084
2007 850108
2008 850300
2009 850516
2010 851956
2011 852148
2012 853780
2013 853828
2014 853876
2015 854428
2016 855220
2017 855628
2018 855868
2019 857476
2020 857548
2021 859012
2022 859396
2023 862732
2024 863116
2025 864916
2026 865972
2027 866788
2028 868636
2029 869692
2030 872356
2031 873220
2032 873700
2033 874084
2034 875812
2035 880252
2036 880948
2037 881044
2038 882100
2039 883108
2040 883540
2041 884572
2042 885340
2043 887620
2044 888676
2045 888772
2046 889060
2047 889924
2048 891340
2049 892300
2050 894028
2051 894892
2052 896500
2053 896572
2054 896764
2055 897172
2056 897652
2057 900028
2058 900412
2059 900484
2060 900844
2061 902692
2062 903940
2063 904228
2064 904324
2065 904900
2066 904948
2067 905380
2068 906364
2069 906412
2070 907756
2071 907852
2072 908140
2073 910420
2074 910516
2075 910708
2076 911668
2077 911860
2078 912628
2079 913108
2080 915580
2081 915820
2082 916300
2083 917020
2084 917212
2085 917764
2086 918148
2087 919492
2088 920356
2089 920452
2090 920932
2091 921868
2092 922060
2093 924028
2094 924268
2095 924844
2096 925780
2097 925876
2098 925972
2099 927940
2100 928180
2101 928852
2102 929044
2103 929596
2104 929788
2105 930892
2106 931852
2107 932092
2108 932860
2109 933220
2110 933508
2111 933700
2112 933892
2113 934180
2114 934492
2115 934756
2116 935764
2117 937420
2118 937612
2119 938332
2120 939868
2121 939964
2122 940012
2123 940684
2124 940948
2125 941332
2126 941620
2127 943684
2128 944308
2129 944692
2130 944860
2131 945436
2132 945532
2133 945820
2134 946516
2135 947692
2136 947932
2137 948604
2138 948676
2139 948772
2140 949252
2141 949348
2142 949540
2143 949828
2144 951604
2145 951940
2146 952684
2147 953260
2148 953452
2149 955852
2150 956452
2151 956500
2152 956692
2153 956884
2154 957172
2155 957268
2156 957460
2157 957556
2158 957772
2159 958012
2160 959524
2161 959860
2162 960412
2163 960844
2164 961180
2165 961372
2166 961468
2167 961972
2168 962020
2169 963532
2170 963628
2171 963868
2172 964324
2173 964612
2174 965092
2175 965188
2176 965380
2177 965932
2178 967540
2179 967876
2180 968092
2181 968524
2182 968620
2183 968764
2184 969100
2185 969388
2186 969604
2187 969700
2188 969940
2189 971452
2190 971548
2191 972532
2192 973108
2193 973396
2194 973612
2195 976012
2196 976444
2197 977116
2198 979180
2199 979684
2200 980020
2201 980164
2202 980260
2203 980356
2204 980452
2205 981532
2206 983692
2207 984172
2208 984268
2209 984460
2210 985252
2211 985540
2212 988084
2213 988180
2214 988468
2215 989260
2216 989764
2217 989812
2218 991612
2219 992092
2220 992188
2221 992812
2222 993484
2223 995332
2224 996004
2225 996100
2226 996196
2227 996412
2228 996604
2229 1000108
2230 1000612
2231 1000732
2232 1004020
2233 1004332
2234 1005652
2235 1005988
2236 1006684
2237 1008028
2238 1008076
2239 1008340
2240 1009132
2241 1011580
2242 1012036
2243 1012252
2244 1012660
2245 1013668
2246 1014412
2247 1016164
2248 1017580
2249 1018012
2250 1018324
2251 1020052
2252 1020172
2253 1025260
2254 1026244
2255 1028692
2256 1029052
2257 1029220
2258 1029508
2259 1030252
2260 1032412
2261 1033060
2262 1033492
2263 1035052
2264 1035148
2265 1035580
2266 1036324
2267 1037140
2268 1039132
2269 1041220
2270 1043764
2271 1044892
2272 1045852
2273 1047220
2274 1047940
2275 1050028
2276 1051492
2277 1053076
2278 1053580
2279 1055404
2280 1055668
2281 1057492
2282 1057756
2283 1059148
2284 1059580
2285 1061668
2286 1063324
2287 1065412
2288 1067332
2289 1067500
2290 1069420
2291 1069588
2292 1071508
2293 1073404
2294 1073596
2295 1074892
2296 1075492
2297 1077580
2298 1079668
2299 1085764
2300 1089940
2301 1092028
2302 1094116
2303 1096132
2304 1097884
2305 1103524
2306 1104412
2307 1109812
2308 1111900
2309 1117972
2310 1119124
2311 1122868
2312 1127044
2313 1128244
2314 1129108
2315 1131052
2316 1137124
2317 1140100
2318 1141996
2319 1144108
2320 1146628
2321 1149484
2322 1150180
2323 1150636
2324 1151572
2325 1154692
2326 1156708
2327 1157668
2328 1161676
2329 1162540
2330 1164628
2331 1166188
2332 1167052
2333 1167748
2334 1167916
2335 1168396
2336 1169068
2337 1170724
2338 1171156
2339 1171828
2340 1172260
2341 1172716
2342 1178788
2343 1180108
2344 1180996
2345 1185508
2346 1186828
2347 1189828
2348 1190308
2349 1191988
2350 1192228
2351 1193236
2352 1196836
2353 1197868
2354 1198852
2355 1201660
2356 1202188
2357 1203268
2358 1204276
2359 1205860
2360 1206676
2361 1206772
2362 1206940
2363 1209988
2364 1210060
2365 1211308
2366 1215628
2367 1217716
2368 1218916
2369 1219996
2370 1220260
2371 1220284
2372 1222348
2373 1222420
2374 1222732
2375 1223428
2376 1224436
2377 1224508
2378 1225108
2379 1225828
2380 1226788
2381 1228300
2382 1229068
2383 1229212
2384 1229452
2385 1229956
2386 1232356
2387 1232620
2388 1233508
2389 1233580
2390 1233772
2391 1235860
2392 1235932
2393 1236868
2394 1238020
2395 1238212
2396 1238620
2397 1240300
2398 1240492
2399 1240996
2400 1242580
2401 1242724
2402 1243396
2403 1243588
2404 1244812
2405 1245004
2406 1247092
2407 1247188
2408 1247284
2409 1247380
2410 1247548
2411 1249372
2412 1249564
2413 1250116
2414 1250452
2415 1251652
2416 1251796
2417 1251892
2418 1252660
2419 1253980
2420 1254172
2421 1254268
2422 1256260
2423 1256356
2424 1257172
2425 1259188
2426 1259452
2427 1259620
2428 1261060
2429 1261156
2430 1261732
2431 1263148
2432 1263340
2433 1263700
2434 1263964
2435 1265428
2436 1265980
2437 1266244
2438 1266340
2439 1267876
2440 1268260
2441 1268524
2442 1268620
2443 1270492
2444 1270804
2445 1272316
2446 1272772
2447 1273132
2448 1274500
2449 1275052
2450 1277020
2451 1277332
2452 1279300
2453 1279660
2454 1281532
2455 1281868
2456 1281940
2457 1282300
2458 1283812
2459 1284580
2460 1286020
2461 1286092
2462 1286188
2463 1286356
2464 1286788
2465 1287148
2466 1287556
2467 1288252
2468 1288372
2469 1288828
2470 1290532
2471 1291108
2472 1291468
2473 1292068
2474 1292812
2475 1293076
2476 1295044
2477 1295092
2478 1297996
2479 1298788
2480 1299604
2481 1299868
2482 1300780
2483 1301716
2484 1301884
2485 1302148
2486 1303108
2487 1303948
2488 1304164
2489 1305316
2490 1306588
2491 1308868
2492 1309036
2493 1309636
2494 1309756
2495 1310812
2496 1312948
2497 1313380
2498 1314388
2499 1314748
2500 1315660
2501 1315756
2502 1319308
2503 1319476
2504 1321276
2505 1321468
2506 1321828
2507 1322548
2508 1324828
2509 1326268
2510 1326388
2511 1327396
2512 1327756
2513 1328356
2514 1328476
2515 1328548
2516 1328860
2517 1328908
2518 1331716
2519 1332316
2520 1332916
2521 1338028
2522 1338412
2523 1340548
2524 1340572
2525 1341220
2526 1342852
2527 1343956
2528 1347076
2529 1347580
2530 1347628
2531 1347700
2532 1350100
2533 1350676
2534 1352332
2535 1354156
2536 1354228
2537 1354732
2538 1354852
2539 1354996
2540 1356412
2541 1356628
2542 1357132
2543 1357180
2544 1357468
2545 1358116
2546 1359748
2547 1361380
2548 1362268
2549 1363708
2550 1363780
2551 1364836
2552 1365196
2553 1365268
2554 1366180
2555 1366636
2556 1368460
2557 1369156
2558 1369420
2559 1369540
2560 1369924
2561 1370860
2562 1371028
2563 1371628
2564 1371916
2565 1373260
2566 1373908
2567 1374748
2568 1374820
2569 1375612
2570 1376692
2571 1377220
2572 1378012
2573 1378108
2574 1378276
2575 1378708
2576 1378780
2577 1379092
2578 1379140
2579 1379500
2580 1379908
2581 1380412
2582 1380508
2583 1380796
2584 1380988
2585 1381180
2586 1381468
2587 1381540
2588 1381900
2589 1382812
2590 1383868
2591 1383940
2592 1384300
2593 1384348
2594 1384468
2595 1385260
2596 1385308
2597 1386220
2598 1386652
2599 1387660
2600 1387876
2601 1388212
2602 1388260
2603 1388620
2604 1388788
2605 1389052
2606 1389148
2607 1390540
2608 1390732
2609 1391020
2610 1391188
2611 1391452
2612 1391716
2613 1393012
2614 1393372
2615 1393852
2616 1394548
2617 1395292
2618 1395412
2619 1395772
2620 1397428
2621 1397692
2622 1397812
2623 1397860
2624 1398172
2625 1398268
2626 1398436
2627 1398700
2628 1398796
2629 1399516
2630 1400092
2631 1400164
2632 1400572
2633 1402180
2634 1402444
2635 1402564
2636 1403020
2637 1403740
2638 1404580
2639 1404844
2640 1404940
2641 1404964
2642 1405228
2643 1405420
2644 1405516
2645 1405588
2646 1405948
2647 1406428
2648 1406596
2649 1406980
2650 1407244
2651 1407340
2652 1407364
2653 1408228
2654 1408348
2655 1409332
2656 1409644
2657 1409812
2658 1411036
2659 1411732
2660 1411948
2661 1412092
2662 1412212
2663 1412308
2664 1412668
2665 1412740
2666 1412812
2667 1412836
2668 1413268
2669 1413340
2670 1413436
2671 1413460
2672 1414132
2673 1415068
2674 1415596
2675 1416220
2676 1416532
2677 1418188
2678 1418356
2679 1418620
2680 1418980
2681 1419460
2682 1419628
2683 1419868
2684 1420156
2685 1420588
2686 1420972
2687 1421380
2688 1421740
2689 1421788
2690 1421860
2691 1422316
2692 1422388
2693 1422988
2694 1423012
2695 1423372
2696 1424140
2697 1425700
2698 1425748
2699 1425772
2700 1425868
2701 1426036
2702 1426468
2703 1426516
2704 1426780
2705 1426828
2706 1426852
2707 1426948
2708 1427236
2709 1427308
2710 1427836
2711 1427860
2712 1427908
2713 1427980
2714 1428052
2715 1428172
2716 1428628
2717 1429060
2718 1429108
2719 1429180
2720 1430236
2721 1430380
2722 1430452
2723 1431028
2724 1431388
2725 1431436
2726 1431460
2727 1432228
2728 1432300
2729 1432852
2730 1433116
2731 1434100
2732 1434556
2733 1434748
2734 1434772
2735 1435156
2736 1435204
2737 1435252
2738 1435948
2739 1436380
2740 1436452
2741 1436500
2742 1436956
2743 1437100
2744 1437220
2745 1437556
2746 1438276
2747 1439068
2748 1439548
2749 1440004
2750 1440268
2751 1441036
2752 1441276
2753 1441348
2754 1441420
2755 1441492
2756 1441540
2757 1441876
2758 1442020
2759 1442092
2760 1442164
2761 1442404
2762 1442668
2763 1443628
2764 1443748
2765 1444276
2766 1444804
2767 1445668
2768 1445956
2769 1446028
2770 1446340
2771 1446796
2772 1447348
2773 1447756
2774 1448428
2775 1448668
2776 1448812
2777 1448884
2778 1449196
2779 1449268
2780 1449748
2781 1449868
2782 1449916
2783 1449988
2784 1450516
2785 1450948
2786 1451068
2787 1451140
2788 1451740
2789 1452916
2790 1453348
2791 1453420
2792 1453588
2793 1454116
2794 1454500
2795 1454668
2796 1454836
2797 1454908
2798 1455460
2799 1455508
2800 1455868
2801 1455988
2802 1456060
2803 1456588
2804 1456900
2805 1456996
2806 1457836
2807 1457980
2808 1458268
2809 1458340
2810 1459036
2811 1459060
2812 1460236
2813 1460308
2814 1460812
2815 1460908
2816 1461508
2817 1461988
2818 1462756
2819 1463188
2820 1463380
2821 1463884
2822 1463980
2823 1464148
2824 1464388
2825 1464556
2826 1465156
2827 1465228
2828 1465660
2829 1465828
2830 1465852
2831 1466452
2832 1466548
2833 1468108
2834 1468132
2835 1468300
2836 1469236
2837 1469308
2838 1469476
2839 1469620
2840 1470076
2841 1470580
2842 1470772
2843 1471636
2844 1471876
2845 1472092
2846 1472548
2847 1473052
2848 1473244
2849 1473796
2850 1474396
2851 1474996
2852 1475020
2853 1475524
2854 1476772
2855 1476796
2856 1476868
2857 1477468
2858 1478788
2859 1478956
2860 1479028
2861 1479340
2862 1479940
2863 1480660
2864 1481716
2865 1482412
2866 1483708
2867 1483780
2868 1483876
2869 1483924
2870 1483948
2871 1484188
2872 1486108
2873 1486636
2874 1486660
2875 1488508
2876 1488796
2877 1489108
2878 1491028
2879 1491100
2880 1491268
2881 1491580
2882 1493428
2883 1493572
2884 1493716
2885 1493740
2886 1494052
2887 1494940
2888 1495756
2889 1495948
2890 1496188
2891 1498132
2892 1498276
2893 1498348
2894 1498420
2895 1498660
2896 1499188
2897 1500820
2898 1500868
2899 1500892
2900 1501132
2901 1503076
2902 1503268
2903 1503292
2904 1503340
2905 1504732
2906 1505524
2907 1505596
2908 1505740
2909 1505812
2910 1508068
2911 1508212
2912 1508284
2913 1509940
2914 1510516
2915 1510684
2916 1512412
2917 1512916
2918 1512988
2919 1513660
2920 1513924
2921 1515460
2922 1516660
2923 1517836
2924 1517932
2925 1520308
2926 1521580
2927 1522756
2928 1522780
2929 1523572
2930 1523740
2931 1524052
2932 1525252
2933 1527412
2934 1527700
2935 1528660
2936 1528684
2937 1530172
2938 1530892
2939 1531132
2940 1532644
2941 1534420
2942 1535812
2943 1537348
2944 1537852
2945 1538284
2946 1539028
2947 1539052
2948 1539748
2949 1543852
2950 1544164
2951 1544332
2952 1544428
2953 1546132
2954 1549612
2955 1551772
2956 1552060
2957 1553284
2958 1553404
2959 1554148
2960 1554628
2961 1555684
2962 1558684
2963 1558732
2964 1558852
2965 1558972
2966 1559476
2967 1559500
2968 1559620
2969 1561708
2970 1562932
2971 1563652
2972 1564492
2973 1566220
2974 1566388
2975 1566868
2976 1567060
2977 1568140
2978 1568404
2979 1568908
2980 1569628
2981 1570252
2982 1571572
2983 1573372
2984 1573732
2985 1573852
2986 1574140
2987 1574428
2988 1574500
2989 1574788
2990 1575172
2991 1577212
2992 1577644
2993 1578628
2994 1578724
2995 1579108
2996 1579300
2997 1579780
2998 1579948
2999 1581124
3000 1582348
3001 1583692
3002 1583860
3003 1584292
3004 1584916
3005 1586452
3006 1586860
3007 1587028
3008 1587508
3009 1587892
3010 1588372
3011 1588828
3012 1588852
3013 1589020
3014 1589428
3015 1589716
3016 1589740
3017 1589788
3018 1590028
3019 1590076
3020 1591444
3021 1591996
3022 1592644
3023 1593508
3024 1593844
3025 1594012
3026 1594180
3027 1594588
3028 1595692
3029 1596412
3030 1596580
3031 1597156
3032 1598260
3033 1598980
3034 1599148
3035 1599196
3036 1599748
3037 1601092
3038 1601548
3039 1601740
3040 1602316
3041 1602388
3042 1603084
3043 1603180
3044 1603660
3045 1603828
3046 1604140
3047 1604308
3048 1604356
3049 1604956
3050 1605268
3051 1606228
3052 1606708
3053 1606900
3054 1607476
3055 1607548
3056 1608268
3057 1608412
3058 1608796
3059 1609300
3060 1609468
3061 1609540
3062 1610116
3063 1610260
3064 1610980
3065 1611388
3066 1611628
3067 1611868
3068 1611940
3069 1612108
3070 1613332
3071 1613380
3072 1613548
3073 1613788
3074 1613956
3075 1614508
3076 1614628
3077 1614700
3078 1615348
3079 1615804
3080 1615900
3081 1616116
3082 1616548
3083 1617028
3084 1617100
3085 1617268
3086 1617916
3087 1618084
3088 1618372
3089 1618468
3090 1618540
3091 1618708
3092 1619116
3093 1619188
3094 1619428
3095 1619668
3096 1619980
3097 1620100
3098 1620220
3099 1620940
3100 1621036
3101 1621276
3102 1621756
3103 1622500
3104 1623508
3105 1623628
3106 1623868
3107 1624276
3108 1624348
3109 1624900
3110 1625068
3111 1625140
3112 1626100
3113 1626196
3114 1626436
3115 1626508
3116 1627468
3117 1627900
3118 1628668
3119 1628788
3120 1629076
3121 1629292
3122 1630180
3123 1630228
3124 1630372
3125 1630540
3126 1630564
3127 1630804
3128 1631260
3129 1631356
3130 1631596
3131 1632628
3132 1633372
3133 1633540
3134 1633732
3135 1633828
3136 1633900
3137 1633996
3138 1634140
3139 1634212
3140 1634236
3141 1634452
3142 1634620
3143 1634716
3144 1634788
3145 1634884
3146 1635052
3147 1635172
3148 1635340
3149 1635412
3150 1635580
3151 1635772
3152 1635940
3153 1636516
3154 1637980
3155 1638028
3156 1638100
3157 1638244
3158 1638508
3159 1638940
3160 1638988
3161 1639060
3162 1639156
3163 1639468
3164 1639876
3165 1640020
3166 1640428
3167 1640500
3168 1640740
3169 1640812
3170 1641628
3171 1642036
3172 1642588
3173 1643140
3174 1643212
3175 1643284
3176 1643452
3177 1643524
3178 1643668
3179 1644388
3180 1645228
3181 1645852
3182 1645924
3183 1645972
3184 1646260
3185 1646860
3186 1647196
3187 1647676
3188 1647748
3189 1647892
3190 1648372
3191 1648492
3192 1648540
3193 1648660
3194 1648828
3195 1649260
3196 1649428
3197 1649668
3198 1649884
3199 1649908
3200 1650316
3201 1650388
3202 1650460
3203 1650940
3204 1651012
3205 1651228
3206 1652116
3207 1653772
3208 1653796
3209 1653988
3210 1654588
3211 1654828
3212 1654996
3213 1655068
3214 1655620
3215 1656172
3216 1657468
3217 1657708
3218 1658188
3219 1658260
3220 1658812
3221 1659772
3222 1659916
3223 1659988
3224 1660900
3225 1661308
3226 1661452
3227 1662388
3228 1663420
3229 1664044
3230 1664116
3231 1664428
3232 1665100
3233 1665172
3234 1665340
3235 1665412
3236 1665508
3237 1665580
3238 1666060
3239 1666708
3240 1667812
3241 1667980
3242 1668220
3243 1668700
3244 1669276
3245 1669324
3246 1669588
3247 1670332
3248 1670428
3249 1670500
3250 1670740
3251 1671292
3252 1672900
3253 1672972
3254 1673140
3255 1673380
3256 1673932
3257 1674436
3258 1675612
3259 1675660
3260 1676020
3261 1676572
3262 1676908
3263 1676980
3264 1677388
3265 1678132
3266 1678300
3267 1678612
3268 1679212
3269 1679716
3270 1680172
3271 1680244
3272 1680772
3273 1680940
3274 1681180
3275 1681252
3276 1683412
3277 1683532
3278 1683892
3279 1684876
3280 1685332
3281 1686004
3282 1686172
3283 1686532
3284 1687348
3285 1687900
3286 1688644
3287 1688812
3288 1690108
3289 1690732
3290 1691284
3291 1691308
3292 1691452
3293 1691788
3294 1692580
3295 1692676
3296 1693132
3297 1693924
3298 1695460
3299 1695604
3300 1695772
3301 1696948
3302 1697428
3303 1697836
3304 1698412
3305 1700620
3306 1701004
3307 1701340
3308 1702348
3309 1702588
3310 1703188
3311 1703260
3312 1703332
3313 1703644
3314 1705228
3315 1705636
3316 1705852
3317 1706284
3318 1707292
3319 1708036
3320 1708420
3321 1708924
3322 1711060
3323 1711132
3324 1712140
3325 1712860
3326 1712956
3327 1713028
3328 1713436
3329 1713724
3330 1716220
3331 1716292
3332 1716364
3333 1717588
3334 1718356
3335 1718548
3336 1718860
3337 1718932
3338 1719004
3339 1719988
3340 1720828
3341 1721236
3342 1721308
3343 1721452
3344 1721572
3345 1721644
3346 1722940
3347 1723300
3348 1723468
3349 1723948
3350 1724092
3351 1724212
3352 1725940
3353 1726660
3354 1726708
3355 1726732
3356 1727620
3357 1728388
3358 1728700
3359 1728868
3360 1729252
3361 1729372
3362 1731628
3363 1731892
3364 1733428
3365 1733788
3366 1734268
3367 1734532
3368 1736740
3369 1737124
3370 1737172
3371 1738300
3372 1739476
3373 1741228
3374 1741948
3375 1742404
3376 1742428
3377 1743052
3378 1743988
3379 1744588
3380 1744876
3381 1745044
3382 1747108
3383 1747348
3384 1747684
3385 1750276
3386 1750876
3387 1751020
3388 1752748
3389 1753036
3390 1753516
3391 1753660
3392 1755508
3393 1756420
3394 1756948
3395 1757548
3396 1758148
3397 1758676
3398 1758748
3399 1759060
3400 1759876
3401 1760668
3402 1760908
3403 1762348
3404 1764388
3405 1764676
3406 1766548
3407 1767748
3408 1769188
3409 1769668
3410 1769788
3411 1770508
3412 1770748
3413 1772236
3414 1773148
3415 1774588
3416 1775068
3417 1775236
3418 1775908
3419 1777396
3420 1777636
3421 1780468
3422 1780708
3423 1782796
3424 1783036
3425 1784068
3426 1785196
3427 1785796
3428 1785868
3429 1786900
3430 1788196
3431 1788436
3432 1788628
3433 1789468
3434 1790500
3435 1790596
3436 1790956
3437 1791196
3438 1793068
3439 1793596
3440 1795060
3441 1795708
3442 1795996
3443 1796356
3444 1796788
3445 1797628
3446 1798468
3447 1799356
3448 1800460
3449 1800892
3450 1801108
3451 1801396
3452 1802188
3453 1803868
3454 1804756
3455 1806052
3456 1806508
3457 1806628
3458 1807348
3459 1807852
3460 1808620
3461 1809268
3462 1809916
3463 1810348
3464 1811716
3465 1811908
3466 1812028
3467 1812316
3468 1812916
3469 1813180
3470 1815508
3471 1815748
3472 1817716
3473 1818076
3474 1819084
3475 1819612
3476 1822516
3477 1822828
3478 1823308
3479 1823524
3480 1823908
3481 1824172
3482 1825588
3483 1825876
3484 1826500
3485 1826740
3486 1827916
3487 1828228
3488 1829068
3489 1829980
3490 1830604
3491 1831900
3492 1832332
3493 1833316
3494 1833748
3495 1834300
3496 1834900
3497 1836388
3498 1836580
3499 1836868
3500 1838092
3501 1838836
3502 1839700
3503 1840060
3504 1840972
3505 1841260
3506 1842172
3507 1843324
3508 1844236
3509 1844740
3510 1845892
3511 1846252
3512 1847380
3513 1847572
3514 1847860
3515 1848820
3516 1851052
3517 1852252
3518 1852396
3519 1854892
3520 1855732
3521 1856644
3522 1857244
3523 1857364
3524 1857412
3525 1857796
3526 1858372
3527 1858852
3528 1859812
3529 1860172
3530 1863388
3531 1864972
3532 1865956
3533 1866724
3534 1868644
3535 1869364
3536 1871164
3537 1872652
3538 1872772
3539 1873732
3540 1878052
3541 1878892
3542 1879180
3543 1879780
3544 1883284
3545 1885012
3546 1885084
3547 1885372
3548 1886692
3549 1887652
3550 1887940
3551 1889332
3552 1890100
3553 1890772
3554 1892812
3555 1893724
3556 1894564
3557 1897204
3558 1898932
3559 1900612
3560 1901452
3561 1904092
3562 1904692
3563 1908484
3564 1909924
3565 1911124
3566 1911892
3567 1913212
3568 1915372
3569 1921492
3570 1922020
3571 1922404
3572 1923172
3573 1923532
3574 1927132
3575 1931044
3576 1932532
3577 1933684
3578 1934452
3579 1937764
3580 1938412
3581 1940692
3582 1941172
3583 1942324
3584 1943812
3585 1944964
3586 1945324
3587 1947964
3588 1948732
3589 1949692
3590 1951684
3591 1955092
3592 1956604
3593 1959244
3594 1959604
3595 1960972
3596 1962964
3597 1963252
3598 1965604
3599 1966372
3600 1970884
3601 1973524
3602 1974532
3603 1975252
3604 1979380
3605 1984900
3606 1985092
3607 1985164
3608 1985524
3609 1987804
3610 1988164
3611 1988812
3612 1989460
3613 1989532
3614 1994932
3615 1999036
3616 1999372
3617 1999444
3618 2001028
3619 2001100
3620 2003812
3621 2009212
3622 2010724
3623 2014084
3624 2014660
3625 2014948
3626 2015380
3627 2017372
3628 2018548
3629 2024308
3630 2026228
3631 2026948
3632 2028364
3633 2028940
3634 2032348
3635 2034988
3636 2035588
3637 2035708
3638 2038516
3639 2039284
3640 2039932
3641 2040508
3642 2041108
3643 2041972
3644 2042284
3645 2043748
3646 2043916
3647 2046148
3648 2049868
3649 2051500
3650 2052076
3651 2053300
3652 2053564
3653 2056036
3654 2057380
3655 2057524
3656 2058028
3657 2058100
3658 2060260
3659 2061436
3660 2063068
3661 2064772
3662 2064796
3663 2064868
3664 2065132
3665 2065420
3666 2067436
3667 2067532
3668 2067844
3669 2068660
3670 2069020
3671 2069092
3672 2069596
3673 2070196
3674 2070268
3675 2072644
3676 2072788
3677 2074180
3678 2075596
3679 2075692
3680 2076988
3681 2078356
3682 2079100
3683 2080588
3684 2081212
3685 2081620
3686 2082940
3687 2084956
3688 2087140
3689 2087260
3690 2087860
3691 2088268
3692 2089348
3693 2089420
3694 2090980
3695 2092612
3696 2093116
3697 2093188
3698 2093788
3699 2094508
3700 2096020
3701 2096692
3702 2098252
3703 2099116
3704 2100508
3705 2100604
3706 2101948
3707 2102548
3708 2103268
3709 2103340
3710 2104108
3711 2104180
3712 2104852
3713 2105140
3714 2105788
3715 2107012
3716 2107876
3717 2110108
3718 2110780
3719 2112172
3720 2112940
3721 2114116
3722 2114548
3723 2114620
3724 2115844
3725 2116132
3726 2116708
3727 2118868
3728 2120068
3729 2120932
3730 2121772
3731 2122084
3732 2122636
3733 2126164
3734 2126860
3735 2127700
3736 2128660
3737 2128828
3738 2129764
3739 2130820
3740 2132212
3741 2132788
3742 2133628
3743 2135692
3744 2137732
3745 2138140
3746 2139652
3747 2140396
3748 2141044
3749 2141620
3750 2142772
3751 2143588
3752 2143660
3753 2144068
3754 2145148
3755 2145580
3756 2146492
3757 2146972
3758 2147548
3759 2147932
3760 2149156
3761 2150548
3762 2151604
3763 2152900
3764 2153572
3765 2155324
3766 2156524
3767 2156620
3768 2157292
3769 2157532
3770 2158828
3771 2161156
3772 2161252
3773 2161540
3774 2161924
3775 2162620
3776 2166892
3777 2167180
3778 2169484
3779 2169532
3780 2169700
3781 2170780
3782 2171452
3783 2172652
3784 2172820
3785 2173108
3786 2173492
3787 2174572
3788 2174788
3789 2175172
3790 2175652
3791 2178676
3792 2178748
3793 2180500
3794 2180644
3795 2182252
3796 2182732
3797 2183404
3798 2184484
3799 2184676
3800 2185060
3801 2187412
3802 2187508
3803 2189548
3804 2190292
3805 2191084
3806 2191708
3807 2191780
3808 2192140
3809 2193436
3810 2194684
3811 2196340
3812 2196628
3813 2197012
3814 2197780
3815 2197852
3816 2198212
3817 2198524
3818 2200828
3819 2201500
3820 2201692
3821 2202268
3822 2202700
3823 2203852
3824 2205388
3825 2207572
3826 2207860
3827 2208196
3828 2208580
3829 2208964
3830 2209180
3831 2209804
3832 2210548
3833 2211004
3834 2212780
3835 2212972
3836 2213644
3837 2214844
3838 2215108
3839 2215252
3840 2216092
3841 2216188
3842 2216620
3843 2218852
3844 2220532
3845 2221828
3846 2222260
3847 2222692
3848 2224924
3849 2227060
3850 2227084
3851 2227180
3852 2227900
3853 2228212
3854 2228332
3855 2228428
3856 2228764
3857 2229292
3858 2232100
3859 2232892
3860 2233132
3861 2233972
3862 2234500
3863 2234932
3864 2236108
3865 2237164
3866 2237260
3867 2238124
3868 2238628
3869 2238820
3870 2239204
3871 2239324
3872 2239420
3873 2240044
3874 2240572
3875 2240668
3876 2241004
3877 2242180
3878 2244052
3879 2244700
3880 2246212
3881 2246308
3882 2247388
3883 2247676
3884 2248252
3885 2249404
3886 2249788
3887 2250340
3888 2250772
3889 2251060
3890 2251564
3891 2251660
3892 2251972
3893 2252116
3894 2252284
3895 2252908
3896 2253748
3897 2254324
3898 2256004
3899 2256220
3900 2256412
3901 2256436
3902 2258452
3903 2259532
3904 2259820
3905 2260492
3906 2261740
3907 2262148
3908 2262292
3909 2262508
3910 2263900
3911 2264524
3912 2264620
3913 2265268
3914 2265892
3915 2266660
3916 2268220
3917 2268364
3918 2268580
3919 2269636
3920 2269852
3921 2270068
3922 2270692
3923 2270788
3924 2271196
3925 2271340
3926 2274652
3927 2275636
3928 2276764
3929 2276860
3930 2277268
3931 2277412
3932 2278132
3933 2278804
3934 2280820
3935 2281420
3936 2282932
3937 2283148
3938 2283340
3939 2283484
3940 2284972
3941 2285068
3942 2286244
3943 2286892
3944 2287588
3945 2289100
3946 2289412
3947 2289652
3948 2290372
3949 2291044
3950 2291140
3951 2292196
3952 2293060
3953 2295292
3954 2295724
3955 2296540
3956 2297212
3957 2299132
3958 2299660
3959 2301364
3960 2302612
3961 2303380
3962 2304340
3963 2305180
3964 2305300
3965 2305396
3966 2307964
3967 2308780
3968 2309548
3969 2310412
3970 2311372
3971 2311468
3972 2313604
3973 2313892
3974 2314948
3975 2316484
3976 2317540
3977 2320204
3978 2320300
3979 2321116
3980 2323708
3981 2325220
3982 2326132
3983 2326372
3984 2329876
3985 2332108
3986 2332300
3987 2332540
3988 2336788
3989 2337340
3990 2338084
3991 2338468
3992 2338708
3993 2340964
3994 2341060
3995 2341156
3996 2344252
3997 2344636
3998 2347132
3999 2347228
4000 2350420
4001 2353204
4002 2353300
4003 2354788
4004 2356588
4005 2358628
4006 2359372
4007 2359468
4008 2360308
4009 2362228
4010 2365444
4011 2365540
4012 2365636
4013 2369908
4014 2371708
4015 2373556
4016 2377780
4017 2382148
4018 2382388
4019 2383948
4020 2386636
4021 2386828
4022 2388316
4023 2390116
4024 2395396
4025 2399068
4026 2402476
4027 2404228
4028 2405236
4029 2410156
4030 2411236
4031 2415388
4032 2416108
4033 2416516
4034 2420068
4035 2422108
4036 2425996
4037 2427076
4038 2431156
4039 2431948
4040 2434204
4041 2434828
4042 2435908
4043 2437228
4044 2437948
4045 2440996
4046 2441836
4047 2442916
4048 2446996
4049 2447020
4050 2449468
4051 2451748
4052 2453068
4053 2453788
4054 2455636
4055 2457676
4056 2462836
4057 2469628
4058 2471476
4059 2473372
4060 2477476
4061 2478676
4062 2480404
4063 2481148
4064 2483620
4065 2484700
4066 2484748
4067 2485924
4068 2486860
4069 2486884
4070 2491684
4071 2492332
4072 2496220
4073 2496988
4074 2499460
4075 2503156
4076 2508172
4077 2509156
4078 2509564
4079 2511412
4080 2513932
4081 2517220
4082 2520460
4083 2522764
4084 2523292
4085 2523532
4086 2523700
4087 2524996
4088 2527444
4089 2529772
4090 2530684
4091 2533924
4092 2535532
4093 2536492
4094 2537164
4095 2538772
4096 2539732
4097 2539852
4098 2540836
4099 2541700
4100 2542012
4101 2542564
4102 2542852
4103 2542972
4104 2543308
4105 2544940
4106 2545804
4107 2546092
4108 2546212
4109 2548180
4110 2548684
4111 2549044
4112 2549740
4113 2549908
4114 2550244
4115 2550388
4116 2552284
4117 2553484
4118 2553532
4119 2554612
4120 2554804
4121 2555092
4122 2556292
4123 2556340
4124 2558044
4125 2559412
4126 2559748
4127 2560972
4128 2561284
4129 2561884
4130 2562532
4131 2562580
4132 2562940
4133 2564212
4134 2564524
4135 2565364
4136 2565700
4137 2565988
4138 2567452
4139 2568244
4140 2568268
4141 2568604
4142 2569180
4143 2569252
4144 2569516
4145 2570692
4146 2574820
4147 2575084
4148 2575252
4149 2575612
4150 2577604
4151 2577940
4152 2578492
4153 2578852
4154 2578900
4155 2579188
4156 2580844
4157 2580892
4158 2581012
4159 2581684
4160 2582140
4161 2582188
4162 2582812
4163 2584924
4164 2585428
4165 2586052
4166 2586940
4167 2587012
4168 2587060
4169 2588212
4170 2588260
4171 2588740
4172 2588788
4173 2588812
4174 2589292
4175 2591500
4176 2592532
4177 2593924
4178 2593948
4179 2594020
4180 2594644
4181 2594812
4182 2594860
4183 2594884
4184 2595172
4185 2597164
4186 2597212
4187 2598172
4188 2598460
4189 2598652
4190 2598700
4191 2600092
4192 2600452
4193 2600500
4194 2601244
4195 2601412
4196 2601460
4197 2601748
4198 2601892
4199 2603332
4200 2603740
4201 2603836
4202 2604532
4203 2604700
4204 2604772
4205 2605132
4206 2605612
4207 2606596
4208 2606620
4209 2606668
4210 2607052
4211 2607100
4212 2607124
4213 2607220
4214 2607820
4215 2607844
4216 2608012
4217 2608084
4218 2608372
4219 2610364
4220 2610460
4221 2611108
4222 2611324
4223 2612548
4224 2613220
4225 2613268
4226 2613484
4227 2613652
4228 2614420
4229 2614444
4230 2616772
4231 2616940
4232 2617012
4233 2617708
4234 2617732
4235 2617924
4236 2619652
4237 2619820
4238 2620060
4239 2620252
4240 2620324
4241 2621020
4242 2621932
4243 2622940
4244 2623108
4245 2623348
4246 2623564
4247 2624308
4248 2624332
4249 2624404
4250 2624692
4251 2625172
4252 2625220
4253 2626228
4254 2626420
4255 2626492
4256 2626660
4257 2626684
4258 2627620
4259 2627644
4260 2629516
4261 2629948
4262 2629972
4263 2630884
4264 2631748
4265 2632828
4266 2632852
4267 2633260
4268 2633692
4269 2636116
4270 2636140
4271 2636548
4272 2636572
4273 2637532
4274 2639428
4275 2639860
4276 2639884
4277 2641060
4278 2641492
4279 2642716
4280 2642740
4281 2643148
4282 2643172
4283 2644300
4284 2644348
4285 2644780
4286 2644900
4287 2644948
4288 2646028
4289 2646052
4290 2646412
4291 2646460
4292 2646652
4293 2648068
4294 2648260
4295 2649316
4296 2649340
4297 2649772
4298 2651356
4299 2652628
4300 2652820
4301 2653084
4302 2654668
4303 2654692
4304 2655940
4305 2656108
4306 2656540
4307 2656564
4308 2657332
4309 2657524
4310 2657956
4311 2657980
4312 2659252
4313 2660620
4314 2661268
4315 2663524
4316 2663572
4317 2663908
4318 2664100
4319 2664556
4320 2664580
4321 2665012
4322 2666452
4323 2667196
4324 2667412
4325 2667868
4326 2667892
4327 2669764
4328 2670508
4329 2670532
4330 2671156
4331 2671180
4332 2672620
4333 2673796
4334 2673820
4335 2674468
4336 2675932
4337 2676604
4338 2677108
4339 2677780
4340 2679412
4341 2679844
4342 2679892
4343 2680396
4344 2680420
4345 2681092
4346 2681692
4347 2682700
4348 2683132
4349 2683180
4350 2683300
4351 2683444
4352 2683708
4353 2683732
4354 2684548
4355 2684572
4356 2684812
4357 2684932
4358 2686420
4359 2686468
4360 2686996
4361 2687020
4362 2689300
4363 2689708
4364 2689780
4365 2690308
4366 2692612
4367 2693044
4368 2693068
4369 2693620
4370 2693788
4371 2694460
4372 2696164
4373 2696308
4374 2696332
4375 2696380
4376 2696932
4377 2697772
4378 2698660
4379 2699620
4380 2699668
4381 2701252
4382 2702740
4383 2702908
4384 2702932
4385 2702980
4386 2703004
4387 2704540
4388 2705260
4389 2706028
4390 2706220
4391 2706268
4392 2706292
4393 2709292
4394 2709316
4395 2709508
4396 2709532
4397 2709580
4398 2711140
4399 2712820
4400 2712892
4401 2714452
4402 2716132
4403 2716204
4404 2718268
4405 2718652
4406 2719444
4407 2722516
4408 2722540
4409 2722564
4410 2725828
4411 2725852
4412 2729116
4413 2729140
4414 2729572
4415 2730292
4416 2730508
4417 2731132
4418 2731852
4419 2732428
4420 2732452
4421 2732812
4422 2735716
4423 2735740
4424 2735764
4425 2738260
4426 2739052
4427 2742340
4428 2742748
4429 2742892
4430 2744188
4431 2745652
4432 2746972
4433 2748964
4434 2749492
4435 2749564
4436 2752804
4437 2758828
4438 2762500
4439 2765356
4440 2765452
4441 2766244
4442 2769100
4443 2769484
4444 2774188
4445 2777668
4446 2778508
4447 2782324
4448 2783740
4449 2784340
4450 2785012
4451 2785348
4452 2785804
4453 2789092
4454 2792188
4455 2793628
4456 2794348
4457 2794708
4458 2795188
4459 2795692
4460 2797468
4461 2798140
4462 2799004
4463 2802196
4464 2803300
4465 2803444
4466 2804308
4467 2804356
4468 2804620
4469 2805004
4470 2808028
4471 2809036
4472 2810548
4473 2813620
4474 2813980
4475 2814892
4476 2815684
4477 2816500
4478 2816860
4479 2818036
4480 2822716
4481 2823340
4482 2823892
4483 2824180
4484 2824372
4485 2824876
4486 2831716
4487 2833180
4488 2834164
4489 2835148
4490 2835196
4491 2837308
4492 2838556
4493 2838580
4494 2840020
4495 2840548
4496 2841988
4497 2842036
4498 2843068
4499 2843620
4500 2844148
4501 2844196
4502 2844292
4503 2845420
4504 2845468
4505 2847388
4506 2848852
4507 2850148
4508 2850292
4509 2850988
4510 2852308
4511 2852356
4512 2853580
4513 2853724
4514 2854228
4515 2854420
4516 2854468
4517 2855740
4518 2856868
4519 2857660
4520 2857708
4521 2857828
4522 2857852
4523 2859196
4524 2860156
4525 2861068
4526 2861092
4527 2861260
4528 2861308
4529 2862628
4530 2863492
4531 2863708
4532 2863900
4533 2864500
4534 2864548
4535 2864692
4536 2864740
4537 2866756
4538 2866996
4539 2867932
4540 2867980
4541 2868124
4542 2869516
4543 2870068
4544 2870548
4545 2870788
4546 2871364
4547 2871580
4548 2871628
4549 2873596
4550 2873836
4551 2873980
4552 2874820
4553 2874868
4554 2875012
4555 2876908
4556 2877268
4557 2877316
4558 2877388
4559 2877412
4560 2878252
4561 2878468
4562 2880436
4563 2880676
4564 2880700
4565 2880820
4566 2880868
4567 2881708
4568 2881900
4569 2883604
4570 2883748
4571 2883868
4572 2883916
4573 2884108
4574 2884156
4575 2884252
4576 2884300
4577 2885140
4578 2885668
4579 2886748
4580 2887180
4581 2887276
4582 2887300
4583 2887540
4584 2887588
4585 2887684
4586 2888788
4587 2890588
4588 2890612
4589 2890708
4590 2890756
4591 2890972
4592 2891140
4593 2891188
4594 2892028
4595 2892076
4596 2892268
4597 2893588
4598 2894020
4599 2894068
4600 2894140
4601 2894188
4602 2894428
4603 2894476
4604 2894572
4605 2896660
4606 2897452
4607 2897500
4608 2897572
4609 2897860
4610 2898028
4611 2900428
4612 2900884
4613 2901028
4614 2901316
4615 2901460
4616 2903860
4617 2903908
4618 2904340
4619 2904388
4620 2904460
4621 2904748
4622 2905228
4623 2906068
4624 2906260
4625 2907268
4626 2907292
4627 2907772
4628 2907916
4629 2908348
4630 2910436
4631 2910700
4632 2910748
4633 2911228
4634 2911348
4635 2911636
4636 2914132
4637 2914660
4638 2917564
4639 2918236
4640 2918380
4641 2918476
4642 2920348
4643 2921020
4644 2921548
4645 2924116
4646 2924452
4647 2925820
4648 2926540
4649 2926900
4650 2927188
4651 2927380
4652 2927908
4653 2930620
4654 2930956
4655 2931340
4656 2933116
4657 2933788
4658 2933860
4659 2934388
4660 2937652
4661 2937796
4662 2937820
4663 2938228
4664 2939668
4665 2939908
4666 2940748
4667 2940820
4668 2940988
4669 2941252
4670 2944420
4671 2944540
4672 2944660
4673 2944684
4674 2944708
4675 2944756
4676 2946748
4677 2947780
4678 2947852
4679 2948068
4680 2948092
4681 2949796
4682 2951524
4683 2951596
4684 2953780
4685 2954788
4686 2954812
4687 2955028
4688 2956636
4689 2956828
4690 2957068
4691 2958340
4692 2958388
4693 2960140
4694 2960188
4695 2960356
4696 2960788
4697 2961916
4698 2964340
4699 2965108
4700 2965300
4701 2966956
4702 2966980
4703 2967100
4704 2967172
4705 2967196
4706 2967268
4707 2967388
4708 2967532
4709 2967628
4710 2967772
4711 2967820
4712 2968756
4713 2970268
4714 2971132
4715 2971300
4716 2972140
4717 2972188
4718 2973988
4719 2976628
4720 2977540
4721 2977588
4722 2977660
4723 2977828
4724 2977948
4725 2978140
4726 2978188
4727 2979076
4728 2980060
4729 2981188
4730 2981428
4731 2981476
4732 2984332
4733 2984596
4734 2984716
4735 2985316
4736 2986204
4737 2986492
4738 2986948
4739 2987092
4740 2988076
4741 2988148
4742 2988436
4743 2988460
4744 2988556
4745 2988748
4746 2991316
4747 2991748
4748 2994628
4749 2995156
4750 2995492
4751 2995636
4752 2997508
4753 2997748
4754 2998348
4755 2998780
4756 2999020
4757 2999068
4758 3001660
4759 3002308
4760 3002356
4761 3002524
4762 3002548
4763 3005380
4764 3005812
4765 3005836
4766 3006052
4767 3006100
4768 3007156
4769 3007348
4770 3008068
4771 3008692
4772 3008908
4773 3008956
4774 3009340
4775 3009388
4776 3009580
4777 3009628
4778 3011308
4779 3012220
4780 3012268
4781 3012412
4782 3012436
4783 3012868
4784 3012916
4785 3013108
4786 3015724
4787 3015748
4788 3015940
4789 3015988
4790 3016396
4791 3016660
4792 3016708
4793 3017476
4794 3018340
4795 3019252
4796 3019300
4797 3019468
4798 3019516
4799 3019948
4800 3019996
4801 3020188
4802 3022780
4803 3022828
4804 3022996
4805 3023476
4806 3023740
4807 3025372
4808 3026308
4809 3026548
4810 3026596
4811 3027028
4812 3027268
4813 3027940
4814 3028228
4815 3028900
4816 3028948
4817 3029860
4818 3029908
4819 3030076
4820 3030556
4821 3032404
4822 3032428
4823 3033388
4824 3033628
4825 3034348
4826 3034972
4827 3034996
4828 3035932
4829 3035980
4830 3036940
4831 3037156
4832 3037636
4833 3038596
4834 3039460
4835 3039508
4836 3040468
4837 3041836
4838 3042028
4839 3042988
4840 3044236
4841 3045268
4842 3046540
4843 3046588
4844 3047548
4845 3048868
4846 3048916
4847 3049060
4848 3049108
4849 3050068
4850 3052156
4851 3052300
4852 3052588
4853 3053620
4854 3055900
4855 3056092
4856 3056116
4857 3057148
4858 3059188
4859 3059332
4860 3059428
4861 3059620
4862 3059668
4863 3062860
4864 3062932
4865 3062956
4866 3063148
4867 3063196
4868 3064228
4869 3066220
4870 3066364
4871 3066388
4872 3066460
4873 3066676
4874 3069748
4875 3069796
4876 3069892
4877 3069940
4878 3069988
4879 3070036
4880 3070228
4881 3070276
4882 3073252
4883 3073276
4884 3073420
4885 3073516
4886 3073756
4887 3076516
4888 3076780
4889 3076828
4890 3076948
4891 3077068
4892 3077116
4893 3077308
4894 3080308
4895 3080500
4896 3080548
4897 3080596
4898 3080836
4899 3083836
4900 3084028
4901 3084148
4902 3087388
4903 3087580
4904 3087676
4905 3087916
4906 3090580
4907 3090916
4908 3091108
4909 3093028
4910 3093988
4911 3094468
4912 3094756
4913 3097612
4914 3097996
4915 3098188
4916 3101140
4917 3104644
4918 3104668
4919 3105076
4920 3108196
4921 3111700
4922 3111748
4923 3111796
4924 3115228
4925 3118756
4926 3118828
4927 3122356
4928 3128908
4929 3129436
4930 3132916
4931 3134068
4932 3135988
4933 3136468
4934 3139996
4935 3141988
4936 3147076
4937 3150532
4938 3156148
4939 3156340
4940 3159436
4941 3166228
4942 3166516
4943 3166612
4944 3166708
4945 3170140
4946 3171868
4947 3173884
4948 3176836
4949 3177220
4950 3177412
4951 3188428
4952 3191644
4953 3195556
4954 3199732
4955 3202396
4956 3202828
4957 3205828
4958 3206020
4959 3208228
4960 3209668
4961 3210100
4962 3211012
4963 3212716
4964 3213100
4965 3216940
4966 3217372
4967 3218836
4968 3219028
4969 3219988
4970 3220372
4971 3220660
4972 3224212
4973 3224740
4974 3227260
4975 3227644
4976 3231580
4977 3232012
4978 3234532
4979 3235012
4980 3237076
4981 3238852
4982 3239380
4983 3241900
4984 3242284
4985 3244108
4986 3244348
4987 3246220
4988 3246652
4989 3246844
4990 3247636
4991 3249172
4992 3249652
4993 3251380
4994 3251620
4995 3253492
4996 3254572
4997 3254716
4998 3254908
4999 3256540
5000 3256924
5001 3257860
5002 3258652
5003 3258892
5004 3261292
5005 3261988
5006 3262180
5007 3262660
5008 3263812
5009 3264700
5010 3265132
5011 3265924
5012 3268132
5013 3269260
5014 3269452
5015 3271564
5016 3271972
5017 3273532
5018 3275404
5019 3276532
5020 3276820
5021 3278452
5022 3280564
5023 3283180
5024 3284092
5025 3285460
5026 3286612
5027 3287932
5028 3288172
5029 3290044
5030 3290596
5031 3291172
5032 3291460
5033 3293884
5034 3295204
5035 3296932
5036 3298540
5037 3298732
5038 3300772
5039 3302812
5040 3305092
5041 3305140
5042 3305812
5043 3306412
5044 3306652
5045 3308428
5046 3308524
5047 3309844
5048 3312412
5049 3313372
5050 3315412
5051 3319684
5052 3320452
5053 3321292
5054 3325132
5055 3327004
5056 3328324
5057 3328420
5058 3330076
5059 3330340
5060 3330484
5061 3331852
5062 3333892
5063 3336124
5064 3336820
5065 3337828
5066 3339772
5067 3341932
5068 3346804
5069 3348820
5070 3348964
5071 3350332
5072 3354700
5073 3356332
5074 3356860
5075 3357412
5076 3358252
5077 3363604
5078 3365260
5079 3365284
5080 3368812
5081 3369628
5082 3370012
5083 3371788
5084 3371884
5085 3372868
5086 3372940
5087 3373060
5088 3373180
5089 3373828
5090 3374068
5091 3375892
5092 3378244
5093 3378652
5094 3380212
5095 3383740
5096 3384652
5097 3386812
5098 3387196
5099 3387868
5100 3388108
5101 3392668
5102 3393292
5103 3394324
5104 3394612
5105 3394780
5106 3395140
5107 3395212
5108 3395500
5109 3395620
5110 3398668
5111 3402652
5112 3403036
5113 3403132
5114 3403228
5115 3405748
5116 3406180
5117 3406540
5118 3406948
5119 3410068
5120 3410164
5121 3410548
5122 3411772
5123 3413260
5124 3413596
5125 3413692
5126 3415204
5127 3417436
5128 3417508
5129 3417580
5130 3417868
5131 3418036
5132 3418060
5133 3418108
5134 3419044
5135 3420676
5136 3420772
5137 3421108
5138 3421876
5139 3424588
5140 3425020
5141 3425092
5142 3425380
5143 3425572
5144 3425788
5145 3425860
5146 3426700
5147 3428188
5148 3428620
5149 3428908
5150 3429268
5151 3429388
5152 3432100
5153 3432268
5154 3432436
5155 3432604
5156 3432820
5157 3433276
5158 3433684
5159 3435700
5160 3436132
5161 3436348
5162 3436420
5163 3438172
5164 3438916
5165 3439516
5166 3439780
5167 3439948
5168 3440308
5169 3440716
5170 3440788
5171 3440836
5172 3441628
5173 3443212
5174 3443428
5175 3444220
5176 3447028
5177 3447676
5178 3447748
5179 3448228
5180 3448612
5181 3448900
5182 3450916
5183 3451276
5184 3451348
5185 3452164
5186 3455260
5187 3455620
5188 3456556
5189 3456652
5190 3458356
5191 3458788
5192 3459076
5193 3459556
5194 3459628
5195 3460828
5196 3461716
5197 3462508
5198 3462676
5199 3463828
5200 3464068
5201 3465868
5202 3466588
5203 3466660
5204 3469756
5205 3470116
5206 3470188
5207 3470548
5208 3471340
5209 3471580
5210 3474076
5211 3475396
5212 3477196
5213 3477268
5214 3478060
5215 3478468
5216 3478852
5217 3479092
5218 3481156
5219 3481588
5220 3482020
5221 3482668
5222 3482908
5223 3485980
5224 3486364
5225 3488668
5226 3489388
5227 3490180
5228 3492916
5229 3493492
5230 3494068
5231 3494236
5232 3496948
5233 3497908
5234 3499996
5235 3501004
5236 3501748
5237 3502108
5238 3504148
5239 3504316
5240 3504460
5241 3504820
5242 3505636
5243 3509020
5244 3511396
5245 3511876
5246 3511972
5247 3512908
5248 3513076
5249 3513148
5250 3515476
5251 3516148
5252 3519484
5253 3520348
5254 3520420
5255 3523660
5256 3526900
5257 3534412
5258 3534988
5259 3535060
5260 3535876
5261 3541924
5262 3542140
5263 3543148
5264 3546460
5265 3547276
5266 3549556
5267 3551668
5268 3553468
5269 3554548
5270 3557068
5271 3557788
5272 3568396
5273 3569188
5274 3572356
5275 3573268
5276 3575908
5277 3576268
5278 3579868
5279 3587236
5280 3587668
5281 3589636
5282 3591196
5283 3593812
5284 3594748
5285 3596908
5286 3597388
5287 3597652
5288 3597988
5289 3602596
5290 3604660
5291 3604684
5292 3605140
5293 3607972
5294 3608308
5295 3608788
5296 3610108
5297 3615724
5298 3616540
5299 3617188
5300 3619300
5301 3620836
5302 3621028
5303 3621436
5304 3622948
5305 3623812
5306 3627916
5307 3628060
5308 3628948
5309 3630028
5310 3630988
5311 3632716
5312 3632836
5313 3635188
5314 3635668
5315 3638452
5316 3640276
5317 3641428
5318 3642940
5319 3643276
5320 3643420
5321 3647356
5322 3649828
5323 3650692
5324 3651172
5325 3651580
5326 3652468
5327 3654628
5328 3655108
5329 3657580
5330 3658444
5331 3659116
5332 3662380
5333 3663796
5334 3663868
5335 3664996
5336 3665332
5337 3666796
5338 3666868
5339 3668308
5340 3669268
5341 3671860
5342 3672148
5343 3673084
5344 3673948
5345 3674068
5346 3674548
5347 3675196
5348 3676060
5349 3677020
5350 3681028
5351 3681820
5352 3683236
5353 3683812
5354 3685348
5355 3686236
5356 3686308
5357 3687748
5358 3688516
5359 3688708
5360 3688780
5361 3689932
5362 3690748
5363 3690988
5364 3691564
5365 3693508
5366 3693580
5367 3695236
5368 3695500
5369 3696460
5370 3697588
5371 3698500
5372 3698740
5373 3700468
5374 3702076
5375 3702676
5376 3705340
5377 3706252
5378 3706492
5379 3707188
5380 3707260
5381 3708148
5382 3708220
5383 3709828
5384 3710188
5385 3710428
5386 3712228
5387 3712324
5388 3712684
5389 3713476
5390 3714004
5391 3714940
5392 3717028
5393 3717580
5394 3717940
5395 3718756
5396 3718948
5397 3719980
5398 3721228
5399 3721948
5400 3722116
5401 3724012
5402 3725332
5403 3726628
5404 3726700
5405 3728020
5406 3728980
5407 3729868
5408 3730708
5409 3731668
5410 3732916
5411 3733276
5412 3733876
5413 3735412
5414 3735772
5415 3736732
5416 3737380
5417 3738460
5418 3740356
5419 3740668
5420 3740956
5421 3741028
5422 3741388
5423 3741556
5424 3741628
5425 3743428
5426 3743812
5427 3746500
5428 3747460
5429 3748708
5430 3749068
5431 3749140
5432 3750148
5433 3755860
5434 3759220
5435 3759268
5436 3760108
5437 3760396
5438 3761908
5439 3762292
5440 3763252
5441 3763612
5442 3765076
5443 3765196
5444 3765940
5445 3770044
5446 3771364
5447 3771796
5448 3771868
5449 3772228
5450 3772588
5451 3775012
5452 3775180
5453 3776836
5454 3777700
5455 3779236
5456 3780868
5457 3781732
5458 3781972
5459 3783916
5460 3784348
5461 3784732
5462 3786988
5463 3788020
5464 3788380
5465 3790804
5466 3792484
5467 3792628
5468 3793492
5469 3793660
5470 3795316
5471 3795676
5472 3796660
5473 3798676
5474 3802756
5475 3803812
5476 3804172
5477 3804412
5478 3805420
5479 3805588
5480 3806428
5481 3807076
5482 3808420
5483 3809284
5484 3810508
5485 3811468
5486 3815212
5487 3815500
5488 3815932
5489 3817732
5490 3818116
5491 3820348
5492 3820516
5493 3820612
5494 3822196
5495 3822868
5496 3824212
5497 3826900
5498 3827260
5499 3827428
5500 3827860
5501 3828028
5502 3831724
5503 3833140
5504 3833956
5505 3838660
5506 3838828
5507 3839068
5508 3839356
5509 3839788
5510 3841708
5511 3842044
5512 3843052
5513 3845068
5514 3845308
5515 3848068
5516 3849748
5517 3849844
5518 3850588
5519 3850756
5520 3851116
5521 3852676
5522 3853396
5523 3854452
5524 3855580
5525 3859996
5526 3860908
5527 3861532
5528 3862516
5529 3863428
5530 3863860
5531 3864484
5532 3865156
5533 3865540
5534 3866908
5535 3867508
5536 3868996
5537 3873292
5538 3875812
5539 3876748
5540 3876892
5541 3878308
5542 3878836
5543 3881332
5544 3882748
5545 3884164
5546 3884836
5547 3884980
5548 3885388
5549 3889084
5550 3890236
5551 3892156
5552 3896740
5553 3896908
5554 3897076
5555 3897148
5556 3898900
5557 3899068
5558 3899092
5559 3899668
5560 3900772
5561 3903724
5562 3905188
5563 3908140
5564 3908836
5565 3910996
5566 3911812
5567 3912532
5568 3912940
5569 3914980
5570 3915052
5571 3915652
5572 3916228
5573 3917116
5574 3919900
5575 3920380
5576 3922396
5577 3923068
5578 3923140
5579 3923740
5580 3924004
5581 3924100
5582 3924316
5583 3924628
5584 3924868
5585 3926980
5586 3928324
5587 3931252
5588 3931828
5589 3932212
5590 3935932
5591 3936388
5592 3936508
5593 3936556
5594 3937564
5595 3937852
5596 3938380
5597 3939724
5598 3943156
5599 3944020
5600 3945220
5601 3946468
5602 3946732
5603 3947260
5604 3947452
5605 3947500
5606 3947524
5607 3947620
5608 3947812
5609 3948100
5610 3948316
5611 3951052
5612 3952780
5613 3953716
5614 3954556
5615 3955900
5616 3957028
5617 3959140
5618 3959380
5619 3959644
5620 3960004
5621 3961084
5622 3961420
5623 3962452
5624 3962740
5625 3963988
5626 3964108
5627 3966748
5628 3967228
5629 3967540
5630 3967804
5631 3968092
5632 3968716
5633 3969172
5634 3969508
5635 3970012
5636 3970540
5637 3971332
5638 3971620
5639 3972772
5640 3973012
5641 3975316
5642 3976036
5643 3978628
5644 3979420
5645 3982732
5646 3983020
5647 3983500
5648 3984364
5649 3984700
5650 3984940
5651 3985444
5652 3986284
5653 3986572
5654 3986716
5655 3987100
5656 3989332
5657 3990820
5658 3991588
5659 3991612
5660 3992452
5661 3992788
5662 3993292
5663 3993892
5664 3994612
5665 3994900
5666 3995692
5667 3995932
5668 3997084
5669 3997420
5670 3999700
5671 3999772
5672 4000348
5673 4001212
5674 4001500
5675 4002988
5676 4003012
5677 4003780
5678 4005172
5679 4005508
5680 4007092
5681 4007860
5682 4008772
5683 4009612
5684 4010932
5685 4011100
5686 4011172
5687 4011892
5688 4013260
5689 4013596
5690 4015180
5691 4015972
5692 4016236
5693 4016860
5694 4017364
5695 4017700
5696 4018228
5697 4019260
5698 4019548
5699 4019788
5700 4020532
5701 4021348
5702 4021732
5703 4021780
5704 4023292
5705 4024948
5706 4024996
5707 4025452
5708 4025812
5709 4027300
5710 4027372
5711 4027732
5712 4028428
5713 4028620
5714 4029532
5715 4029868
5716 4029892
5717 4031404
5718 4031452
5719 4031692
5720 4033036
5721 4033372
5722 4033972
5723 4035532
5724 4035580
5725 4036324
5726 4036708
5727 4037140
5728 4037644
5729 4037980
5730 4038052
5731 4040356
5732 4040620
5733 4040812
5734 4041220
5735 4041724
5736 4042060
5737 4044412
5738 4044796
5739 4045732
5740 4046140
5741 4048252
5742 4048900
5743 4049308
5744 4049332
5745 4049812
5746 4050172
5747 4050508
5748 4051972
5749 4052500
5750 4053892
5751 4054252
5752 4056052
5753 4056100
5754 4056340
5755 4057156
5756 4057420
5757 4057492
5758 4057924
5759 4057972
5760 4058332
5761 4060588
5762 4061068
5763 4061500
5764 4062004
5765 4062412
5766 4064428
5767 4064692
5768 4065172
5769 4065580
5770 4065868
5771 4066084
5772 4066324
5773 4066660
5774 4066708
5775 4068772
5776 4069180
5777 4069252
5778 4069612
5779 4070164
5780 4071532
5781 4072324
5782 4072516
5783 4073260
5784 4073692
5785 4074412
5786 4076860
5787 4076884
5788 4077340
5789 4077772
5790 4078588
5791 4079092
5792 4080748
5793 4080964
5794 4081372
5795 4081852
5796 4082548
5797 4082620
5798 4082932
5799 4082980
5800 4083220
5801 4083820
5802 4084972
5803 4085452
5804 4086604
5805 4087180
5806 4088500
5807 4088788
5808 4088812
5809 4089052
5810 4089532
5811 4089772
5812 4090084
5813 4090228
5814 4090348
5815 4090684
5816 4090852
5817 4090972
5818 4091332
5819 4093132
5820 4093612
5821 4094932
5822 4095100
5823 4096588
5824 4096900
5825 4097164
5826 4098076
5827 4098292
5828 4099372
5829 4100980
5830 4101244
5831 4101988
5832 4102372
5833 4102660
5834 4103188
5835 4103452
5836 4103500
5837 4103740
5838 4104676
5839 4105060
5840 4105324
5841 4105564
5842 4106788
5843 4107124
5844 4107484
5845 4107580
5846 4107628
5847 4107868
5848 4109092
5849 4109404
5850 4111204
5851 4111708
5852 4112884
5853 4113172
5854 4114132
5855 4114180
5856 4114876
5857 4115332
5858 4115380
5859 4115620
5860 4117252
5861 4118548
5862 4118812
5863 4119460
5864 4120972
5865 4121332
5866 4122892
5867 4122940
5868 4123180
5869 4123684
5870 4123972
5871 4124140
5872 4125052
5873 4125844
5874 4126636
5875 4127020
5876 4127068
5877 4127812
5878 4128100
5879 4129924
5880 4130572
5881 4131148
5882 4131388
5883 4131724
5884 4131892
5885 4132228
5886 4132924
5887 4133164
5888 4134652
5889 4135852
5890 4136356
5891 4137220
5892 4137244
5893 4137772
5894 4138012
5895 4138324
5896 4138780
5897 4138828
5898 4139068
5899 4139452
5900 4139500
5901 4139980
5902 4140244
5903 4140532
5904 4141252
5905 4141324
5906 4143412
5907 4143580
5908 4144108
5909 4144324
5910 4144660
5911 4145332
5912 4145404
5913 4146100
5914 4146364
5915 4147540
5916 4148284
5917 4149412
5918 4150228
5919 4150444
5920 4150492
5921 4151668
5922 4151932
5923 4152412
5924 4153444
5925 4153492
5926 4154572
5927 4154620
5928 4155172
5929 4155340
5930 4155796
5931 4156012
5932 4157092
5933 4157452
5934 4158292
5935 4159300
5936 4159972
5937 4161220
5938 4161604
5939 4162372
5940 4162420
5941 4162660
5942 4163428
5943 4163692
5944 4164100
5945 4164460
5946 4164700
5947 4164844
5948 4165204
5949 4165300
5950 4165684
5951 4167556
5952 4168972
5953 4169764
5954 4170172
5955 4170628
5956 4170964
5957 4171732
5958 4172812
5959 4173364
5960 4173652
5961 4175092
5962 4175860
5963 4176532
5964 4177012
5965 4177612
5966 4179220
5967 4180660
5968 4181404
5969 4182892
5970 4183348
5971 4185532
5972 4186444
5973 4186516
5974 4187020
5975 4187524
5976 4188292
5977 4188532
5978 4189108
5979 4189372
5980 4189924
5981 4191148
5982 4191652
5983 4192420
5984 4193092
5985 4195276
5986 4196740
5987 4197892
5988 4198012
5989 4198660
5990 4198708
5991 4199452
5992 4200364
5993 4200868
5994 4201660
5995 4202092
5996 4202212
5997 4202284
5998 4202788
5999 4203580
6000 4204084
6001 4204852
6002 4206964
6003 4208212
6004 4210804
6005 4210852
6006 4211092
6007 4212292
6008 4212892
6009 4213372
6010 4213612
6011 4213972
6012 4215052
6013 4215220
6014 4216012
6015 4219180
6016 4219348
6017 4220140
6018 4220644
6019 4222420
6020 4222492
6021 4223308
6022 4223524
6023 4223572
6024 4224964
6025 4225732
6026 4226620
6027 4226692
6028 4227244
6029 4227436
6030 4227652
6031 4229524
6032 4230052
6033 4230820
6034 4231324
6035 4231372
6036 4232572
6037 4233172
6038 4234180
6039 4234252
6040 4234852
6041 4235452
6042 4235500
6043 4235740
6044 4235764
6045 4236892
6046 4236964
6047 4237252
6048 4238380
6049 4238452
6050 4238932
6051 4239052
6052 4239460
6053 4239580
6054 4239628
6055 4240084
6056 4241524
6057 4242580
6058 4243252
6059 4243708
6060 4244044
6061 4244212
6062 4246612
6063 4247884
6064 4248172
6065 4249972
6066 4250044
6067 4250812
6068 4251844
6069 4252012
6070 4252300
6071 4252852
6072 4253452
6073 4254172
6074 4254244
6075 4254532
6076 4255012
6077 4255732
6078 4256644
6079 4257772
6080 4258372
6081 4259692
6082 4259932
6083 4260100
6084 4260364
6085 4260748
6086 4261324
6087 4261900
6088 4262404
6089 4263700
6090 4264132
6091 4264228
6092 4264492
6093 4264732
6094 4266604
6095 4267492
6096 4268332
6097 4268356
6098 4268572
6099 4270804
6100 4271164
6101 4271620
6102 4271692
6103 4274332
6104 4275892
6105 4276132
6106 4276924
6107 4277524
6108 4278532
6109 4280092
6110 4281004
6111 4282732
6112 4283284
6113 4284964
6114 4285612
6115 4285924
6116 4285972
6117 4286932
6118 4287220
6119 4287484
6120 4288972
6121 4289092
6122 4290172
6123 4291684
6124 4294132
6125 4294684
6126 4295212
6127 4295452
6128 4295884
6129 4297012
6130 4298260
6131 4298332
6132 4298404
6133 4299412
6134 4301212
6135 4301260
6136 4301524
6137 4302460
6138 4302604
6139 4303612
6140 4303972
6141 4305652
6142 4307812
6143 4308412
6144 4310332
6145 4310404
6146 4310452
6147 4310572
6148 4310692
6149 4311364
6150 4311964
6151 4312300
6152 4312540
6153 4312660
6154 4312804
6155 4314652
6156 4314892
6157 4317004
6158 4317052
6159 4318084
6160 4318684
6161 4319284
6162 4320004
6163 4321540
6164 4322764
6165 4322884
6166 4323484
6167 4324972
6168 4326964
6169 4327084
6170 4327372
6171 4327612
6172 4327684
6173 4327828
6174 4328548
6175 4328764
6176 4328932
6177 4328980
6178 4329220
6179 4329580
6180 4331572
6181 4331884
6182 4332484
6183 4333924
6184 4334980
6185 4335124
6186 4335652
6187 4335772
6188 4336012
6189 4336324
6190 4336492
6191 4336612
6192 4337092
6193 4338124
6194 4338172
6195 4339564
6196 4339972
6197 4342372
6198 4342420
6199 4343644
6200 4343764
6201 4345852
6202 4346620
6203 4347484
6204 4347844
6205 4347964
6206 4348804
6207 4350052
6208 4350100
6209 4350580
6210 4350964
6211 4351684
6212 4352044
6213 4352164
6214 4352284
6215 4353004
6216 4353052
6217 4354084
6218 4354300
6219 4354348
6220 4355164
6221 4355212
6222 4356244
6223 4358548
6224 4359244
6225 4359412
6226 4359844
6227 4360972
6228 4361092
6229 4361140
6230 4361260
6231 4362892
6232 4363372
6233 4363492
6234 4364164
6235 4365628
6236 4367740
6237 4368004
6238 4368292
6239 4368364
6240 4369924
6241 4371124
6242 4371172
6243 4371340
6244 4371988
6245 4372204
6246 4372492
6247 4372564
6248 4373164
6249 4374124
6250 4374172
6251 4375420
6252 4376284
6253 4376692
6254 4376764
6255 4377364
6256 4378012
6257 4378372
6258 4378420
6259 4379668
6260 4380532
6261 4380724
6262 4380892
6263 4382212
6264 4382620
6265 4383916
6266 4384924
6267 4385860
6268 4386004
6269 4386460
6270 4386508
6271 4386964
6272 4388212
6273 4389124
6274 4391164
6275 4392460
6276 4393324
6277 4393684
6278 4394284
6279 4394404
6280 4394452
6281 4395244
6282 4395412
6283 4397812
6284 4398172
6285 4398484
6286 4398532
6287 4398700
6288 4399492
6289 4401604
6290 4402420
6291 4402732
6292 4402780
6293 4402900
6294 4403332
6295 4403500
6296 4403740
6297 4404004
6298 4405252
6299 4407580
6300 4407988
6301 4408204
6302 4409500
6303 4410004
6304 4411492
6305 4411828
6306 4412092
6307 4412284
6308 4414204
6309 4415524
6310 4416076
6311 4416532
6312 4418404
6313 4418932
6314 4419004
6315 4419604
6316 4419772
6317 4420372
6318 4422292
6319 4423132
6320 4423252
6321 4423300
6322 4423852
6323 4424020
6324 4424284
6325 4424620
6326 4427380
6327 4427500
6328 4428100
6329 4428268
6330 4429324
6331 4430332
6332 4432348
6333 4433572
6334 4435564
6335 4435972
6336 4436044
6337 4436644
6338 4436812
6339 4437412
6340 4440124
6341 4440892
6342 4441660
6343 4444252
6344 4444372
6345 4446364
6346 4448500
6347 4448620
6348 4448884
6349 4449604
6350 4452748
6351 4452868
6352 4453084
6353 4453684
6354 4453852
6355 4454452
6356 4456684
6357 4456996
6358 4457164
6359 4457932
6360 4460644
6361 4460692
6362 4460932
6363 4461292
6364 4461412
6365 4465180
6366 4466644
6367 4469428
6368 4470724
6369 4473724
6370 4474204
6371 4477564
6372 4477972
6373 4478332
6374 4478452
6375 4479052
6376 4481764
6377 4481812
6378 4482580
6379 4486012
6380 4486060
6381 4486324
6382 4490260
6383 4490308
6384 4490764
6385 4491244
6386 4494508
6387 4495012
6388 4495372
6389 4498804
6390 4502884
6391 4503052
6392 4505428
6393 4505572
6394 4506100
6395 4507804
6396 4511380
6397 4511644
6398 4513708
6399 4514812
6400 4515028
6401 4515628
6402 4515892
6403 4519876
6404 4520092
6405 4522420
6406 4523740
6407 4523980
6408 4527892
6409 4528684
6410 4528732
6411 4531228
6412 4531468
6413 4532068
6414 4532884
6415 4536964
6416 4539340
6417 4539412
6418 4540012
6419 4540180
6420 4540780
6421 4540996
6422 4541020
6423 4541212
6424 4544260
6425 4545148
6426 4545772
6427 4548340
6428 4549012
6429 4552972
6430 4553380
6431 4553860
6432 4554004
6433 4556068
6434 4558252
6435 4561420
6436 4561684
6437 4561852
6438 4564660
6439 4564684
6440 4565548
6441 4566028
6442 4566052
6443 4566100
6444 4566220
6445 4566388
6446 4570876
6447 4571044
6448 4573588
6449 4574308
6450 4574500
6451 4574980
6452 4577092
6453 4577956
6454 4579228
6455 4579588
6456 4581340
6457 4581988
6458 4582348
6459 4583068
6460 4583260
6461 4585804
6462 4587148
6463 4589764
6464 4589932
6465 4590052
6466 4590412
6467 4590652
6468 4590868
6469 4591108
6470 4591780
6471 4592020
6472 4592260
6473 4592308
6474 4595020
6475 4595860
6476 4597660
6477 4599628
6478 4600492
6479 4603540
6480 4604572
6481 4604860
6482 4604908
6483 4605220
6484 4606300
6485 4607668
6486 4608796
6487 4608940
6488 4608988
6489 4609204
6490 4609228
6491 4611796
6492 4613284
6493 4613308
6494 4613572
6495 4613620
6496 4614508
6497 4615012
6498 4615132
6499 4615180
6500 4615420
6501 4616020
6502 4616380
6503 4616668
6504 4617076
6505 4617652
6506 4617700
6507 4617940
6508 4617988
6509 4618108
6510 4620508
6511 4622020
6512 4622068
6513 4622308
6514 4624228
6515 4625092
6516 4626388
6517 4626700
6518 4626748
6519 4629220
6520 4629460
6521 4629508
6522 4629868
6523 4630780
6524 4630828
6525 4630900
6526 4631068
6527 4632940
6528 4633588
6529 4633636
6530 4633804
6531 4633828
6532 4635148
6533 4637932
6534 4637956
6535 4638172
6536 4638220
6537 4639540
6538 4639828
6539 4640740
6540 4641052
6541 4641652
6542 4642300
6543 4642348
6544 4642540
6545 4642588
6546 4642708
6547 4643836
6548 4643908
6549 4643980
6550 4645108
6551 4646020
6552 4646068
6553 4646668
6554 4646716
6555 4646908
6556 4648588
6557 4649308
6558 4650364
6559 4650388
6560 4651036
6561 4651300
6562 4651348
6563 4653412
6564 4653820
6565 4654732
6566 4654780
6567 4655428
6568 4655476
6569 4655548
6570 4655668
6571 4657780
6572 4658020
6573 4659100
6574 4659148
6575 4659268
6576 4659796
6577 4660060
6578 4662532
6579 4663468
6580 4664188
6581 4664428
6582 4664500
6583 4665004
6584 4666300
6585 4666540
6586 4666732
6587 4666900
6588 4666948
6589 4667380
6590 4667788
6591 4667860
6592 4667908
6593 4667980
6594 4668124
6595 4668556
6596 4668628
6597 4668676
6598 4668772
6599 4668868
6600 4669060
6601 4669612
6602 4670428
6603 4671100
6604 4671148
6605 4671244
6606 4671268
6607 4672228
6608 4672996
6609 4673188
6610 4673260
6611 4674676
6612 4675444
6613 4675468
6614 4675612
6615 4675660
6616 4676620
6617 4677316
6618 4677388
6619 4677628
6620 4677748
6621 4677772
6622 4679140
6623 4679812
6624 4679980
6625 4680028
6626 4680988
6627 4681108
6628 4681756
6629 4681876
6630 4681900
6631 4683388
6632 4684180
6633 4684228
6634 4684348
6635 4685428
6636 4685932
6637 4686268
6638 4686460
6639 4687468
6640 4687852
6641 4688548
6642 4688740
6643 4688788
6644 4688860
6645 4689748
6646 4689820
6647 4690588
6648 4690828
6649 4691020
6650 4692100
6651 4692220
6652 4692268
6653 4692940
6654 4692988
6655 4693060
6656 4693108
6657 4693156
6658 4694188
6659 4694308
6660 4694332
6661 4694956
6662 4695148
6663 4695628
6664 4696180
6665 4696468
6666 4696564
6667 4696588
6668 4697308
6669 4697500
6670 4699588
6671 4699732
6672 4700812
6673 4700836
6674 4700932
6675 4700980
6676 4701532
6677 4701700
6678 4701868
6679 4701940
6680 4701988
6681 4703020
6682 4703716
6683 4703740
6684 4703860
6685 4704100
6686 4704892
6687 4705180
6688 4705228
6689 4705300
6690 4705348
6691 4705468
6692 4706068
6693 4706140
6694 4706188
6695 4706308
6696 4707388
6697 4707460
6698 4707724
6699 4708708
6700 4709260
6701 4709548
6702 4709596
6703 4709668
6704 4710508
6705 4710628
6706 4710700
6707 4711828
6708 4712788
6709 4712860
6710 4713004
6711 4713604
6712 4713628
6713 4713916
6714 4714060
6715 4714828
6716 4714900
6717 4715068
6718 4715188
6719 4716148
6720 4716916
6721 4716988
6722 4717132
6723 4717972
6724 4718020
6725 4718308
6726 4718356
6727 4718428
6728 4719268
6729 4719388
6730 4719580
6731 4719700
6732 4720588
6733 4720660
6734 4721500
6735 4721908
6736 4722340
6737 4722676
6738 4722820
6739 4723900
6740 4726132
6741 4726276
6742 4726708
6743 4727068
6744 4727188
6745 4727308
6746 4728100
6747 4728268
6748 4728340
6749 4729348
6750 4729420
6751 4729564
6752 4730260
6753 4731100
6754 4731148
6755 4731436
6756 4731508
6757 4732468
6758 4733932
6759 4734940
6760 4735468
6761 4735876
6762 4735948
6763 4736020
6764 4736860
6765 4737028
6766 4737148
6767 4737172
6768 4737916
6769 4739860
6770 4740196
6771 4740388
6772 4741228
6773 4742692
6774 4743460
6775 4743700
6776 4744228
6777 4744300
6778 4744636
6779 4744756
6780 4744900
6781 4745284
6782 4745740
6783 4745932
6784 4747228
6785 4750228
6786 4750300
6787 4750444
6788 4752412
6789 4752748
6790 4752988
6791 4753060
6792 4753468
6793 4753588
6794 4753660
6795 4754428
6796 4754500
6797 4754812
6798 4755892
6799 4756732
6800 4756780
6801 4757428
6802 4757836
6803 4758028
6804 4759012
6805 4760500
6806 4761124
6807 4761148
6808 4761748
6809 4762348
6810 4763572
6811 4763620
6812 4765516
6813 4766260
6814 4766596
6815 4766860
6816 4767772
6817 4769164
6818 4769860
6819 4769908
6820 4769956
6821 4770628
6822 4771108
6823 4771300
6824 4771468
6825 4773700
6826 4774228
6827 4775548
6828 4775620
6829 4776772
6830 4778308
6831 4778596
6832 4778668
6833 4779388
6834 4779796
6835 4779868
6836 4780132
6837 4780972
6838 4781140
6839 4781380
6840 4782292
6841 4783036
6842 4785580
6843 4786972
6844 4788892
6845 4790044
6846 4790428
6847 4791508
6848 4791796
6849 4792588
6850 4794244
6851 4794580
6852 4796116
6853 4796356
6854 4797172
6855 4797940
6856 4798780
6857 4799188
6858 4800508
6859 4802092
6860 4804780
6861 4804876
6862 4805068
6863 4805788
6864 4805932
6865 4806340
6866 4807852
6867 4808020
6868 4812052
6869 4812220
6870 4812940
6871 4813636
6872 4814980
6873 4815364
6874 4815748
6875 4816588
6876 4816828
6877 4818196
6878 4819132
6879 4819612
6880 4821532
6881 4821748
6882 4822516
6883 4824148
6884 4824508
6885 4825660
6886 4825828
6887 4825900
6888 4826068
6889 4829860
6890 4831276
6891 4831396
6892 4831612
6893 4832404
6894 4833172
6895 4834804
6896 4835332
6897 4835980
6898 4836940
6899 4837420
6900 4837708
6901 4839100
6902 4839268
6903 4839412
6904 4839964
6905 4840108
6906 4841956
6907 4843300
6908 4843468
6909 4844476
6910 4847668
6911 4849060
6912 4850212
6913 4850980
6914 4851148
6915 4851772
6916 4852540
6917 4852612
6918 4852780
6919 4852852
6920 4853092
6921 4853236
6922 4854748
6923 4855228
6924 4856740
6925 4857820
6926 4857940
6927 4864420
6928 4864588
6929 4864660
6930 4865284
6931 4866436
6932 4866652
6933 4868020
6934 4868668
6935 4868788
6936 4868836
6937 4868908
6938 4869652
6939 4870252
6940 4870348
6941 4871020
6942 4871212
6943 4873036
6944 4874548
6945 4877500
6946 4877860
6947 4877932
6948 4878100
6949 4879564
6950 4879924
6951 4883764
6952 4883788
6953 4883860
6954 4884292
6955 4885828
6956 4887988
6957 4888060
6958 4889020
6959 4889068
6960 4891372
6961 4893052
6962 4894900
6963 4895620
6964 4895668
6965 4899916
6966 4901572
6967 4902100
6968 4902196
6969 4902268
6970 4902820
6971 4903444
6972 4904884
6973 4906252
6974 4906828
6975 4909108
6976 4909180
6977 4910812
6978 4912708
6979 4913356
6980 4913428
6981 4915012
6982 4915396
6983 4915540
6984 4919524
6985 4919908
6986 4920268
6987 4921924
6988 4922692
6989 4924636
6990 4926148
6991 4926220
6992 4926940
6993 4928524
6994 4928668
6995 4928980
6996 4933348
6997 4936132
6998 4937716
6999 4939732
7000 4940380
7001 4941868
7002 4942276
7003 4942420
7004 4946476
7005 4949644
7006 4951516
7007 4953172
7008 4953892
7009 4955140
7010 4955308
7011 4955476
7012 4955548
7013 4956100
7014 4959676
7015 4960228
7016 4964596
7017 4964956
7018 4965028
7019 4966684
7020 4968748
7021 4969444
7022 4972948
7023 4973356
7024 4973668
7025 4973740
7026 4978036
7027 4986556
7028 4986796
7029 4987252
7030 4990756
7031 4991620
7032 4991980
7033 4995772
7034 4999828
7035 4999996
7036 5000068
7037 5000380
7038 5000692
7039 5005060
7040 5005492
7041 5009044
7042 5012740
7043 5012980
7044 5013268
7045 5013820
7046 5014204
7047 5018572
7048 5026852
7049 5027020
7050 5027332
7051 5031076
7052 5040292
7053 5040532
7054 5044516
7055 5047780
7056 5053804
7057 5065708
7058 5071612
7059 5075788
7060 5085052
7061 5092300
7062 5092828
7063 5098564
7064 5105308
7065 5105812
7066 5109988
7067 5110420
7068 5111788
7069 5118508
7070 5118892
7071 5119132
7072 5123740
7073 5131780
7074 5132260
7075 5136388
7076 5136868
7077 5147836
7078 5150068
7079 5155972
7080 5160580
7081 5161348
7082 5164684
7083 5165188
7084 5169052
7085 5169292
7086 5169796
7087 5171932
7088 5173660
7089 5173900
7090 5177812
7091 5178268
7092 5178508
7093 5182420
7094 5182876
7095 5187028
7096 5187676
7097 5188348
7098 5188972
7099 5191012
7100 5191636
7101 5192956
7102 5195620
7103 5197060
7104 5200228
7105 5200516
7106 5201428
7107 5201668
7108 5202100
7109 5204284
7110 5204836
7111 5206036
7112 5208892
7113 5210188
7114 5211124
7115 5211508
7116 5213500
7117 5214796
7118 5216116
7119 5218108
7120 5220220
7121 5221132
7122 5222092
7123 5223388
7124 5224588
7125 5224828
7126 5226700
7127 5227396
7128 5227996
7129 5229196
7130 5230180
7131 5231308
7132 5233348
7133 5235532
7134 5235916
7135 5236660
7136 5237956
7137 5238892
7138 5239276
7139 5240140
7140 5241268
7141 5243260
7142 5244748
7143 5246548
7144 5247868
7145 5247988
7146 5249044
7147 5249356
7148 5251156
7149 5252356
7150 5253652
7151 5254468
7152 5256628
7153 5257564
7154 5258260
7155 5259076
7156 5259820
7157 5261116
7158 5261932
7159 5262172
7160 5262868
7161 5264428
7162 5265220
7163 5266540
7164 5266660
7165 5267908
7166 5270692
7167 5271028
7168 5272516
7169 5274316
7170 5275300
7171 5279788
7172 5281420
7173 5281972
7174 5282236
7175 5283100
7176 5283892
7177 5285332
7178 5287588
7179 5288500
7180 5289700
7181 5290732
7182 5291068
7183 5292988
7184 5293348
7185 5295676
7186 5297164
7187 5298460
7188 5299204
7189 5300908
7190 5301772
7191 5304580
7192 5305396
7193 5306260
7194 5308372
7195 5308420
7196 5309188
7197 5311660
7198 5312020
7199 5313028
7200 5317132
7201 5317636
7202 5318836
7203 5320684
7204 5321980
7205 5324068
7206 5324932
7207 5330332
7208 5332348
7209 5337508
7210 5340196
7211 5340652
7212 5342740
7213 5343604
7214 5345500
7215 5348452
7216 5351020
7217 5351932
7218 5353852
7219 5356180
7220 5358700
7221 5361412
7222 5362012
7223 5363956
7224 5364172
7225 5365228
7226 5365444
7227 5366260
7228 5366620
7229 5367124
7230 5368060
7231 5369692
7232 5374852
7233 5377372
7234 5379700
7235 5382508
7236 5384932
7237 5387116
7238 5388364
7239 5388964
7240 5389780
7241 5390428
7242 5390644
7243 5391580
7244 5392084
7245 5393212
7246 5393572
7247 5393716
7248 5395612
7249 5395780
7250 5398372
7251 5400892
7252 5403868
7253 5404708
7254 5404852
7255 5405788
7256 5408452
7257 5410276
7258 5411884
7259 5412580
7260 5414164
7261 5416732
7262 5419852
7263 5421148
7264 5421628
7265 5421892
7266 5422660
7267 5423596
7268 5431636
7269 5431708
7270 5431972
7271 5433340
7272 5435404
7273 5436100
7274 5436868
7275 5438524
7276 5440300
7277 5440780
7278 5442580
7279 5443132
7280 5445412
7281 5447620
7282 5449612
7283 5450116
7284 5450308
7285 5451148
7286 5451316
7287 5456788
7288 5456860
7289 5458876
7290 5458924
7291 5460028
7292 5460388
7293 5463820
7294 5466292
7295 5467252
7296 5473156
7297 5473708
7298 5473828
7299 5474596
7300 5474668
7301 5476252
7302 5478028
7303 5479180
7304 5484964
7305 5485564
7306 5486356
7307 5487340
7308 5488036
7309 5488108
7310 5488948
7311 5490172
7312 5492380
7313 5497180
7314 5498332
7315 5498812
7316 5501548
7317 5501620
7318 5502388
7319 5503156
7320 5505316
7321 5505508
7322 5506564
7323 5507260
7324 5509084
7325 5513692
7326 5514196
7327 5515900
7328 5516596
7329 5517388
7330 5517436
7331 5517484
7332 5520772
7333 5521540
7334 5521852
7335 5522308
7336 5524660
7337 5530108
7338 5530876
7339 5532004
7340 5535052
7341 5535748
7342 5536588
7343 5536852
7344 5537500
7345 5540692
7346 5542108
7347 5543812
7348 5544388
7349 5549260
7350 5550028
7351 5551708
7352 5551780
7353 5553580
7354 5554900
7355 5555116
7356 5555524
7357 5556316
7358 5560420
7359 5561332
7360 5563540
7361 5565268
7362 5568412
7363 5569180
7364 5570668
7365 5578996
7366 5579044
7367 5579476
7368 5579548
7369 5580268
7370 5581588
7371 5582596
7372 5582692
7373 5583172
7374 5583940
7375 5584876
7376 5588332
7377 5592892
7378 5594548
7379 5598148
7380 5599156
7381 5599420
7382 5601844
7383 5602036
7384 5604028
7385 5604364
7386 5608036
7387 5611660
7388 5618308
7389 5618572
7390 5620108
7391 5620996
7392 5621380
7393 5621668
7394 5622316
7395 5623180
7396 5626348
7397 5626708
7398 5627116
7399 5632132
7400 5632852
7401 5633332
7402 5635876
7403 5636836
7404 5637460
7405 5638036
7406 5640532
7407 5640988
7408 5641468
7409 5645788
7410 5646268
7411 5646340
7412 5652004
7413 5656612
7414 5660140
7415 5660620
7416 5663428
7417 5664508
7418 5665708
7419 5666548
7420 5673148
7421 5674324
7422 5675908
7423 5676628
7424 5677108
7425 5678068
7426 5678716
7427 5679292
7428 5679772
7429 5684956
7430 5686348
7431 5687452
7432 5688532
7433 5689588
7434 5690692
7435 5690788
7436 5692996
7437 5695300
7438 5695396
7439 5698444
7440 5700556
7441 5702812
7442 5704396
7443 5704660
7444 5705116
7445 5705260
7446 5705476
7447 5706892
7448 5709940
7449 5713108
7450 5714548
7451 5714836
7452 5717020
7453 5718556
7454 5720236
7455 5721964
7456 5724028
7457 5724268
7458 5729380
7459 5729836
7460 5731300
7461 5732260
7462 5733988
7463 5734300
7464 5734948
7465 5736172
7466 5738908
7467 5742388
7468 5743516
7469 5748628
7470 5750452
7471 5752180
7472 5753236
7473 5756668
7474 5757148
7475 5758348
7476 5758660
7477 5758828
7478 5759140
7479 5760652
7480 5761588
7481 5762068
7482 5762956
7483 5763100
7484 5763268
7485 5763868
7486 5766676
7487 5767876
7488 5768068
7489 5769604
7490 5772676
7491 5772988
7492 5773540
7493 5774956
7494 5776396
7495 5777596
7496 5778460
7497 5778772
7498 5779012
7499 5779900
7500 5782588
7501 5782828
7502 5785348
7503 5785948
7504 5786116
7505 5787628
7506 5789236
7507 5789620
7508 5791036
7509 5791252
7510 5792236
7511 5792260
7512 5792308
7513 5792620
7514 5792692
7515 5793004
7516 5793268
7517 5795068
7518 5795836
7519 5797348
7520 5797372
7521 5800756
7522 5801956
7523 5802340
7524 5804788
7525 5805748
7526 5806540
7527 5807068
7528 5807428
7529 5808388
7530 5808868
7531 5809708
7532 5811868
7533 5811988
7534 5812060
7535 5812180
7536 5812732
7537 5814508
7538 5815396
7539 5816596
7540 5816668
7541 5816980
7542 5817148
7543 5818108
7544 5818588
7545 5819428
7546 5820388
7547 5821588
7548 5821660
7549 5821972
7550 5822068
7551 5823076
7552 5825116
7553 5826772
7554 5826892
7555 5828308
7556 5830108
7557 5830708
7558 5831380
7559 5831500
7560 5831620
7561 5831692
7562 5831788
7563 5832796
7564 5834068
7565 5835580
7566 5836228
7567 5836300
7568 5836612
7569 5836780
7570 5837356
7571 5838028
7572 5839060
7573 5839444
7574 5839756
7575 5839828
7576 5841220
7577 5841412
7578 5842516
7579 5842948
7580 5843788
7581 5844748
7582 5844820
7583 5846020
7584 5846332
7585 5846980
7586 5847076
7587 5847436
7588 5847940
7589 5848780
7590 5849740
7591 5850940
7592 5851108
7593 5851252
7594 5851420
7595 5852236
7596 5853700
7597 5854540
7598 5854660
7599 5855860
7600 5856028
7601 5856124
7602 5856508
7603 5856796
7604 5857156
7605 5857588
7606 5857660
7607 5858428
7608 5858500
7609 5859388
7610 5859460
7611 5859556
7612 5860732
7613 5861044
7614 5861140
7615 5862148
7616 5863420
7617 5863492
7618 5865148
7619 5865652
7620 5865748
7621 5865964
7622 5866060
7623 5866228
7624 5866516
7625 5867308
7626 5868412
7627 5869180
7628 5870572
7629 5870668
7630 5870836
7631 5870884
7632 5872300
7633 5873212
7634 5873332
7635 5874100
7636 5875492
7637 5875948
7638 5876428
7639 5876788
7640 5877388
7641 5878060
7642 5878132
7643 5878228
7644 5879020
7645 5879188
7646 5880460
7647 5881516
7648 5881948
7649 5882020
7650 5883892
7651 5885380
7652 5885476
7653 5885668
7654 5886076
7655 5886148
7656 5886508
7657 5886940
7658 5887012
7659 5887852
7660 5888812
7661 5888908
7662 5891428
7663 5891932
7664 5892772
7665 5892940
7666 5893732
7667 5893828
7668 5893996
7669 5895796
7670 5896156
7671 5896228
7672 5896732
7673 5897692
7674 5897860
7675 5898652
7676 5902564
7677 5903620
7678 5904916
7679 5905228
7680 5905708
7681 5906140
7682 5906260
7683 5906572
7684 5906740
7685 5907484
7686 5907580
7687 5908540
7688 5908636
7689 5910436
7690 5911060
7691 5911372
7692 5912404
7693 5914108
7694 5914636
7695 5914948
7696 5915788
7697 5915860
7698 5916292
7699 5917324
7700 5920420
7701 5920780
7702 5921212
7703 5922292
7704 5923348
7705 5923732
7706 5924356
7707 5925220
7708 5925340
7709 5925580
7710 5925868
7711 5925988
7712 5926084
7713 5926468
7714 5927212
7715 5927308
7716 5928268
7717 5929588
7718 5930068
7719 5930140
7720 5930500
7721 5931004
7722 5933452
7723 5934196
7724 5934652
7725 5935060
7726 5935420
7727 5935588
7728 5935924
7729 5936020
7730 5936188
7731 5938468
7732 5939860
7733 5940292
7734 5940676
7735 5940844
7736 5942020
7737 5943076
7738 5943916
7739 5944372
7740 5944780
7741 5944948
7742 5945212
7743 5945308
7744 5945812
7745 5946940
7746 5949220
7747 5949700
7748 5949868
7749 5950132
7750 5950396
7751 5950732
7752 5950828
7753 5953660
7754 5954572
7755 5955052
7756 5958556
7757 5959012
7758 5959492
7759 5961748
7760 5963620
7761 5963932
7762 5964100
7763 5964412
7764 5964508
7765 5964676
7766 5964940
7767 5965036
7768 5965540
7769 5968276
7770 5968852
7771 5969332
7772 5970460
7773 5973340
7774 5973724
7775 5974300
7776 5978188
7777 5978260
7778 5978644
7779 5978740
7780 5979220
7781 5979316
7782 5979748
7783 5980228
7784 5980660
7785 5982916
7786 5983564
7787 5983660
7788 5984668
7789 5985268
7790 5986132
7791 5987980
7792 5988484
7793 5992900
7794 5993452
7795 5994028
7796 5995372
7797 5998948
7798 5999476
7799 6001684
7800 6002620
7801 6002692
7802 6002740
7803 6006604
7804 6007540
7805 6007612
7806 6012412
7807 6012532
7808 6013180
7809 6013756
7810 6017332
7811 6017452
7812 6018100
7813 6021412
7814 6022180
7815 6022252
7816 6022348
7817 6022420
7818 6022516
7819 6023284
7820 6023860
7821 6024340
7822 6025204
7823 6027052
7824 6027172
7825 6027340
7826 6030124
7827 6031972
7828 6032572
7829 6032908
7830 6034492
7831 6036892
7832 6037156
7833 6039412
7834 6041764
7835 6041812
7836 6042148
7837 6043012
7838 6044332
7839 6044932
7840 6046492
7841 6047068
7842 6051244
7843 6051604
7844 6051868
7845 6053692
7846 6055204
7847 6056524
7848 6056788
7849 6059140
7850 6061444
7851 6061876
7852 6064492
7853 6066508
7854 6070012
7855 6071428
7856 6071596
7857 6073420
7858 6074764
7859 6081220
7860 6082180
7861 6083692
7862 6084220
7863 6086140
7864 6086236
7865 6088972
7866 6092572
7867 6097924
7868 6099844
7869 6100948
7870 6103252
7871 6105868
7872 6109300
7873 6112900
7874 6114052
7875 6116452
7876 6120676
7877 6121540
7878 6122404
7879 6124924
7880 6126172
7881 6128332
7882 6131260
7883 6139132
7884 6140884
7885 6142732
7886 6147484
7887 6150004
7888 6151372
7889 6151972
7890 6153412
7891 6160612
7892 6161092
7893 6164212
7894 6171700
7895 6172564
7896 6175732
7897 6176452
7898 6178492
7899 6190444
7900 6195364
7901 6197644
7902 6200812
7903 6201532
7904 6204172
7905 6210172
7906 6211252
7907 6214972
7908 6226612
7909 6229252
7910 6234028
7911 6236332
7912 6240004
7913 6240604
7914 6243268
7915 6244708
7916 6245524
7917 6249868
7918 6250972
7919 6254284
7920 6254932
7921 6260332
7922 6263212
7923 6263428
7924 6263860
7925 6265684
7926 6269788
7927 6270604
7928 6274900
7929 6279220
7930 6280012
7931 6285412
7932 6288940
7933 6290164
7934 6292180
7935 6292828
7936 6293932
7937 6294052
7938 6294316
7939 6294580
7940 6294652
7941 6299164
7942 6308188
7943 6312292
7944 6314524
7945 6314908
7946 6315244
7947 6317908
7948 6321364
7949 6321796
7950 6325012
7951 6327628
7952 6333100
7953 6333388
7954 6334588
7955 6337852
7956 6339532
7957 6339700
7958 6340324
7959 6344812
7960 6349924
7961 6350524
7962 6351628
7963 6352180
7964 6352372
7965 6352492
7966 6352516
7967 6353692
7968 6354100
7969 6354412
7970 6355060
7971 6360172
7972 6362740
7973 6363532
7974 6363556
7975 6363964
7976 6365308
7977 6367204
7978 6368668
7979 6368692
7980 6369052
7981 6369292
7982 6370420
7983 6370492
7984 6373276
7985 6373780
7986 6374380
7987 6375604
7988 6378388
7989 6378892
7990 6380668
7991 6382372
7992 6383500
7993 6383932
7994 6384028
7995 6384820
7996 6387916
7997 6388612
7998 6389140
7999 6392380
8000 6393028
8001 6393532
8002 6393748
8003 6394276
8004 6394372
8005 6394804
8006 6397804
8007 6398044
8008 6398140
8009 6398860
8010 6399388
8011 6399460
8012 6399532
8013 6402628
8014 6403252
8015 6403996
8016 6404572
8017 6404620
8018 6405268
8019 6405508
8020 6407428
8021 6407548
8022 6407740
8023 6408388
8024 6409108
8025 6409180
8026 6409636
8027 6409708
8028 6409900
8029 6411532
8030 6411652
8031 6412612
8032 6412660
8033 6412852
8034 6412972
8035 6413068
8036 6413212
8037 6413500
8038 6414220
8039 6414292
8040 6414340
8041 6414508
8042 6414820
8043 6414868
8044 6415564
8045 6415660
8046 6415900
8047 6417772
8048 6417964
8049 6418636
8050 6419332
8051 6419356
8052 6419428
8053 6422356
8054 6422884
8055 6423100
8056 6423748
8057 6423820
8058 6424540
8059 6424588
8060 6424708
8061 6424756
8062 6425140
8063 6427468
8064 6428020
8065 6428212
8066 6428932
8067 6428980
8068 6429700
8069 6430228
8070 6430252
8071 6430300
8072 6430588
8073 6431260
8074 6432124
8075 6432220
8076 6432412
8077 6432580
8078 6433132
8079 6433348
8080 6433660
8081 6433756
8082 6433996
8083 6434068
8084 6434860
8085 6434908
8086 6435412
8087 6435460
8088 6435508
8089 6435580
8090 6436252
8091 6437692
8092 6438268
8093 6438292
8094 6438460
8095 6438532
8096 6439180
8097 6439228
8098 6439948
8099 6439972
8100 6440020
8101 6440500
8102 6440572
8103 6441388
8104 6441844
8105 6442828
8106 6443044
8107 6443380
8108 6443452
8109 6443644
8110 6443860
8111 6444052
8112 6444340
8113 6444412
8114 6445132
8115 6445180
8116 6445228
8117 6445372
8118 6445660
8119 6445828
8120 6447940
8121 6448564
8122 6448708
8123 6448780
8124 6449500
8125 6450220
8126 6450292
8127 6450820
8128 6450988
8129 6452188
8130 6452692
8131 6452812
8132 6452908
8133 6453076
8134 6453628
8135 6453700
8136 6453892
8137 6453940
8138 6454348
8139 6454588
8140 6454612
8141 6454660
8142 6454756
8143 6455380
8144 6455548
8145 6455596
8146 6455692
8147 6455932
8148 6456100
8149 6456220
8150 6457300
8151 6458188
8152 6458260
8153 6458812
8154 6458860
8155 6459052
8156 6459772
8157 6459940
8158 6460540
8159 6460828
8160 6461092
8161 6461188
8162 6461356
8163 6461380
8164 6461428
8165 6462412
8166 6463372
8167 6463420
8168 6463972
8169 6464212
8170 6464860
8171 6464932
8172 6465652
8173 6465820
8174 6465940
8175 6466252
8176 6466348
8177 6466492
8178 6466516
8179 6466540
8180 6467524
8181 6468436
8182 6468508
8183 6469132
8184 6469300
8185 6469324
8186 6470020
8187 6470356
8188 6470812
8189 6470908
8190 6471076
8191 6471100
8192 6471412
8193 6471628
8194 6472660
8195 6473500
8196 6473620
8197 6473668
8198 6473692
8199 6473980
8200 6474220
8201 6474244
8202 6474292
8203 6474388
8204 6474484
8205 6474532
8206 6474580
8207 6475132
8208 6475180
8209 6475228
8210 6475300
8211 6475348
8212 6475468
8213 6475972
8214 6476068
8215 6476212
8216 6476236
8217 6476260
8218 6476308
8219 6476380
8220 6476620
8221 6476740
8222 6476788
8223 6477268
8224 6477772
8225 6478780
8226 6479404
8227 6479572
8228 6479644
8229 6480268
8230 6480292
8231 6481132
8232 6481348
8233 6481780
8234 6481876
8235 6482380
8236 6482908
8237 6483892
8238 6483940
8239 6484492
8240 6484564
8241 6484732
8242 6484900
8243 6485452
8244 6485548
8245 6485716
8246 6485812
8247 6486340
8248 6486460
8249 6486508
8250 6486628
8251 6486772
8252 6487492
8253 6488020
8254 6488092
8255 6489028
8256 6489052
8257 6489100
8258 6489652
8259 6489820
8260 6489892
8261 6490060
8262 6490612
8263 6490708
8264 6490852
8265 6490876
8266 6491500
8267 6491596
8268 6491740
8269 6491836
8270 6492172
8271 6492268
8272 6492604
8273 6493204
8274 6493420
8275 6494212
8276 6494260
8277 6494284
8278 6494308
8279 6494812
8280 6494932
8281 6494980
8282 6495004
8283 6495172
8284 6495772
8285 6495916
8286 6495988
8287 6497308
8288 6497332
8289 6497380
8290 6497740
8291 6498268
8292 6499300
8293 6499372
8294 6499924
8295 6500164
8296 6500260
8297 6500980
8298 6501892
8299 6502228
8300 6502468
8301 6502852
8302 6503452
8303 6503500
8304 6503524
8305 6503668
8306 6504460
8307 6504628
8308 6505084
8309 6505180
8310 6505324
8311 6505348
8312 6505420
8313 6505564
8314 6505588
8315 6505660
8316 6506140
8317 6506236
8318 6506260
8319 6506308
8320 6506380
8321 6507028
8322 6507052
8323 6507100
8324 6507196
8325 6507340
8326 6507436
8327 6507988
8328 6509620
8329 6509740
8330 6510244
8331 6510484
8332 6510700
8333 6511588
8334 6512188
8335 6512380
8336 6512860
8337 6513100
8338 6513172
8339 6513772
8340 6514732
8341 6514900
8342 6515068
8343 6515404
8344 6515620
8345 6515692
8346 6515812
8347 6515860
8348 6516532
8349 6516628
8350 6516676
8351 6517420
8352 6517540
8353 6517588
8354 6518860
8355 6518884
8356 6518932
8357 6519892
8358 6519988
8359 6520612
8360 6520732
8361 6520780
8362 6520852
8363 6521092
8364 6521668
8365 6521692
8366 6521740
8367 6521956
8368 6521980
8369 6522580
8370 6522628
8371 6522796
8372 6522916
8373 6523348
8374 6523420
8375 6524044
8376 6524092
8377 6525052
8378 6525148
8379 6525316
8380 6525388
8381 6525412
8382 6525460
8383 6525772
8384 6525868
8385 6525940
8386 6526108
8387 6526372
8388 6526828
8389 6527020
8390 6527188
8391 6527716
8392 6527788
8393 6527812
8394 6528580
8395 6529132
8396 6530212
8397 6530428
8398 6531220
8399 6531244
8400 6531340
8401 6531484
8402 6531748
8403 6532060
8404 6532180
8405 6532276
8406 6532972
8407 6533020
8408 6533140
8409 6533740
8410 6534292
8411 6535420
8412 6535540
8413 6535588
8414 6535708
8415 6535828
8416 6536164
8417 6536260
8418 6536380
8419 6536404
8420 6536452
8421 6536548
8422 6536692
8423 6536740
8424 6536788
8425 6537220
8426 6537268
8427 6537340
8428 6537436
8429 6537556
8430 6537628
8431 6538108
8432 6538180
8433 6538228
8434 6538252
8435 6539452
8436 6540580
8437 6541300
8438 6541324
8439 6541372
8440 6541540
8441 6542356
8442 6542428
8443 6542452
8444 6543364
8445 6543940
8446 6543964
8447 6543988
8448 6544564
8449 6544852
8450 6546100
8451 6546460
8452 6546652
8453 6546772
8454 6546820
8455 6546940
8456 6547228
8457 6547612
8458 6547660
8459 6547708
8460 6547876
8461 6547996
8462 6548068
8463 6549124
8464 6549172
8465 6549724
8466 6549820
8467 6551068
8468 6551212
8469 6551692
8470 6551812
8471 6551860
8472 6551908
8473 6551932
8474 6551980
8475 6552148
8476 6552748
8477 6552820
8478 6552868
8479 6553756
8480 6554212
8481 6554284
8482 6554428
8483 6554884
8484 6554980
8485 6556108
8486 6556132
8487 6556180
8488 6556276
8489 6556420
8490 6556852
8491 6556900
8492 6556972
8493 6557068
8494 6557140
8495 6557164
8496 6557212
8497 6557260
8498 6558028
8499 6558100
8500 6559372
8501 6560044
8502 6561268
8503 6561460
8504 6561988
8505 6562060
8506 6562084
8507 6562324
8508 6562372
8509 6563140
8510 6563260
8511 6563860
8512 6564532
8513 6564652
8514 6565252
8515 6565372
8516 6565540
8517 6566500
8518 6566620
8519 6566956
8520 6567148
8521 6567244
8522 6567292
8523 6567340
8524 6567460
8525 6567508
8526 6567532
8527 6567580
8528 6567700
8529 6568348
8530 6568396
8531 6568468
8532 6568996
8533 6569644
8534 6570412
8535 6570508
8536 6571660
8537 6572380
8538 6572452
8539 6572500
8540 6572740
8541 6572812
8542 6573532
8543 6573556
8544 6573748
8545 6574108
8546 6574804
8547 6576796
8548 6576868
8549 6576892
8550 6577132
8551 6577660
8552 6577732
8553 6577852
8554 6577948
8555 6577972
8556 6578020
8557 6578740
8558 6578788
8559 6578908
8560 6579964
8561 6580228
8562 6580804
8563 6581140
8564 6581188
8565 6582052
8566 6582100
8567 6582148
8568 6582772
8569 6582940
8570 6583060
8571 6583108
8572 6583180
8573 6583948
8574 6583996
8575 6584356
8576 6585124
8577 6585340
8578 6585940
8579 6585964
8580 6586012
8581 6587188
8582 6587260
8583 6587308
8584 6587980
8585 6588028
8586 6588100
8587 6588244
8588 6588268
8589 6588460
8590 6588772
8591 6589156
8592 6590332
8593 6591100
8594 6591292
8595 6592468
8596 6593164
8597 6593188
8598 6593380
8599 6593452
8600 6593500
8601 6594388
8602 6594436
8603 6594724
8604 6594772
8605 6595492
8606 6595588
8607 6595732
8608 6596332
8609 6596788
8610 6597580
8611 6597700
8612 6597748
8613 6598372
8614 6598420
8615 6598540
8616 6598660
8617 6598708
8618 6599092
8619 6599164
8620 6599212
8621 6599572
8622 6599596
8623 6601492
8624 6602788
8625 6602836
8626 6603580
8627 6603628
8628 6603868
8629 6604828
8630 6604972
8631 6605020
8632 6606628
8633 6606700
8634 6606724
8635 6607972
8636 6607996
8637 6608188
8638 6608788
8639 6609100
8640 6609148
8641 6610036
8642 6610132
8643 6610180
8644 6611020
8645 6611188
8646 6611428
8647 6611884
8648 6611932
8649 6611980
8650 6613180
8651 6613228
8652 6613348
8653 6614020
8654 6614068
8655 6614308
8656 6615292
8657 6616180
8658 6616588
8659 6617020
8660 6617092
8661 6617140
8662 6617260
8663 6618388
8664 6618436
8665 6619228
8666 6619540
8667 6619972
8668 6620404
8669 6620452
8670 6622300
8671 6623596
8672 6624460
8673 6624748
8674 6625012
8675 6625540
8676 6625564
8677 6625612
8678 6625708
8679 6625876
8680 6626572
8681 6626620
8682 6626692
8683 6626788
8684 6627412
8685 6627532
8686 6627580
8687 6628828
8688 6628876
8689 6629668
8690 6629932
8691 6630052
8692 6630220
8693 6630292
8694 6630652
8695 6630724
8696 6630772
8697 6631708
8698 6631780
8699 6632620
8700 6632668
8701 6634036
8702 6635140
8703 6635188
8704 6635812
8705 6635884
8706 6636964
8707 6637012
8708 6637804
8709 6637828
8710 6639268
8711 6640108
8712 6640612
8713 6640684
8714 6640732
8715 6640972
8716 6641092
8717 6641236
8718 6642100
8719 6642220
8720 6643012
8721 6643060
8722 6643180
8723 6644476
8724 6644740
8725 6645604
8726 6646060
8727 6646084
8728 6646132
8729 6646252
8730 6647380
8731 6648220
8732 6648268
8733 6648772
8734 6650740
8735 6650860
8736 6652492
8737 6652612
8738 6653428
8739 6654916
8740 6656260
8741 6656404
8742 6656668
8743 6656692
8744 6656740
8745 6657700
8746 6657748
8747 6657820
8748 6658660
8749 6658708
8750 6659092
8751 6660340
8752 6661180
8753 6661252
8754 6661540
8755 6661564
8756 6661828
8757 6662884
8758 6662908
8759 6663868
8760 6666724
8761 6666940
8762 6667060
8763 6667132
8764 6668092
8765 6668140
8766 6668260
8767 6669100
8768 6669268
8769 6669532
8770 6672028
8771 6672436
8772 6673300
8773 6673348
8774 6674308
8775 6675988
8776 6676492
8777 6677188
8778 6677332
8779 6677356
8780 6677428
8781 6678508
8782 6679420
8783 6681268
8784 6681508
8785 6681652
8786 6682468
8787 6682660
8788 6683740
8789 6683788
8790 6684748
8791 6685612
8792 6687460
8793 6687580
8794 6687628
8795 6687724
8796 6687748
8797 6687796
8798 6687820
8799 6687868
8800 6687988
8801 6688948
8802 6690172
8803 6690244
8804 6690652
8805 6692380
8806 6692620
8807 6692716
8808 6692860
8809 6694180
8810 6697180
8811 6698140
8812 6699388
8813 6702292
8814 6703108
8815 6703180
8816 6703228
8817 6703252
8818 6703348
8819 6705820
8820 6705892
8821 6707500
8822 6707572
8823 6707596
8824 6708148
8825 6708388
8826 6708460
8827 6708532
8828 6708556
8829 6708580
8830 6709828
8831 6712780
8832 6712852
8833 6713308
8834 6713500
8835 6713644
8836 6713668
8837 6713740
8838 6717940
8839 6718060
8840 6718540
8841 6718564
8842 6718612
8843 6718708
8844 6718756
8845 6718828
8846 6718852
8847 6718900
8848 6718948
8849 6718996
8850 6719020
8851 6720460
8852 6721252
8853 6723220
8854 6723892
8855 6723916
8856 6724060
8857 6724156
8858 6726892
8859 6728500
8860 6728740
8861 6728836
8862 6728932
8863 6729100
8864 6729148
8865 6729268
8866 6729388
8867 6729436
8868 6730900
8869 6732124
8870 6732292
8871 6732988
8872 6733948
8873 6734092
8874 6734140
8875 6734308
8876 6734500
8877 6734548
8878 6734596
8879 6737332
8880 6737404
8881 6738268
8882 6739108
8883 6739300
8884 6739324
8885 6739348
8886 6739516
8887 6739708
8888 6739828
8889 6742612
8890 6744388
8891 6744484
8892 6744532
8893 6744748
8894 6744940
8895 6745036
8896 6747772
8897 6749452
8898 6749620
8899 6749692
8900 6749740
8901 6749788
8902 6749860
8903 6749956
8904 6750148
8905 6750484
8906 6750532
8907 6751204
8908 6751372
8909 6752068
8910 6752092
8911 6752572
8912 6753028
8913 6753052
8914 6754732
8915 6754900
8916 6754948
8917 6755188
8918 6755476
8919 6757204
8920 6757372
8921 6758332
8922 6760012
8923 6760108
8924 6760180
8925 6760396
8926 6760588
8927 6762412
8928 6765220
8929 6765388
8930 6766108
8931 6767692
8932 6767764
8933 6768460
8934 6768940
8935 6770404
8936 6770428
8937 6770548
8938 6770620
8939 6770836
8940 6772852
8941 6772972
8942 6773620
8943 6774220
8944 6775636
8945 6775780
8946 6775828
8947 6779284
8948 6780820
8949 6780868
8950 6780916
8951 6780988
8952 6781468
8953 6781828
8954 6782044
8955 6782332
8956 6783412
8957 6783652
8958 6784564
8959 6786028
8960 6786268
8961 6789844
8962 6790108
8963 6791236
8964 6791308
8965 6791428
8966 6791908
8967 6794020
8968 6795124
8969 6796516
8970 6799300
8971 6800452
8972 6804364
8973 6804748
8974 6805732
8975 6806956
8976 6809644
8977 6812116
8978 6813124
8979 6813172
8980 6813268
8981 6813340
8982 6813412
8983 6813460
8984 6814924
8985 6815188
8986 6817348
8987 6818452
8988 6818620
8989 6820204
8990 6821620
8991 6822556
8992 6823492
8993 6823612
8994 6823780
8995 6825532
8996 6826900
8997 6828532
8998 6828700
8999 6828772
9000 6828892
9001 6829060
9002 6830812
9003 6832996
9004 6833812
9005 6833860
9006 6833980
9007 6834172
9008 6834340
9009 6834508
9010 6834628
9011 6839140
9012 6842788
9013 6844012
9014 6844084
9015 6844132
9016 6844420
9017 6844948
9018 6846700
9019 6849412
9020 6850012
9021 6850396
9022 6851980
9023 6854332
9024 6854452
9025 6855028
9026 6855124
9027 6855292
9028 6859540
9029 6859852
9030 6860308
9031 6860404
9032 6860548
9033 6860572
9034 6860836
9035 6865372
9036 6865684
9037 6865852
9038 6867868
9039 6870652
9040 6870964
9041 6875140
9042 6875284
9043 6875620
9044 6875932
9045 6876196
9046 6876292
9047 6876460
9048 6880804
9049 6881212
9050 6881572
9051 6885580
9052 6885964
9053 6886084
9054 6886540
9055 6890860
9056 6890932
9057 6891244
9058 6891364
9059 6891628
9060 6891820
9061 6892348
9062 6896524
9063 6896644
9064 6897460
9065 6897628
9066 6901492
9067 6901804
9068 6901972
9069 6902740
9070 6906772
9071 6907132
9072 6907252
9073 6907708
9074 6911884
9075 6912052
9076 6912988
9077 6913516
9078 6917092
9079 6917164
9080 6917332
9081 6918628
9082 6922372
9083 6922444
9084 6922660
9085 6922708
9086 6923140
9087 6927532
9088 6927652
9089 6927724
9090 6927940
9091 6928300
9092 6928420
9093 6928876
9094 6932812
9095 6932932
9096 6933580
9097 6938092
9098 6938260
9099 6938332
9100 6938356
9101 6943372
9102 6943540
9103 6943828
9104 6944308
9105 6949108
9106 6949468
9107 6954220
9108 6959044
9109 6959428
9110 6959500
9111 6964708
9112 6964996
9113 6969604
9114 6969868
9115 6974884
9116 6975148
9117 6975388
9118 6980164
9119 6980596
9120 6991036
9121 7001380
9122 7006660
9123 7022548
9124 7027828
9125 7038292
9126 7043716
9127 7069060
9128 7101412
9129 7132996
9130 7134148
9131 7142044
9132 7159348
9133 7164148
9134 7164988
9135 7165540
9136 7174948
9137 7187692
9138 7192804
9139 7194724
9140 7196956
9141 7203052
9142 7207660
9143 7218484
9144 7223644
9145 7227460
9146 7229692
9147 7235788
9148 7239172
9149 7240468
9150 7249564
9151 7251220
9152 7252156
9153 7252228
9154 7254772
9155 7256380
9156 7259236
9157 7262500
9158 7265212
9159 7267588
9160 7267660
9161 7268668
9162 7271908
9163 7272748
9164 7272820
9165 7273324
9166 7278484
9167 7282300
9168 7284100
9169 7287508
9170 7288276
9171 7288348
9172 7289260
9173 7292116
9174 7294852
9175 7296724
9176 7297948
9177 7298668
9178 7298740
9179 7300468
9180 7302004
9181 7303876
9182 7303948
9183 7304404
9184 7304788
9185 7305628
9186 7306132
9187 7311292
9188 7312732
9189 7314316
9190 7314388
9191 7315180
9192 7316908
9193 7317892
9194 7320388
9195 7321156
9196 7322068
9197 7325980
9198 7326820
9199 7327660
9200 7329460
9201 7330828
9202 7331548
9203 7333324
9204 7334740
9205 7336420
9206 7336756
9207 7337212
9208 7337596
9209 7342420
9210 7343188
9211 7345828
9212 7345900
9213 7347196
9214 7347988
9215 7348852
9216 7350628
9217 7351108
9218 7351180
9219 7353196
9220 7353580
9221 7358788
9222 7359244
9223 7359628
9224 7362340
9225 7363636
9226 7364452
9227 7365220
9228 7366996
9229 7367068
9230 7367572
9231 7367620
9232 7369228
9233 7370020
9234 7374892
9235 7375228
9236 7375612
9237 7378708
9238 7380820
9239 7381660
9240 7383988
9241 7385668
9242 7389652
9243 7391260
9244 7392052
9245 7392388
9246 7395148
9247 7397260
9248 7399876
9249 7400428
9250 7400740
9251 7403692
9252 7406020
9253 7406404
9254 7407700
9255 7409284
9256 7411684
9257 7414084
9258 7416316
9259 7417180
9260 7419292
9261 7421908
9262 7422460
9263 7422772
9264 7429732
9265 7438348
9266 7439212
9267 7443940
9268 7444492
9269 7455508
9270 7458388
9271 7460380
9272 7461244
9273 7466524
9274 7472812
9275 7474756
9276 7482412
9277 7506484
9278 7507708
9279 7518964
9280 7522852
9281 7524076
9282 7535332
9283 7540516
9284 7551772
9285 7561324
9286 7566604
9287 7568140
9288 7573804
9289 7584580
9290 7589284
9291 7589404
9292 7590172
9293 7600732
9294 7606612
9295 7611364
9296 7616644
9297 7622524
9298 7622764
9299 7628644
9300 7632532
9301 7639444
9302 7644724
9303 7651780
9304 7664092
9305 7672804
9306 7673884
9307 7678132
9308 7688692
9309 7690252
9310 7716772
9311 7723924
9312 7728340
9313 7740292
9314 7743676
9315 7752004
9316 7756732
9317 7767172
9318 7775692
9319 7778764
9320 7780084
9321 7783036
9322 7784812
9323 7787308
9324 7796452
9325 7800508
9326 7805092
9327 7808164
9328 7818220
9329 7819828
9330 7820140
9331 7822996
9332 7824532
9333 7826452
9334 7828804
9335 7834372
9336 7834924
9337 7840972
9338 7841692
9339 7842148
9340 7853188
9341 7859380
9342 7863004
9343 7865452
9344 7875748
9345 7876948
9346 7877332
9347 7884964
9348 7886980
9349 7887460
9350 7888348
9351 7892188
9352 7898860
9353 7900228
9354 7903588
9355 7903828
9356 7904572
9357 7905508
9358 7910260
9359 7913044
9360 7915972
9361 7919764
9362 7920268
9363 7920940
9364 7921396
9365 7921540
9366 7921684
9367 7926628
9368 7927108
9369 7927420
9370 7931668
9371 7934620
9372 7938052
9373 7938508
9374 7941124
9375 7942300
9376 7943476
9377 7944580
9378 7945972
9379 7948828
9380 7949908
9381 7954180
9382 7954492
9383 7954876
9384 7955620
9385 7955668
9386 7959916
9387 7961308
9388 7961332
9389 7965940
9390 7966276
9391 7966732
9392 7967020
9393 7967068
9394 7971316
9395 7971988
9396 7972036
9397 7972732
9398 7972780
9399 7973092
9400 7977676
9401 7977700
9402 7978444
9403 7979932
9404 7981948
9405 7982716
9406 7983388
9407 7983436
9408 7984180
9409 7984228
9410 7987972
9411 7988428
9412 7988476
9413 7989100
9414 7989148
9415 7989268
9416 7989892
9417 7990420
9418 7993348
9419 7994116
9420 7994140
9421 7994812
9422 7995628
9423 7999828
9424 7999876
9425 8000548
9426 8000596
9427 8001340
9428 8001412
9429 8001460
9430 8002036
9431 8004748
9432 8005204
9433 8005540
9434 8005588
9435 8005708
9436 8006260
9437 8007124
9438 8007388
9439 8010460
9440 8010508
9441 8011252
9442 8011996
9443 8012788
9444 8012860
9445 8013508
9446 8016148
9447 8016172
9448 8016988
9449 8017036
9450 8017708
9451 8017780
9452 8018500
9453 8018572
9454 8018788
9455 8020852
9456 8021860
9457 8021908
9458 8022700
9459 8023492
9460 8023756
9461 8024548
9462 8024692
9463 8025628
9464 8027572
9465 8027620
9466 8028436
9467 8029156
9468 8029228
9469 8030092
9470 8031988
9471 8033284
9472 8034148
9473 8034220
9474 8034268
9475 8034940
9476 8035060
9477 8035108
9478 8035156
9479 8035804
9480 8035948
9481 8039020
9482 8039068
9483 8039932
9484 8041588
9485 8041660
9486 8041780
9487 8042356
9488 8043388
9489 8044732
9490 8045596
9491 8045668
9492 8046460
9493 8047252
9494 8050468
9495 8051380
9496 8051500
9497 8052172
9498 8053252
9499 8054644
9500 8054788
9501 8055844
9502 8055892
9503 8056180
9504 8056252
9505 8056300
9506 8056972
9507 8058028
9508 8058148
9509 8058172
9510 8058892
9511 8059060
9512 8060068
9513 8060500
9514 8061964
9515 8062900
9516 8063620
9517 8064484
9518 8066188
9519 8066212
9520 8066692
9521 8067580
9522 8067628
9523 8067700
9524 8068612
9525 8068756
9526 8068948
9527 8069548
9528 8069740
9529 8070340
9530 8070508
9531 8071468
9532 8071900
9533 8071948
9534 8073412
9535 8073532
9536 8075428
9537 8076268
9538 8076388
9539 8076460
9540 8077612
9541 8077660
9542 8078740
9543 8080060
9544 8080852
9545 8081140
9546 8081236
9547 8081980
9548 8082868
9549 8083324
9550 8084932
9551 8086156
9552 8086708
9553 8086876
9554 8087572
9555 8088580
9556 8088628
9557 8089060
9558 8089108
9559 8090644
9560 8090788
9561 8091700
9562 8091868
9563 8092636
9564 8092660
9565 8092828
9566 8093428
9567 8093572
9568 8093668
9569 8093764
9570 8093860
9571 8094268
9572 8094292
9573 8094772
9574 8097292
9575 8098348
9576 8099380
9577 8099716
9578 8099980
9579 8100028
9580 8100508
9581 8102092
9582 8103148
9583 8103316
9584 8103940
9585 8104108
9586 8104228
9587 8104420
9588 8105020
9589 8105164
9590 8105692
9591 8106220
9592 8106292
9593 8108020
9594 8109076
9595 8109796
9596 8109940
9597 8110036
9598 8110660
9599 8110972
9600 8111068
9601 8111404
9602 8112004
9603 8113732
9604 8114788
9605 8115076
9606 8116036
9607 8116612
9608 8117140
9609 8117668
9610 8119324
9611 8120380
9612 8121628
9613 8122252
9614 8122516
9615 8122852
9616 8123452
9617 8123572
9618 8123668
9619 8125180
9620 8125348
9621 8126236
9622 8126380
9623 8126476
9624 8126668
9625 8127028
9626 8127196
9627 8127340
9628 8127436
9629 8127508
9630 8127772
9631 8128060
9632 8128588
9633 8132188
9634 8132548
9635 8132980
9636 8133748
9637 8133844
9638 8133916
9639 8134252
9640 8134300
9641 8134372
9642 8134972
9643 8136820
9644 8137828
9645 8138620
9646 8138788
9647 8138812
9648 8139628
9649 8140684
9650 8142412
9651 8142580
9652 8143468
9653 8143780
9654 8144428
9655 8144596
9656 8145316
9657 8145340
9658 8145748
9659 8145820
9660 8146660
9661 8148268
9662 8148508
9663 8149420
9664 8149588
9665 8149948
9666 8150116
9667 8150212
9668 8151052
9669 8152132
9670 8154220
9671 8155060
9672 8155252
9673 8156020
9674 8156260
9675 8156740
9676 8156788
9677 8156836
9678 8159860
9679 8160868
9680 8161036
9681 8161108
9682 8161348
9683 8161708
9684 8161828
9685 8162068
9686 8162452
9687 8165500
9688 8166556
9689 8166652
9690 8167420
9691 8168164
9692 8168236
9693 8168764
9694 8169364
9695 8169652
9696 8171452
9697 8171620
9698 8172460
9699 8173300
9700 8173492
9701 8173732
9702 8173948
9703 8175220
9704 8177092
9705 8177260
9706 8178148
9707 8178268
9708 8178508
9709 8178820
9710 8179108
9711 8179540
9712 8180140
9713 8180212
9714 8181340
9715 8182900
9716 8184532
9717 8184892
9718 8184916
9719 8185396
9720 8188588
9721 8188684
9722 8189740
9723 8190700
9724 8191060
9725 8191300
9726 8191852
9727 8192452
9728 8192740
9729 8192932
9730 8194492
9731 8195548
9732 8195740
9733 8195980
9734 8196508
9735 8196580
9736 8196796
9737 8197444
9738 8198308
9739 8200180
9740 8200300
9741 8201332
9742 8201356
9743 8202316
9744 8202388
9745 8202508
9746 8202700
9747 8207140
9748 8208172
9749 8209228
9750 8210140
9751 8211772
9752 8211964
9753 8212948
9754 8213020
9755 8213212
9756 8213956
9757 8214940
9758 8215540
9759 8217580
9760 8217772
9761 8218756
9762 8218828
9763 8219860
9764 8220532
9765 8221492
9766 8223364
9767 8223388
9768 8224612
9769 8225524
9770 8226388
9771 8226532
9772 8227132
9773 8229172
9774 8230420
9775 8230900
9776 8234980
9777 8235244
9778 8236300
9779 8236972
9780 8237092
9781 8238628
9782 8238724
9783 8240788
9784 8240860
9785 8243620
9786 8243788
9787 8244028
9788 8244532
9789 8246644
9790 8247892
9791 8248492
9792 8249812
9793 8250220
9794 8250340
9795 8252452
9796 8253700
9797 8254204
9798 8258332
9799 8260180
9800 8260276
9801 8260468
9802 8261020
9803 8261188
9804 8261812
9805 8262004
9806 8262484
9807 8265652
9808 8266708
9809 8267620
9810 8269924
9811 8271172
9812 8272612
9813 8273404
9814 8273428
9815 8275732
9816 8276332
9817 8277292
9818 8277436
9819 8278300
9820 8278420
9821 8278492
9822 8279212
9823 8281804
9824 8282884
9825 8283268
9826 8285020
9827 8285092
9828 8285284
9829 8285572
9830 8289892
9831 8290828
9832 8290900
9833 8293204
9834 8294668
9835 8294740
9836 8294860
9837 8295028
9838 8295700
9839 8295892
9840 8296684
9841 8301484
9842 8301508
9843 8302492
9844 8306260
9845 8306332
9846 8306356
9847 8306452
9848 8307292
9849 8308372
9850 8311828
9851 8312236
9852 8313100
9853 8313172
9854 8313364
9855 8317756
9856 8317948
9857 8318908
9858 8318980
9859 8319964
9860 8323468
9861 8323660
9862 8325772
9863 8329060
9864 8329228
9865 8329348
9866 8329396
9867 8329468
9868 8329540
9869 8329732
9870 8330020
9871 8330572
9872 8331844
9873 8334916
9874 8335060
9875 8335348
9876 8340244
9877 8340940
9878 8341132
9879 8341156
9880 8343244
9881 8344444
9882 8346052
9883 8346508
9884 8346628
9885 8346652
9886 8346748
9887 8346940
9888 8348044
9889 8348524
9890 8352148
9891 8352460
9892 8352532
9893 8352556
9894 8352748
9895 8352820
9896 8353852
9897 8355124
9898 8356180
9899 8358100
9900 8358244
9901 8358268
9902 8358340
9903 8358556
9904 8363524
9905 8363740
9906 8363908
9907 8364052
9908 8364148
9909 8364412
9910 8366452
9911 8366668
9912 8369692
9913 8369716
9914 8369860
9915 8369932
9916 8369956
9917 8371324
9918 8375236
9919 8375332
9920 8375500
9921 8375668
9922 8375740
9923 8375812
9924 8376100
9925 8378692
9926 8381140
9927 8381308
9928 8381524
9929 8381572
9930 8381620
9931 8386924
9932 8386948
9933 8387116
9934 8387188
9935 8387332
9936 8387500
9937 8387692
9938 8388988
9939 8391484
9940 8392732
9941 8393500
9942 8398420
9943 8398540
9944 8398612
9945 8398780
9946 8398804
9947 8399092
9948 8399284
9949 8399572
9950 8404348
9951 8404804
9952 8404900
9953 8406772
9954 8410012
9955 8410612
9956 8410972
9957 8413564
9958 8415244
9959 8415820
9960 8416252
9961 8418364
9962 8421604
9963 8421628
9964 8421892
9965 8422060
9966 8422372
9967 8422564
9968 8422852
9969 8424172
9970 8425612
9971 8425732
9972 8427172
9973 8427436
9974 8428084
9975 8433220
9976 8433484
9977 8434732
9978 8437612
9979 8437732
9980 8438332
9981 8439028
9982 8439292
9983 8439532
9984 8441644
9985 8444260
9986 8444836
9987 8447884
9988 8448724
9989 8449012
9990 8450188
9991 8450404
9992 8453812
9993 8455252
9994 8456764
9995 8461060
9996 8462092
9997 8468164
9998 8469124
9999 8469412
10000 8470180
10001 8470660
10002 8471140
10003 8471164
10004 8472196
10005 8473060
10006 8473084
10007 8473348
10008 8473972
10009 8475220
10010 8476804
10011 8478532
10012 8479852
10013 8481292
10014 8483332
10015 8484940
10016 8486572
10017 8487532
10018 8489260
10019 8490316
10020 8490412
10021 8491444
10022 8492212
10023 8492380
10024 8492692
10025 8493172
10026 8493940
10027 8494876
10028 8496052
10029 8496340
10030 8496748
10031 8497252
10032 8500684
10033 8501164
10034 8502196
10035 8502820
10036 8504644
10037 8506108
10038 8506324
10039 8506612
10040 8506756
10041 8506828
10042 8506948
10043 8507764
10044 8508220
10045 8509612
10046 8509852
10047 8513692
10048 8514724
10049 8516452
10050 8516740
10051 8517988
10052 8519620
10053 8520124
10054 8522788
10055 8524924
10056 8525572
10057 8527084
10058 8527828
10059 8527852
10060 8528620
10061 8528788
10062 8528860
10063 8530372
10064 8530540
10065 8530588
10066 8531500
10067 8531524
10068 8533564
10069 8534164
10070 8535844
10071 8536492
10072 8536588
10073 8537284
10074 8538484
10075 8539372
10076 8539948
10077 8539972
10078 8540308
10079 8540332
10080 8540596
10081 8540692
10082 8540788
10083 8540812
10084 8541292
10085 8541772
10086 8542180
10087 8542252
10088 8542516
10089 8543212
10090 8543380
10091 8543908
10092 8545012
10093 8545972
10094 8547700
10095 8549140
10096 8549332
10097 8552620
10098 8552668
10099 8553652
10100 8554540
10101 8555068
10102 8555284
10103 8557180
10104 8557372
10105 8557660
10106 8558140
10107 8559580
10108 8561020
10109 8561044
10110 8561260
10111 8561764
10112 8562244
10113 8563084
10114 8563108
10115 8563588
10116 8563780
10117 8565364
10118 8565532
10119 8566948
10120 8566972
10121 8567212
10122 8571292
10123 8572900
10124 8574532
10125 8574700
10126 8575156
10127 8575180
10128 8575492
10129 8575948
10130 8575972
10131 8576356
10132 8576572
10133 8577220
10134 8577412
10135 8577460
10136 8578300
10137 8578828
10138 8578852
10139 8578900
10140 8580748
10141 8581420
10142 8583148
10143 8583364
10144 8584780
10145 8584804
10146 8584828
10147 8585332
10148 8586892
10149 8587348
10150 8589100
10151 8589124
10152 8589340
10153 8590708
10154 8590732
10155 8592604
10156 8592628
10157 8592820
10158 8592988
10159 8593300
10160 8593708
10161 8593828
10162 8595028
10163 8595052
10164 8595292
10165 8596924
10166 8598532
10167 8598748
10168 8598772
10169 8599012
10170 8599228
10171 8599252
10172 8600332
10173 8600980
10174 8602732
10175 8604052
10176 8604460
10177 8605012
10178 8606908
10179 8606932
10180 8606980
10181 8608180
10182 8609212
10183 8609380
10184 8609572
10185 8609956
10186 8609980
10187 8610220
10188 8610412
10189 8610628
10190 8610652
10191 8610868
10192 8610940
10193 8611108
10194 8611300
10195 8612188
10196 8612860
10197 8612884
10198 8612908
10199 8613244
10200 8616364
10201 8616412
10202 8616580
10203 8616868
10204 8618788
10205 8618812
10206 8618860
10207 8620204
10208 8621284
10209 8621860
10210 8622124
10211 8622292
10212 8622340
10213 8622508
10214 8622796
10215 8623012
10216 8624740
10217 8624788
10218 8624812
10219 8624932
10220 8626732
10221 8628052
10222 8628220
10223 8628268
10224 8628460
10225 8628748
10226 8628772
10227 8630212
10228 8630692
10229 8630740
10230 8632660
10231 8633140
10232 8633572
10233 8633740
10234 8633980
10235 8634172
10236 8634196
10237 8634412
10238 8634676
10239 8634700
10240 8636644
10241 8636740
10242 8639092
10243 8639500
10244 8639668
10245 8639908
10246 8640124
10247 8640148
10248 8640172
10249 8640388
10250 8640628
10251 8641444
10252 8642620
10253 8642668
10254 8642740
10255 8644252
10256 8644372
10257 8644540
10258 8644828
10259 8645020
10260 8645428
10261 8645572
10262 8645620
10263 8645668
10264 8645716
10265 8645860
10266 8645884
10267 8646076
10268 8646100
10269 8646340
10270 8646460
10271 8646556
10272 8646580
10273 8646628
10274 8646772
10275 8647612
10276 8648164
10277 8648572
10278 8650804
10279 8651356
10280 8651788
10281 8651812
10282 8652028
10283 8652508
10284 8652532
10285 8652556
10286 8654548
10287 8655364
10288 8655964
10289 8656228
10290 8656732
10291 8656900
10292 8657308
10293 8657332
10294 8657740
10295 8657956
10296 8657980
10297 8658028
10298 8658340
10299 8658436
10300 8658460
10301 8658508
10302 8660500
10303 8660572
10304 8660620
10305 8661772
10306 8661892
10307 8662660
10308 8662852
10309 8663236
10310 8663260
10311 8663668
10312 8663692
10313 8663908
10314 8663932
10315 8663956
10316 8663980
10317 8664388
10318 8664436
10319 8664460
10320 8664580
10321 8666524
10322 8667700
10323 8667820
10324 8668588
10325 8669188
10326 8669620
10327 8669644
10328 8669668
10329 8669836
10330 8669860
10331 8669908
10332 8670340
10333 8670388
10334 8670508
10335 8672428
10336 8672500
10337 8672644
10338 8673892
10339 8674540
10340 8675116
10341 8675140
10342 8675188
10343 8675548
10344 8675572
10345 8675620
10346 8675788
10347 8675836
10348 8675860
10349 8676292
10350 8676388
10351 8678452
10352 8679244
10353 8679700
10354 8679724
10355 8679820
10356 8679988
10357 8680468
10358 8680492
10359 8680516
10360 8680732
10361 8681068
10362 8681092
10363 8681116
10364 8681452
10365 8681500
10366 8681548
10367 8681572
10368 8681692
10369 8681740
10370 8681788
10371 8681908
10372 8682268
10373 8682316
10374 8682388
10375 8682412
10376 8682772
10377 8685484
10378 8685748
10379 8685940
10380 8686420
10381 8686996
10382 8687020
10383 8687068
10384 8687452
10385 8687500
10386 8687692
10387 8687788
10388 8688220
10389 8690452
10390 8691292
10391 8691412
10392 8691676
10393 8692348
10394 8692372
10395 8692420
10396 8692948
10397 8692996
10398 8693020
10399 8693140
10400 8693404
10401 8693500
10402 8693668
10403 8693716
10404 8693812
10405 8694196
10406 8694340
10407 8696404
10408 8697220
10409 8697340
10410 8697532
10411 8697628
10412 8697652
10413 8697868
10414 8698300
10415 8698324
10416 8698348
10417 8698900
10418 8698948
10419 8699068
10420 8699380
10421 8699428
10422 8699500
10423 8699524
10424 8699620
10425 8700148
10426 8700220
10427 8702980
10428 8703148
10429 8703268
10430 8703388
10431 8703484
10432 8703556
10433 8703580
10434 8703820
10435 8704228
10436 8704252
10437 8704300
10438 8704852
10439 8704948
10440 8705332
10441 8705596
10442 8705740
10443 8706172
10444 8708332
10445 8708764
10446 8709076
10447 8709220
10448 8709244
10449 8709508
10450 8710180
10451 8710228
10452 8710252
10453 8710828
10454 8710876
10455 8711308
10456 8711548
10457 8711620
10458 8712076
10459 8712148
10460 8712292
10461 8714404
10462 8714692
10463 8714860
10464 8715028
10465 8715052
10466 8715148
10467 8715172
10468 8715412
10469 8715436
10470 8715460
10471 8715508
10472 8715748
10473 8716132
10474 8716180
10475 8716300
10476 8716420
10477 8716492
10478 8716780
10479 8717260
10480 8717332
10481 8717380
10482 8717572
10483 8717812
10484 8718100
10485 8718220
10486 8718892
10487 8719492
10488 8720620
10489 8720956
10490 8721100
10491 8721388
10492 8721412
10493 8721436
10494 8722084
10495 8722180
10496 8722756
10497 8723284
10498 8723476
10499 8723548
10500 8726548
10501 8726908
10502 8727028
10503 8727052
10504 8727316
10505 8727340
10506 8727388
10507 8728060
10508 8728108
10509 8728180
10510 8728204
10511 8728708
10512 8728780
10513 8728828
10514 8729188
10515 8729260
10516 8729404
10517 8729500
10518 8729620
10519 8730100
10520 8732500
10521 8732524
10522 8732836
10523 8732860
10524 8732908
10525 8732980
10526 8733004
10527 8733268
10528 8733340
10529 8734012
10530 8734732
10531 8735212
10532 8735332
10533 8736052
10534 8738428
10535 8738452
10536 8738788
10537 8738812
10538 8738836
10539 8738908
10540 8738932
10541 8738980
10542 8739220
10543 8739268
10544 8739988
10545 8740132
10546 8740636
10547 8740708
10548 8740852
10549 8741500
10550 8743924
10551 8744380
10552 8744716
10553 8744740
10554 8744860
10555 8744908
10556 8745172
10557 8745940
10558 8746012
10559 8746660
10560 8746780
10561 8747212
10562 8747452
10563 8747980
10564 8749852
10565 8750020
10566 8750308
10567 8750332
10568 8750380
10569 8750620
10570 8750668
10571 8750692
10572 8750716
10573 8750740
10574 8750812
10575 8750860
10576 8750980
10577 8751100
10578 8751148
10579 8751196
10580 8751268
10581 8751292
10582 8751364
10583 8751652
10584 8751964
10585 8753164
10586 8753692
10587 8753860
10588 8754220
10589 8754340
10590 8755780
10591 8756260
10592 8756284
10593 8756620
10594 8756668
10595 8756764
10596 8757100
10597 8757868
10598 8757940
10599 8758084
10600 8758660
10601 8759380
10602 8761708
10603 8762188
10604 8762212
10605 8762260
10606 8762572
10607 8762668
10608 8762740
10609 8762788
10610 8762860
10611 8763076
10612 8763220
10613 8763892
10614 8764012
10615 8764612
10616 8764948
10617 8765092
10618 8765740
10619 8765932
10620 8766220
10621 8767684
10622 8768140
10623 8768188
10624 8768548
10625 8768596
10626 8768692
10627 8769028
10628 8769100
10629 8769148
10630 8771332
10631 8773444
10632 8773588
10633 8773612
10634 8774092
10635 8774140
10636 8774500
10637 8774668
10638 8775052
10639 8775892
10640 8776540
10641 8777332
10642 8777620
10643 8779540
10644 8780044
10645 8780140
10646 8780476
10647 8780620
10648 8780740
10649 8780956
10650 8781028
10651 8781172
10652 8781844
10653 8783044
10654 8784532
10655 8785300
10656 8785468
10657 8785492
10658 8786020
10659 8786068
10660 8786428
10661 8786500
10662 8786524
10663 8786548
10664 8786644
10665 8786980
10666 8787100
10667 8790460
10668 8791228
10669 8791420
10670 8791972
10671 8792452
10672 8792548
10673 8792620
10674 8793772
10675 8794492
10676 8797156
10677 8797348
10678 8797372
10679 8797948
10680 8798356
10681 8798428
10682 8798572
10683 8798692
10684 8798980
10685 8799004
10686 8800132
10687 8801308
10688 8801860
10689 8802340
10690 8803300
10691 8803900
10692 8803972
10693 8804932
10694 8808292
10695 8809252
10696 8809300
10697 8809924
10698 8810572
10699 8810908
10700 8811724
10701 8815204
10702 8815828
10703 8816524
10704 8816860
10705 8820916
10706 8820940
10707 8820964
10708 8821180
10709 8821228
10710 8821852
10711 8821972
10712 8822332
10713 8823220
10714 8826868
10715 8826892
10716 8827132
10717 8828452
10718 8831620
10719 8832796
10720 8832820
10721 8833108
10722 8833852
10723 8834260
10724 8834812
10725 8837332
10726 8838052
10727 8838172
10728 8838748
10729 8838772
10730 8839060
10731 8839132
10732 8839804
10733 8844676
10734 8844700
10735 8844724
10736 8846404
10737 8846692
10738 8848132
10739 8848780
10740 8849572
10741 8850652
10742 8850988
10743 8851732
10744 8852212
10745 8853412
10746 8854084
10747 8855284
10748 8856580
10749 8856628
10750 8856652
10751 8856676
10752 8857012
10753 8857132
10754 8858764
10755 8859340
10756 8862532
10757 8866732
10758 8868484
10759 8868556
10760 8868580
10761 8869012
10762 8869684
10763 8869972
10764 8871220
10765 8874292
10766 8874508
10767 8874964
10768 8877172
10769 8880508
10770 8883964
10771 8885188
10772 8885692
10773 8885980
10774 8886436
10775 8886892
10776 8888284
10777 8889100
10778 8891404
10779 8891692
10780 8892340
10781 8892580
10782 8893252
10783 8893924
10784 8894212
10785 8894572
10786 8896420
10787 8898220
10788 8898316
10789 8900692
10790 8902852
10791 8904268
10792 8904460
10793 8904844
10794 8907052
10795 8916196
10796 8916412
10797 8918644
10798 8920084
10799 8920372
10800 8921596
10801 8922340
10802 8923972
10803 8924452
10804 8928244
10805 8929372
10806 8932156
10807 8934364
10808 8940172
10809 8940292
10810 8941252
10811 8941924
10812 8942908
10813 8943172
10814 8943460
10815 8944036
10816 8949988
10817 8952172
10818 8954764
10819 8957932
10820 8958124
10821 8960572
10822 8961436
10823 8966644
10824 8968180
10825 8968468
10826 8969812
10827 8970052
10828 8975668
10829 8977084
10830 8978044
10831 8978908
10832 8979868
10833 8980924
10834 8987692
10835 8988004
10836 8991460
10837 8992612
10838 8992900
10839 8996788
10840 8997940
10841 9002188
10842 9012412
10843 9012532
10844 9013204
10845 9013492
10846 9014740
10847 9015604
10848 9015988
10849 9017332
10850 9022372
10851 9027580
10852 9029308
10853 9031948
10854 9033388
10855 9037636
10856 9038884
10857 9039172
10858 9040324
10859 9040420
10860 9041380
10861 9041764
10862 9042724
10863 9048652
10864 9050860
10865 9052012
10866 9052396
10867 9053740
10868 9057820
10869 9060532
10870 9063988
10871 9064852
10872 9066484
10873 9069796
10874 9075292
10875 9076444
10876 9076828
10877 9078412
10878 9082252
10879 9085348
10880 9086020
10881 9087268
10882 9088420
10883 9094228
10884 9096364
10885 9098404
10886 9099964
10887 9101260
10888 9101740
10889 9109492
10890 9109780
10891 9110452
10892 9111700
10893 9112852
10894 9113332
10895 9114100
10896 9118660
10897 9121468
10898 9122428
10899 9125308
10900 9125692
10901 9131116
10902 9132484
10903 9133348
10904 9134884
10905 9136132
10906 9136612
10907 9137284
10908 9138148
10909 9139300
10910 9143092
10911 9146092
10912 9146860
10913 9151948
10914 9157780
10915 9157876
10916 9160564
10917 9164404
10918 9167476
10919 9168772
10920 9169756
10921 9171292
10922 9171820
10923 9173020
10924 9175708
10925 9181924
10926 9182212
10927 9182308
10928 9182980
10929 9183748
10930 9184108
10931 9186628
10932 9186892
10933 9187636
10934 9192436
10935 9194188
10936 9195724
10937 9196252
10938 9196636
10939 9200092
10940 9200140
10941 9200812
10942 9201292
10943 9203332
10944 9205588
10945 9206740
10946 9208180
10947 9209620
10948 9209908
10949 9211060
10950 9212068
10951 9216868
10952 9218620
10953 9221692
10954 9224572
10955 9225244
10956 9228460
10957 9230020
10958 9231172
10959 9233140
10960 9234340
10961 9234532
10962 9235420
10963 9236500
10964 9241708
10965 9243052
10966 9246940
10967 9247012
10968 9249004
10969 9253756
10970 9254164
10971 9254452
10972 9255508
10973 9255988
10974 9256732
10975 9256972
10976 9257860
10977 9258172
10978 9259348
10979 9260932
10980 9266380
10981 9269500
10982 9271228
10983 9271444
10984 9271756
10985 9273388
10986 9274588
10987 9275284
10988 9278116
10989 9278884
10990 9280516
10991 9283732
10992 9283852
10993 9283972
10994 9288052
10995 9290572
10996 9291820
10997 9292396
10998 9293092
10999 9293140
11000 9294700
11001 9295180
11002 9296260
11003 9299020
11004 9302188
11005 9302404
11006 9304348
11007 9304948
11008 9305548
11009 9306388
11010 9306604
11011 9308332
11012 9310276
11013 9315004
11014 9316012
11015 9316828
11016 9317572
11017 9319012
11018 9320740
11019 9322780
11020 9326884
11021 9326980
11022 9327940
11023 9328228
11024 9328828
11025 9329980
11026 9330028
11027 9335380
11028 9335908
11029 9336124
11030 9339292
11031 9340828
11032 9341332
11033 9341836
11034 9342052
11035 9343492
11036 9344332
11037 9348532
11038 9350092
11039 9351412
11040 9352660
11041 9353260
11042 9353716
11043 9353932
11044 9355900
11045 9356020
11046 9359668
11047 9359884
11048 9360268
11049 9360940
11050 9361108
11051 9361204
11052 9362044
11053 9362164
11054 9364108
11055 9365668
11056 9366340
11057 9366460
11058 9366532
11059 9366868
11060 9367204
11061 9368308
11062 9368764
11063 9369340
11064 9371596
11065 9372796
11066 9373012
11067 9374452
11068 9375844
11069 9378940
11070 9379780
11071 9384676
11072 9384700
11073 9385420
11074 9386860
11075 9386980
11076 9388780
11077 9389548
11078 9390628
11079 9390820
11080 9391348
11081 9391468
11082 9391564
11083 9393124
11084 9396772
11085 9397492
11086 9397612
11087 9397828
11088 9399268
11089 9400756
11090 9402172
11091 9402556
11092 9402892
11093 9403228
11094 9403348
11095 9403756
11096 9403972
11097 9404212
11098 9404788
11099 9405268
11100 9405532
11101 9405652
11102 9406324
11103 9408700
11104 9409180
11105 9409372
11106 9409900
11107 9411988
11108 9415324
11109 9415636
11110 9416380
11111 9416500
11112 9420508
11113 9421108
11114 9421228
11115 9421588
11116 9421780
11117 9422308
11118 9422644
11119 9423868
11120 9424204
11121 9424540
11122 9425188
11123 9425668
11124 9425884
11125 9426652
11126 9427252
11127 9427732
11128 9428380
11129 9428572
11130 9428788
11131 9430540
11132 9430660
11133 9433516
11134 9434188
11135 9434716
11136 9435052
11137 9436612
11138 9438292
11139 9439060
11140 9439180
11141 9439660
11142 9440140
11143 9440260
11144 9440452
11145 9440980
11146 9441100
11147 9441508
11148 9441652
11149 9443092
11150 9445204
11151 9446404
11152 9446596
11153 9448300
11154 9449212
11155 9451468
11156 9452068
11157 9452188
11158 9452548
11159 9452860
11160 9452980
11161 9453724
11162 9455284
11163 9457612
11164 9458332
11165 9458812
11166 9458932
11167 9458980
11168 9459652
11169 9460060
11170 9460180
11171 9461620
11172 9462076
11173 9462772
11174 9464476
11175 9465988
11176 9466132
11177 9470020
11178 9470740
11179 9470860
11180 9471532
11181 9471868
11182 9472060
11183 9472612
11184 9475180
11185 9475300
11186 9476284
11187 9477484
11188 9477508
11189 9477868
11190 9477988
11191 9478012
11192 9478540
11193 9478660
11194 9478732
11195 9479332
11196 9479428
11197 9481324
11198 9482428
11199 9483940
11200 9484804
11201 9486508
11202 9487588
11203 9488692
11204 9488812
11205 9489412
11206 9489748
11207 9489892
11208 9490540
11209 9490732
11210 9491140
11211 9493732
11212 9496372
11213 9497068
11214 9497740
11215 9499180
11216 9501820
11217 9501940
11218 9502492
11219 9502612
11220 9502996
11221 9503668
11222 9503740
11223 9506140
11224 9506260
11225 9507364
11226 9508564
11227 9508948
11228 9509668
11229 9509812
11230 9511588
11231 9511708
11232 9512404
11233 9513700
11234 9514420
11235 9514492
11236 9514900
11237 9515548
11238 9515740
11239 9516148
11240 9516220
11241 9516292
11242 9516484
11243 9517732
11244 9518548
11245 9519772
11246 9520492
11247 9521548
11248 9522076
11249 9523396
11250 9523612
11251 9523996
11252 9524812
11253 9524932
11254 9526372
11255 9526828
11256 9527500
11257 9527620
11258 9528100
11259 9528700
11260 9528844
11261 9530140
11262 9533572
11263 9533956
11264 9534100
11265 9534628
11266 9534772
11267 9534820
11268 9536020
11269 9538444
11270 9538828
11271 9539428
11272 9539908
11273 9540052
11274 9540748
11275 9541252
11276 9541612
11277 9542164
11278 9542548
11279 9543484
11280 9544780
11281 9545500
11282 9547372
11283 9548428
11284 9548812
11285 9549460
11286 9549820
11287 9549940
11288 9550612
11289 9551380
11290 9551836
11291 9551980
11292 9552172
11293 9552244
11294 9552340
11295 9552460
11296 9552628
11297 9553012
11298 9553300
11299 9553492
11300 9553900
11301 9554044
11302 9554068
11303 9554260
11304 9554572
11305 9554956
11306 9555892
11307 9557380
11308 9558580
11309 9558628
11310 9559060
11311 9559828
11312 9559924
11313 9559972
11314 9561220
11315 9563452
11316 9564388
11317 9565012
11318 9565180
11319 9565252
11320 9565372
11321 9565732
11322 9565756
11323 9565852
11324 9566980
11325 9569932
11326 9570508
11327 9571132
11328 9571324
11329 9572380
11330 9572476
11331 9572572
11332 9574468
11333 9574564
11334 9574948
11335 9576940
11336 9577300
11337 9577444
11338 9577636
11339 9577732
11340 9578308
11341 9578500
11342 9579052
11343 9579388
11344 9582340
11345 9582484
11346 9582532
11347 9583060
11348 9583252
11349 9583588
11350 9583684
11351 9584260
11352 9584932
11353 9585028
11354 9585316
11355 9585652
11356 9585772
11357 9586228
11358 9588460
11359 9589588
11360 9590092
11361 9590188
11362 9590860
11363 9591052
11364 9591148
11365 9592300
11366 9595516
11367 9595612
11368 9596140
11369 9596380
11370 9597484
11371 9597604
11372 9599572
11373 9601012
11374 9601204
11375 9602740
11376 9602932
11377 9603004
11378 9603028
11379 9603412
11380 9603700
11381 9603868
11382 9604324
11383 9604900
11384 9605908
11385 9608068
11386 9608692
11387 9608884
11388 9609460
11389 9610972
11390 9613468
11391 9613564
11392 9614788
11393 9614932
11394 9615292
11395 9615412
11396 9615580
11397 9616060
11398 9616276
11399 9616732
11400 9620620
11401 9621244
11402 9622420
11403 9622660
11404 9623332
11405 9624004
11406 9624580
11407 9624772
11408 9625348
11409 9626020
11410 9626212
11411 9627340
11412 9627940
11413 9628036
11414 9628132
11415 9628300
11416 9629908
11417 9631012
11418 9633172
11419 9633892
11420 9634084
11421 9634828
11422 9635404
11423 9635980
11424 9637132
11425 9638572
11426 9638764
11427 9640492
11428 9640588
11429 9640780
11430 9641740
11431 9642316
11432 9642460
11433 9643660
11434 9645820
11435 9646012
11436 9646444
11437 9646540
11438 9646732
11439 9647236
11440 9649588
11441 9649684
11442 9650452
11443 9651124
11444 9651412
11445 9652636
11446 9653140
11447 9653428
11448 9653620
11449 9658372
11450 9658468
11451 9659092
11452 9659764
11453 9660412
11454 9660892
11455 9660988
11456 9662140
11457 9662332
11458 9663100
11459 9663772
11460 9663868
11461 9663964
11462 9665692
11463 9665788
11464 9671020
11465 9671644
11466 9671740
11467 9672172
11468 9672292
11469 9673540
11470 9674692
11471 9674884
11472 9674980
11473 9676324
11474 9676420
11475 9676612
11476 9683572
11477 9683668
11478 9684292
11479 9684388
11480 9685420
11481 9685996
11482 9686092
11483 9687244
11484 9687868
11485 9688972
11486 9690844
11487 9696220
11488 9696844
11489 9696940
11490 9697300
11491 9697972
11492 9698164
11493 9698548
11494 9698740
11495 9699508
11496 9699892
11497 9699988
11498 9700084
11499 9701524
11500 9701620
11501 9703252
11502 9708772
11503 9708868
11504 9710428
11505 9710524
11506 9711100
11507 9711388
11508 9712444
11509 9714172
11510 9714268
11511 9715852
11512 9721420
11513 9721924
11514 9722308
11515 9722980
11516 9723172
11517 9723652
11518 9723940
11519 9725092
11520 9725380
11521 9726724
11522 9726820
11523 9734068
11524 9734740
11525 9734860
11526 9735532
11527 9736300
11528 9736396
11529 9736492
11530 9736588
11531 9737644
11532 9737740
11533 9739372
11534 9746716
11535 9747292
11536 9747316
11537 9747412
11538 9748084
11539 9748372
11540 9748852
11541 9748948
11542 9749140
11543 9750292
11544 9750388
11545 9752020
11546 9753268
11547 9754900
11548 9759868
11549 9760732
11550 9761500
11551 9762220
11552 9762844
11553 9762940
11554 9764668
11555 9765868
11556 9767548
11557 9771940
11558 9772420
11559 9772612
11560 9772708
11561 9773284
11562 9773380
11563 9773476
11564 9773572
11565 9774052
11566 9774148
11567 9775492
11568 9778276
11569 9778420
11570 9784972
11571 9785932
11572 9785980
11573 9786700
11574 9786796
11575 9787420
11576 9787804
11577 9788140
11578 9790828
11579 9790972
11580 9795748
11581 9796948
11582 9797620
11583 9797908
11584 9798484
11585 9798580
11586 9799252
11587 9799348
11588 9800740
11589 9800788
11590 9803380
11591 9803524
11592 9809500
11593 9810172
11594 9810460
11595 9811132
11596 9811228
11597 9811564
11598 9811900
11599 9811948
11600 9815932
11601 9816172
11602 9821956
11603 9822052
11604 9822820
11605 9823108
11606 9823684
11607 9823780
11608 9824452
11609 9824548
11610 9825652
11611 9828724
11612 9828772
11613 9832660
11614 9834604
11615 9835372
11616 9836332
11617 9836764
11618 9837196
11619 9839428
11620 9840508
11621 9845452
11622 9847060
11623 9847252
11624 9847444
11625 9848020
11626 9848116
11627 9848692
11628 9848980
11629 9851980
11630 9853924
11631 9859612
11632 9860572
11633 9860668
11634 9861628
11635 9862444
11636 9863212
11637 9863308
11638 9864364
11639 9866332
11640 9872164
11641 9872452
11642 9873220
11643 9875092
11644 9876628
11645 9877012
11646 9877180
11647 9877564
11648 9877852
11649 9879124
11650 9879220
11651 9882172
11652 9882964
11653 9885004
11654 9885100
11655 9885868
11656 9888124
11657 9888388
11658 9888628
11659 9888892
11660 9889828
11661 9889972
11662 9891532
11663 9891772
11664 9897652
11665 9898516
11666 9899812
11667 9901180
11668 9901780
11669 9902620
11670 9902764
11671 9903244
11672 9904180
11673 9904420
11674 9909220
11675 9910204
11676 9911020
11677 9913588
11678 9914572
11679 9914668
11680 9915412
11681 9916828
11682 9917068
11683 9922012
11684 9922564
11685 9922660
11686 9922756
11687 9922852
11688 9924940
11689 9925108
11690 9925612
11691 9925828
11692 9926236
11693 9926380
11694 9926452
11695 9926596
11696 9927604
11697 9927772
11698 9927988
11699 9928300
11700 9928348
11701 9928444
11702 9929476
11703 9934348
11704 9935212
11705 9935308
11706 9935500
11707 9936604
11708 9938020
11709 9939028
11710 9940252
11711 9940348
11712 9941260
11713 9947140
11714 9947692
11715 9947764
11716 9947860
11717 9948148
11718 9949492
11719 9950668
11720 9951748
11721 9951820
11722 9952132
11723 9953068
11724 9953332
11725 9953572
11726 9953908
11727 9957652
11728 9958276
11729 9959932
11730 9960412
11731 9960508
11732 9961348
11733 9962284
11734 9962380
11735 9962500
11736 9963460
11737 9963820
11738 9964348
11739 9965932
11740 9966028
11741 9966388
11742 9966412
11743 9966604
11744 9970756
11745 9972724
11746 9972964
11747 9973060
11748 9973156
11749 9976228
11750 9976252
11751 9976900
11752 9977332
11753 9977668
11754 9977812
11755 9978820
11756 9979180
11757 9980668
11758 9981052
11759 9982708
11760 9983332
11761 9983548
11762 9985708
11763 9987556
11764 9987964
11765 9988060
11766 9990364
11767 9990388
11768 9990460
11769 9990532
11770 9991708
11771 9991900
11772 9993844
11773 9995188
11774 9996340
11775 9996748
11776 9998260
11777 10000348
11778 10000492
11779 10000852
11780 10000972
11781 10002100
11782 10002340
11783 10002652
11784 10002796
11785 10003108
11786 10003180
11787 10003588
11788 10005868
11789 10006108
11790 10007980
11791 10009132
11792 10010908
11793 10013644
11794 10013740
11795 10013788
11796 10014748
11797 10015180
11798 10015588
11799 10016044
11800 10016332
11801 10016476
11802 10018516
11803 10018660
11804 10019740
11805 10020772
11806 10021420
11807 10021468
11808 10022020
11809 10023556
11810 10024180
11811 10024540
11812 10026028
11813 10027228
11814 10028020
11815 10028932
11816 10028956
11817 10029124
11818 10031692
11819 10032076
11820 10033564
11821 10034812
11822 10034836
11823 10034908
11824 10037188
11825 10037332
11826 10038916
11827 10038988
11828 10039420
11829 10039612
11830 10040020
11831 10040284
11832 10040740
11833 10040860
11834 10041268
11835 10041772
11836 10042300
11837 10044868
11838 10047628
11839 10047700
11840 10049860
11841 10050628
11842 10051636
11843 10051708
11844 10054060
11845 10054156
11846 10054828
11847 10054852
11848 10054900
11849 10057660
11850 10058308
11851 10059244
11852 10059268
11853 10059340
11854 10060492
11855 10060588
11856 10063012
11857 10063036
11858 10063420
11859 10063732
11860 10063972
11861 10064116
11862 10065292
11863 10065700
11864 10066732
11865 10066828
11866 10066876
11867 10066948
11868 10067020
11869 10067692
11870 10070452
11871 10072060
11872 10072132
11873 10073308
11874 10073380
11875 10074748
11876 10075132
11877 10075540
11878 10075828
11879 10075876
11880 10076212
11881 10076908
11882 10077388
11883 10078492
11884 10078588
11885 10078732
11886 10079260
11887 10079428
11888 10079524
11889 10079620
11890 10079740
11891 10079980
11892 10080028
11893 10081708
11894 10082668
11895 10083340
11896 10084924
11897 10085020
11898 10086172
11899 10086268
11900 10087612
11901 10087780
11902 10088620
11903 10089004
11904 10091164
11905 10091308
11906 10091380
11907 10092172
11908 10092532
11909 10092628
11910 10092700
11911 10092772
11912 10092820
11913 10092868
11914 10094500
11915 10095076
11916 10095460
11917 10096132
11918 10096156
11919 10096228
11920 10097572
11921 10097740
11922 10097812
11923 10097908
11924 10098004
11925 10099012
11926 10099060
11927 10099252
11928 10099348
11929 10101412
11930 10101892
11931 10101988
11932 10102588
11933 10104052
11934 10104172
11935 10104412
11936 10104460
11937 10105516
11938 10105660
11939 10106716
11940 10107292
11941 10107868
11942 10108828
11943 10108948
11944 10109020
11945 10109668
11946 10109764
11947 10110604
11948 10110700
11949 10111948
11950 10112020
11951 10112260
11952 10112740
11953 10113460
11954 10113628
11955 10113748
11956 10114300
11957 10114372
11958 10114396
11959 10114516
11960 10114684
11961 10114708
11962 10114780
11963 10115332
11964 10115380
11965 10115476
11966 10115572
11967 10116100
11968 10116412
11969 10116964
11970 10117060
11971 10117204
11972 10117252
11973 10117300
11974 10118140
11975 10118452
11976 10118500
11977 10118740
11978 10119268
11979 10119508
11980 10120084
11981 10121140
11982 10121812
11983 10123444
11984 10123492
11985 10124836
11986 10124908
11987 10125532
11988 10126276
11989 10126540
11990 10127092
11991 10127116
11992 10127188
11993 10127284
11994 10127500
11995 10127572
11996 10128196
11997 10128268
11998 10129060
11999 10129948
12000 10130092
12001 10131340
12002 10131388
12003 10132060
12004 10132300
12005 10132708
12006 10132972
12007 10133548
12008 10133932
12009 10134028
12010 10134628
12011 10134700
12012 10134796
12013 10135540
12014 10136380
12015 10136452
12016 10136572
12017 10136692
12018 10137820
12019 10138012
12020 10138756
12021 10139908
12022 10139980
12023 10140364
12024 10140460
12025 10141060
12026 10141300
12027 10142884
12028 10142932
12029 10144468
12030 10144852
12031 10145092
12032 10145788
12033 10145860
12034 10146340
12035 10146748
12036 10146820
12037 10147492
12038 10147588
12039 10147612
12040 10149268
12041 10149340
12042 10150708
12043 10151308
12044 10151548
12045 10152220
12046 10152772
12047 10152868
12048 10153060
12049 10153180
12050 10153252
12051 10153348
12052 10153444
12053 10153804
12054 10153852
12055 10153948
12056 10154092
12057 10154140
12058 10154188
12059 10155028
12060 10155772
12061 10155820
12062 10155964
12063 10155988
12064 10157116
12065 10157260
12066 10157644
12067 10158580
12068 10159156
12069 10159228
12070 10159612
12071 10160380
12072 10162252
12073 10162444
12074 10162660
12075 10163692
12076 10164100
12077 10164916
12078 10165012
12079 10165108
12080 10165588
12081 10165660
12082 10165756
12083 10166044
12084 10166140
12085 10166836
12086 10166980
12087 10168732
12088 10169908
12089 10170052
12090 10170628
12091 10170772
12092 10170796
12093 10171444
12094 10172020
12095 10172500
12096 10172644
12097 10172692
12098 10172980
12099 10173268
12100 10173340
12101 10173460
12102 10175140
12103 10175164
12104 10175212
12105 10175308
12106 10177228
12107 10177828
12108 10177900
12109 10178452
12110 10178548
12111 10178740
12112 10178932
12113 10179124
12114 10179220
12115 10179772
12116 10179820
12117 10181644
12118 10181692
12119 10181740
12120 10182052
12121 10182700
12122 10182844
12123 10183324
12124 10183588
12125 10184260
12126 10184332
12127 10184428
12128 10184908
12129 10185148
12130 10185388
12131 10186156
12132 10186228
12133 10186372
12134 10188052
12135 10188124
12136 10189156
12137 10189300
12138 10189780
12139 10190020
12140 10190116
12141 10190692
12142 10190932
12143 10191052
12144 10191340
12145 10191532
12146 10191652
12147 10191820
12148 10191892
12149 10192012
12150 10192660
12151 10192708
12152 10192852
12153 10194532
12154 10194700
12155 10195492
12156 10195732
12157 10196140
12158 10196212
12159 10196452
12160 10197124
12161 10197220
12162 10197796
12163 10198324
12164 10198372
12165 10198492
12166 10199332
12167 10201012
12168 10201132
12169 10201636
12170 10201948
12171 10202572
12172 10202668
12173 10202836
12174 10202908
12175 10203580
12176 10203724
12177 10204228
12178 10204300
12179 10204420
12180 10204708
12181 10204780
12182 10204924
12183 10205092
12184 10205620
12185 10207444
12186 10207612
12187 10208524
12188 10208548
12189 10209004
12190 10209268
12191 10209340
12192 10210012
12193 10210300
12194 10210732
12195 10210780
12196 10211020
12197 10211212
12198 10211260
12199 10211404
12200 10212028
12201 10212052
12202 10212100
12203 10212340
12204 10213924
12205 10214020
12206 10214980
12207 10215388
12208 10215460
12209 10215700
12210 10216468
12211 10216564
12212 10216612
12213 10217116
12214 10217188
12215 10217332
12216 10217500
12217 10217692
12218 10218532
12219 10218580
12220 10218628
12221 10220404
12222 10220500
12223 10220668
12224 10221340
12225 10221820
12226 10222132
12227 10222900
12228 10222972
12229 10223620
12230 10223668
12231 10223812
12232 10224172
12233 10224940
12234 10225012
12235 10226884
12236 10227220
12237 10227628
12238 10227772
12239 10228252
12240 10228492
12241 10228588
12242 10228732
12243 10228804
12244 10229404
12245 10229572
12246 10229692
12247 10230100
12248 10230292
12249 10230508
12250 10230580
12251 10230604
12252 10230628
12253 10230652
12254 10230748
12255 10231420
12256 10231588
12257 10233412
12258 10233988
12259 10234204
12260 10234684
12261 10235020
12262 10235788
12263 10235860
12264 10236004
12265 10236172
12266 10236580
12267 10237084
12268 10237132
12269 10237900
12270 10238068
12271 10238308
12272 10239892
12273 10239988
12274 10240012
12275 10240420
12276 10240588
12277 10240660
12278 10241140
12279 10241476
12280 10241620
12281 10242268
12282 10242292
12283 10242340
12284 10242988
12285 10243012
12286 10243060
12287 10243156
12288 10243492
12289 10243564
12290 10244332
12291 10244500
12292 10246852
12293 10247020
12294 10247572
12295 10247764
12296 10247908
12297 10247980
12298 10248772
12299 10248964
12300 10249492
12301 10249972
12302 10250140
12303 10250812
12304 10250908
12305 10252804
12306 10253236
12307 10253308
12308 10253452
12309 10253692
12310 10254028
12311 10254412
12312 10254460
12313 10254580
12314 10255252
12315 10255900
12316 10255972
12317 10256452
12318 10256572
12319 10256620
12320 10257220
12321 10257292
12322 10257388
12323 10257556
12324 10258156
12325 10259668
12326 10259884
12327 10259980
12328 10260460
12329 10260796
12330 10260868
12331 10261012
12332 10261660
12333 10261684
12334 10262380
12335 10262884
12336 10263052
12337 10263772
12338 10263988
12339 10265716
12340 10266100
12341 10266340
12342 10266700
12343 10266964
12344 10267012
12345 10267300
12346 10267348
12347 10268164
12348 10268212
12349 10268260
12350 10268452
12351 10268860
12352 10268980
12353 10269028
12354 10269268
12355 10269364
12356 10269460
12357 10270012
12358 10270300
12359 10272532
12360 10272772
12361 10273348
12362 10273420
12363 10273732
12364 10273780
12365 10274572
12366 10274644
12367 10275292
12368 10275844
12369 10275940
12370 10276108
12371 10276780
12372 10276876
12373 10278508
12374 10278988
12375 10279228
12376 10279852
12377 10279900
12378 10280260
12379 10281052
12380 10281220
12381 10281772
12382 10281868
12383 10282324
12384 10282540
12385 10284940
12386 10285420
12387 10285660
12388 10285732
12389 10286332
12390 10286524
12391 10286668
12392 10286692
12393 10286740
12394 10287532
12395 10287700
12396 10288252
12397 10288348
12398 10288516
12399 10288852
12400 10291876
12401 10292164
12402 10292812
12403 10293172
12404 10293220
12405 10293268
12406 10293964
12407 10294132
12408 10294732
12409 10294948
12410 10295332
12411 10295428
12412 10296268
12413 10297756
12414 10298308
12415 10298548
12416 10299244
12417 10299580
12418 10299652
12419 10300444
12420 10300540
12421 10301260
12422 10302748
12423 10304164
12424 10304188
12425 10304260
12426 10304356
12427 10304812
12428 10304860
12429 10305052
12430 10305100
12431 10305268
12432 10305724
12433 10305772
12434 10305820
12435 10306012
12436 10306060
12437 10306228
12438 10306708
12439 10306924
12440 10307020
12441 10307188
12442 10307740
12443 10307836
12444 10308100
12445 10308580
12446 10309348
12447 10309420
12448 10309516
12449 10310548
12450 10310620
12451 10311196
12452 10312132
12453 10312540
12454 10312660
12455 10313404
12456 10313620
12457 10314820
12458 10316980
12459 10317052
12460 10317148
12461 10317700
12462 10317892
12463 10318012
12464 10318612
12465 10318972
12466 10319140
12467 10319932
12468 10321300
12469 10322140
12470 10322236
12471 10322428
12472 10323412
12473 10324372
12474 10324420
12475 10324444
12476 10324492
12477 10325092
12478 10325452
12479 10325548
12480 10326412
12481 10327228
12482 10328068
12483 10328908
12484 10329796
12485 10329844
12486 10329940
12487 10330660
12488 10330924
12489 10330972
12490 10331524
12491 10331692
12492 10331932
12493 10332028
12494 10332196
12495 10333708
12496 10334452
12497 10336396
12498 10337068
12499 10337140
12500 10337332
12501 10338004
12502 10338412
12503 10338628
12504 10340380
12505 10340476
12506 10340788
12507 10341388
12508 10342660
12509 10342732
12510 10342828
12511 10343572
12512 10343620
12513 10343668
12514 10343812
12515 10344484
12516 10344580
12517 10344748
12518 10344940
12519 10345348
12520 10345588
12521 10345900
12522 10346260
12523 10346860
12524 10347460
12525 10347820
12526 10349092
12527 10349980
12528 10350052
12529 10350292
12530 10350964
12531 10351420
12532 10352380
12533 10353196
12534 10354876
12535 10355524
12536 10355620
12537 10355716
12538 10355932
12539 10356460
12540 10356628
12541 10356724
12542 10357492
12543 10358836
12544 10359052
12545 10359868
12546 10360228
12547 10360708
12548 10361548
12549 10362940
12550 10363060
12551 10363108
12552 10363204
12553 10363300
12554 10363348
12555 10363972
12556 10364068
12557 10368028
12558 10368508
12559 10369372
12560 10369684
12561 10369780
12562 10370908
12563 10371868
12564 10373428
12565 10375852
12566 10376164
12567 10377388
12568 10378228
12569 10381300
12570 10381492
12571 10381588
12572 10381612
12573 10381684
12574 10382332
12575 10382428
12576 10382596
12577 10382692
12578 10383268
12579 10383460
12580 10383820
12581 10384060
12582 10385836
12583 10386580
12584 10387516
12585 10387636
12586 10387756
12587 10388812
12588 10389028
12589 10389172
12590 10389268
12591 10389940
12592 10392508
12593 10394188
12594 10394500
12595 10395340
12596 10396612
12597 10396876
12598 10398988
12599 10400884
12600 10400932
12601 10400980
12602 10401820
12603 10401916
12604 10402588
12605 10403092
12606 10403548
12607 10404508
12608 10406068
12609 10407076
12610 10407292
12611 10407364
12612 10407460
12613 10408660
12614 10409428
12615 10411180
12616 10413892
12617 10415140
12618 10418476
12619 10420084
12620 10420132
12621 10420252
12622 10420372
12623 10421308
12624 10426684
12625 10426852
12626 10427788
12627 10429516
12628 10432972
12629 10433020
12630 10433164
12631 10433332
12632 10434628
12633 10436188
12634 10437148
12635 10438468
12636 10438708
12637 10439452
12638 10439500
12639 10439644
12640 10439860
12641 10439908
12642 10441300
12643 10442068
12644 10442668
12645 10445932
12646 10446124
12647 10446340
12648 10447276
12649 10448740
12650 10449148
12651 10451116
12652 10452364
12653 10452412
12654 10455220
12655 10458820
12656 10458844
12657 10458892
12658 10458988
12659 10459132
12660 10459156
12661 10459228
12662 10459588
12663 10460356
12664 10462156
12665 10464868
12666 10465252
12667 10465324
12668 10465372
12669 10465828
12670 10467268
12671 10469788
12672 10471732
12673 10471804
12674 10472308
12675 10474708
12676 10478212
12677 10478332
12678 10478476
12679 10478620
12680 10479916
12681 10480420
12682 10484644
12683 10484692
12684 10484812
12685 10485100
12686 10486036
12687 10491796
12688 10493068
12689 10494796
12690 10497604
12691 10497868
12692 10498252
12693 10498828
12694 10499908
12695 10503388
12696 10504084
12697 10504348
12698 10504588
12699 10507348
12700 10510564
12701 10510780
12702 10511716
12703 10512556
12704 10515028
12705 10516996
12706 10517188
12707 10523668
12708 10523836
12709 10524436
12710 10530268
12711 10532548
12712 10536580
12713 10537228
12714 10537588
12715 10540588
12716 10541788
12717 10543060
12718 10543156
12719 10545196
12720 10549420
12721 10557076
12722 10560676
12723 10561108
12724 10562548
12725 10569028
12726 10573228
12727 10575796
12728 10576060
12729 10580908
12730 10586980
12731 10588516
12732 10589116
12733 10589716
12734 10593916
12735 10595548
12736 10602508
12737 10606468
12738 10607668
12739 10614820
12740 10617796
12741 10620340
12742 10621756
12743 10626556
12744 10628188
12745 10633132
12746 10639108
12747 10641076
12748 10653796
12749 10656220
12750 10659028
12751 10660468
12752 10664308
12753 10666948
12754 10676956
12755 10678948
12756 10681996
12757 10684276
12758 10686436
12759 10692436
12760 10694068
12761 10696108
12762 10696876
12763 10697620
12764 10697980
12765 10698148
12766 10698172
12767 10698940
12768 10704148
12769 10704988
12770 10709500
12771 10712260
12772 10716772
12773 10718932
12774 10719076
12775 10720708
12776 10721476
12777 10724140
12778 10729348
12779 10730188
12780 10730788
12781 10734268
12782 10737460
12783 10737532
12784 10738228
12785 10741972
12786 10742836
12787 10744828
12788 10749412
12789 10753516
12790 10754788
12791 10756084
12792 10756780
12793 10758148
12794 10760548
12795 10761820
12796 10763428
12797 10764748
12798 10764820
12799 10770028
12800 10771468
12801 10772836
12802 10773436
12803 10774036
12804 10774636
12805 10774732
12806 10774780
12807 10776076
12808 10778068
12809 10782676
12810 10783348
12811 10784812
12812 10787356
12813 10789948
12814 10790020
12815 10792228
12816 10793188
12817 10793428
12818 10795996
12819 10796668
12820 10799428
12821 10800148
12822 10802596
12823 10802668
12824 10803268
12825 10803340
12826 10809316
12827 10810012
12828 10813060
12829 10813108
12830 10815916
12831 10815988
12832 10816588
12833 10819396
12834 10820596
12835 10822660
12836 10823260
12837 10824724
12838 10825828
12839 10827196
12840 10829236
12841 10829908
12842 10829932
12843 10832068
12844 10833388
12845 10835908
12846 10836580
12847 10838716
12848 10839412
12849 10839988
12850 10840516
12851 10842028
12852 10842556
12853 10842580
12854 10843252
12855 10847116
12856 10847188
12857 10849228
12858 10849924
12859 10850836
12860 10852036
12861 10852636
12862 10852660
12863 10853308
12864 10853836
12865 10855900
12866 10858108
12867 10859068
12868 10859236
12869 10859908
12870 10859980
12871 10860436
12872 10860508
12873 10862572
12874 10864588
12875 10865188
12876 10865668
12877 10866628
12878 10867180
12879 10871860
12880 10871956
12881 10872556
12882 10873228
12883 10873300
12884 10873756
12885 10878556
12886 10878988
12887 10879156
12888 10879228
12889 10879972
12890 10880428
12891 10884076
12892 10885588
12893 10885660
12894 10885876
12895 10886548
12896 10887076
12897 10887100
12898 10891348
12899 10891876
12900 10892308
12901 10892476
12902 10892548
12903 10893220
12904 10893748
12905 10897828
12906 10897948
12907 10898476
12908 10898908
12909 10898980
12910 10899220
12911 10899868
12912 10899892
12913 10900420
12914 10904428
12915 10905196
12916 10905652
12917 10905796
12918 10906540
12919 10907092
12920 10911268
12921 10911796
12922 10911868
12923 10912228
12924 10912468
12925 10913212
12926 10916716
12927 10917316
12928 10917748
12929 10917868
12930 10917940
12931 10918540
12932 10918900
12933 10919116
12934 10919140
12935 10919884
12936 10923916
12937 10924348
12938 10924420
12939 10924588
12940 10925116
12941 10925548
12942 10925572
12943 10925788
12944 10930660
12945 10931068
12946 10931188
12947 10931260
12948 10931788
12949 10932220
12950 10932460
12951 10934308
12952 10936108
12953 10937236
12954 10937668
12955 10937740
12956 10938436
12957 10938460
12958 10938892
12959 10939132
12960 10943836
12961 10943908
12962 10944412
12963 10944508
12964 10945108
12965 10945564
12966 10950556
12967 10950988
12968 10951180
12969 10951780
12970 10956556
12971 10957156
12972 10957228
12973 10957660
12974 10957828
12975 10957852
12976 10958452
12977 10964308
12978 10964332
12979 10964500
12980 10969876
12981 10970476
12982 10970980
12983 10971172
12984 10971388
12985 10973308
12986 10976476
12987 10977148
12988 10977652
12989 10977844
12990 10982596
12991 10983196
12992 10983796
12993 10983820
12994 10984324
12995 10989796
12996 10989868
12997 10990468
12998 10996540
12999 10997140
13000 10998508
13001 10999660
13002 11003116
13003 11003812
13004 11009788
13005 11014036
13006 11016436
13007 11016460
13008 11023108
13009 11027068
13010 11029780
13011 11036452
13012 11042356
13013 11049076
13014 11060596
13015 11062276
13016 11064820
13017 11068468
13018 11068996
13019 11074588
13020 11075668
13021 11079292
13022 11080348
13023 11080516
13024 11082316
13025 11088916
13026 11088988
13027 11091508
13028 11093836
13029 11093908
13030 11094508
13031 11094820
13032 11094916
13033 11094940
13034 11095660
13035 11100268
13036 11101612
13037 11101972
13038 11102236
13039 11102332
13040 11105548
13041 11107468
13042 11107492
13043 11108380
13044 11108500
13045 11108908
13046 11114068
13047 11115172
13048 11115292
13049 11115556
13050 11115580
13051 11119108
13052 11119348
13053 11119828
13054 11120188
13055 11120500
13056 11120620
13057 11120956
13058 11122252
13059 11127388
13060 11127748
13061 11128900
13062 11132548
13063 11132668
13064 11132788
13065 11132908
13066 11133388
13067 11133508
13068 11134060
13069 11134180
13070 11134420
13071 11134780
13072 11135380
13073 11135572
13074 11140540
13075 11142244
13076 11145700
13077 11146108
13078 11146948
13079 11147644
13080 11152828
13081 11153860
13082 11159260
13083 11159572
13084 11159620
13085 11159980
13086 11160532
13087 11161732
13088 11161948
13089 11171476
13090 11172076
13091 11172820
13092 11173132
13093 11173252
13094 11174932
13095 11175508
13096 11181196
13097 11183068
13098 11187628
13099 11194756
13100 11197828
13101 11200132
13102 11200516
13103 11201188
13104 11208316
13105 11209420
13106 11213692
13107 11214076
13108 11214412
13109 11214652
13110 11214748
13111 11215108
13112 11219908
13113 11221540
13114 11221876
13115 11221900
13116 11226388
13117 11227636
13118 11228308
13119 11228332
13120 11228668
13121 11233468
13122 11234428
13123 11235100
13124 11235460
13125 11235628
13126 11237500
13127 11239948
13128 11241196
13129 11241220
13130 11241892
13131 11242012
13132 11242252
13133 11245876
13134 11247028
13135 11247988
13136 11248684
13137 11249188
13138 11250916
13139 11252260
13140 11253508
13141 11253820
13142 11254564
13143 11254780
13144 11254948
13145 11255284
13146 11255572
13147 11255620
13148 11259436
13149 11260300
13150 11260588
13151 11260612
13152 11261572
13153 11267068
13154 11267092
13155 11267380
13156 11268508
13157 11272996
13158 11273860
13159 11274172
13160 11278516
13161 11279788
13162 11280652
13163 11280820
13164 11280964
13165 11281732
13166 11282764
13167 11286556
13168 11286580
13169 11287444
13170 11287900
13171 11288860
13172 11290828
13173 11291164
13174 11292076
13175 11293348
13176 11294380
13177 11295652
13178 11300140
13179 11305588
13180 11305636
13181 11306932
13182 11308252
13183 11309380
13184 11309668
13185 11312428
13186 11313868
13187 11314732
13188 11315044
13189 11316844
13190 11319196
13191 11319220
13192 11321524
13193 11322892
13194 11322940
13195 11325988
13196 11329732
13197 11330980
13198 11332780
13199 11332948
13200 11334220
13201 11335252
13202 11335540
13203 11339572
13204 11342332
13205 11344396
13206 11347900
13207 11348812
13208 11349124
13209 11354740
13210 11355604
13211 11356372
13212 11357956
13213 11364316
13214 11366860
13215 11368300
13216 11370988
13217 11371516
13218 11372500
13219 11372572
13220 11373580
13221 11373652
13222 11374348
13223 11375092
13224 11377636
13225 11377876
13226 11378308
13227 11383204
13228 11383492
13229 11384308
13230 11385076
13231 11385100
13232 11387380
13233 11389684
13234 11389972
13235 11390380
13236 11391196
13237 11391436
13238 11391868
13239 11396860
13240 11397172
13241 11397868
13242 11398228
13243 11398588
13244 11398660
13245 11399164
13246 11399260
13247 11400940
13248 11401660
13249 11404756
13250 11404996
13251 11405020
13252 11405452
13253 11407732
13254 11409172
13255 11409460
13256 11411428
13257 11411548
13258 11411788
13259 11412388
13260 11412484
13261 11414452
13262 11414980
13263 11417572
13264 11418220
13265 11418316
13266 11418340
13267 11418580
13268 11423140
13269 11424988
13270 11425012
13271 11425108
13272 11425372
13273 11428540
13274 11430796
13275 11431780
13276 11431900
13277 11432068
13278 11432740
13279 11438572
13280 11438692
13281 11439532
13282 11441812
13283 11442100
13284 11445364
13285 11452660
13286 11453020
13287 11453260
13288 11455612
13289 11455780
13290 11455900
13291 11457412
13292 11459452
13293 11464996
13294 11466820
13295 11469700
13296 11471188
13297 11471380
13298 11472652
13299 11473612
13300 11478892
13301 11479444
13302 11481292
13303 11481580
13304 11483476
13305 11484268
13306 11490148
13307 11491492
13308 11492068
13309 11492116
13310 11493172
13311 11493532
13312 11494420
13313 11496940
13314 11497036
13315 11498380
13316 11498860
13317 11505268
13318 11505676
13319 11506684
13320 11506732
13321 11506852
13322 11507548
13323 11507692
13324 11512468
13325 11513524
13326 11518828
13327 11519236
13328 11519260
13329 11524132
13330 11525716
13331 11526052
13332 11527612
13333 11531020
13334 11532652
13335 11532820
13336 11533516
13337 11535580
13338 11535628
13339 11537908
13340 11538388
13341 11538508
13342 11539540
13343 11539612
13344 11540932
13345 11546404
13346 11547604
13347 11547892
13348 11549140
13349 11550868
13350 11555932
13351 11561500
13352 11562388
13353 11562820
13354 11564188
13355 11565292
13356 11565580
13357 11566300
13358 11572180
13359 11573860
13360 11575492
13361 11575852
13362 11577700
13363 11579068
13364 11580388
13365 11585956
13366 11587420
13367 11589580
13368 11590012
13369 11591980
13370 11595940
13371 11596060
13372 11596900
13373 11602948
13374 11603788
13375 11604868
13376 11607028
13377 11609932
13378 11613628
13379 11614564
13380 11615548
13381 11616820
13382 11617372
13383 11618476
13384 11619772
13385 11620516
13386 11623252
13387 11628292
13388 11629924
13389 11630140
13390 11631028
13391 11631172
13392 11631460
13393 11632036
13394 11634532
13395 11634820
13396 11636812
13397 11637028
13398 11638060
13399 11638348
13400 11638828
13401 11641852
13402 11643340
13403 11643700
13404 11644948
13405 11646700
13406 11648188
13407 11648644
13408 11651092
13409 11651836
13410 11651956
13411 11655076
13412 11657980
13413 11658004
13414 11659828
13415 11661796
13416 11664412
13417 11664868
13418 11671084
13419 11671300
13420 11671756
13421 11671948
13422 11672908
13423 11675260
13424 11675692
13425 11675740
13426 11677972
13427 11678188
13428 11679508
13429 11682124
13430 11682724
13431 11684860
13432 11685076
13433 11686396
13434 11691748
13435 11696908
13436 11699428
13437 11700460
13438 11706316
13439 11710612
13440 11712580
13441 11712748
13442 11712820
13443 11714068
13444 11719636
13445 11720956
13446 11726308
13447 11726716
13448 11728228
13449 11728540
13450 11729020
13451 11729212
13452 11730076
13453 11731060
13454 11733988
13455 11737948
13456 11739076
13457 11740324
13458 11740612
13459 11740876
13460 11741860
13461 11742340
13462 11747308
13463 11751772
13464 11753980
13465 11754196
13466 11754508
13467 11755516
13468 11755948
13469 11757796
13470 11757868
13471 11758660
13472 11760868
13473 11761732
13474 11761780
13475 11762788
13476 11765332
13477 11765548
13478 11768668
13479 11769508
13480 11769652
13481 11769676
13482 11772124
13483 11772220
13484 11772436
13485 11775436
13486 11776540
13487 11779012
13488 11779108
13489 11781772
13490 11781988
13491 11782252
13492 11783308
13493 11783740
13494 11785900
13495 11785996
13496 11788756
13497 11789572
13498 11790580
13499 11792788
13500 11793508
13501 11795428
13502 11796436
13503 11796460
13504 11797468
13505 11800108
13506 11802892
13507 11803228
13508 11803588
13509 11806204
13510 11806996
13511 11808076
13512 11809780
13513 11811100
13514 11811508
13515 11811580
13516 11813092
13517 11816548
13518 11819980
13519 11820460
13520 11820556
13521 11821012
13522 11821300
13523 11823220
13524 11823820
13525 11823916
13526 11825236
13527 11825668
13528 11826868
13529 11830708
13530 11831020
13531 11831428
13532 11832028
13533 11834668
13534 11835868
13535 11838892
13536 11839540
13537 11840188
13538 11841556
13539 11844340
13540 11845156
13541 11845588
13542 11846668
13543 11847364
13544 11848228
13545 11851012
13546 11851492
13547 11851636
13548 11851948
13549 11852428
13550 11852956
13551 11853028
13552 11853508
13553 11853652
13554 11855020
13555 11858476
13556 11858812
13557 11861140
13558 11861428
13559 11861908
13560 11862652
13561 11865268
13562 11865748
13563 11866156
13564 11868028
13565 11871940
13566 11872132
13567 11872876
13568 11874916
13569 11876020
13570 11876116
13571 11878804
13572 11880316
13573 11880748
13574 11882908
13575 11886196
13576 11886748
13577 11889676
13578 11892868
13579 11892940
13580 11893636
13581 11893876
13582 11894956
13583 11895028
13584 11896468
13585 11900668
13586 11901676
13587 11901748
13588 11903524
13589 11903812
13590 11903908
13591 11904580
13592 11907196
13593 11910700
13594 11913868
13595 11913988
13596 11914876
13597 11917468
13598 11920660
13599 11921596
13600 11921668
13601 11922748
13602 11924260
13603 11928196
13604 11928892
13605 11929372
13606 11930548
13607 11931628
13608 11931700
13609 11934868
13610 11934916
13611 11934988
13612 11941588
13613 11941660
13614 11942668
13615 11943676
13616 11943820
13617 11944036
13618 11945260
13619 11949268
13620 11951572
13621 11952052
13622 11952556
13623 11955940
13624 11955988
13625 11958340
13626 11959492
13627 11962660
13628 11963596
13629 11963740
13630 11964676
13631 11970340
13632 11971708
13633 11972980
13634 11973052
13635 11973556
13636 11976916
13637 11977012
13638 11977060
13639 11978596
13640 11979844
13641 11983588
13642 11984596
13643 11984668
13644 11985844
13645 11986132
13646 11987116
13647 11987188
13648 11987668
13649 11988652
13650 11993908
13651 11997916
13652 11997988
13653 12001348
13654 12004588
13655 12004660
13656 12004804
13657 12005740
13658 12006388
13659 12013156
13660 12013924
13661 12014908
13662 12015556
13663 12015628
13664 12019060
13665 12021700
13666 12022276
13667 12022348
13668 12025732
13669 12026740
13670 12027292
13671 12027988
13672 12028540
13673 12029116
13674 12029812
13675 12035836
13676 12040060
13677 12042628
13678 12042700
13679 12043348
13680 12046732
13681 12047668
13682 12047812
13683 12048988
13684 12055084
13685 12055780
13686 12056908
13687 12061132
13688 12061972
13689 12063700
13690 12064276
13691 12067804
13692 12068740
13693 12069148
13694 12069700
13695 12069988
13696 12075076
13697 12076708
13698 12076780
13699 12077836
13700 12077980
13701 12084628
13702 12084772
13703 12085276
13704 12085348
13705 12085492
13706 12096532
13707 12096940
13708 12097780
13709 12098836
13710 12098908
13711 12099052
13712 12103828
13713 12105628
13714 12105700
13715 12105844
13716 12106420
13717 12113116
13718 12117868
13719 12118708
13720 12119980
13721 12124324
13722 12124756
13723 12124828
13724 12126772
13725 12127420
13726 12138388
13727 12138940
13728 12139708
13729 12139780
13730 12140980
13731 12147772
13732 12148492
13733 12152596
13734 12157108
13735 12159316
13736 12159868
13737 12162052
13738 12166756
13739 12167356
13740 12168844
13741 12180388
13742 12180868
13743 12180940
13744 12181084
13745 12181852
13746 12187108
13747 12187756
13748 12201316
13749 12202012
13750 12202924
13751 12208036
13752 12208900
13753 12210532
13754 12218836
13755 12220900
13756 12222316
13757 12222388
13758 12223012
13759 12229900
13760 12239428
13761 12241276
13762 12241348
13763 12242068
13764 12242404
13765 12244084
13766 12250108
13767 12250972
13768 12252076
13769 12254476
13770 12260788
13771 12264460
13772 12267220
13773 12268276
13774 12268636
13775 12269356
13776 12271036
13777 12275788
13778 12285532
13779 12289348
13780 12289996
13781 12292036
13782 12292252
13783 12296140
13784 12297148
13785 12297268
13786 12297436
13787 12302836
13788 12303916
13789 12309148
13790 12310996
13791 12311932
13792 12313324
13793 12322900
13794 12323308
13795 12324196
13796 12324220
13797 12324340
13798 12325348
13799 12325708
13800 12325996
13801 12330220
13802 12332788
13803 12334252
13804 12337180
13805 12337660
13806 12338932
13807 12339436
13808 12340060
13809 12340348
13810 12346348
13811 12347212
13812 12349828
13813 12350308
13814 12352804
13815 12352996
13816 12353140
13817 12355252
13818 12359788
13819 12365860
13820 12366148
13821 12367132
13822 12367420
13823 12367780
13824 12372532
13825 12375076
13826 12376324
13827 12380452
13828 12381724
13829 12382156
13830 12386308
13831 12388636
13832 12392548
13833 12393868
13834 12394372
13835 12395428
13836 12395716
13837 12396436
13838 12402508
13839 12403516
13840 12403588
13841 12407020
13842 12407740
13843 12408652
13844 12409996
13845 12410716
13846 12412828
13847 12414100
13848 12416788
13849 12417076
13850 12417148
13851 12417796
13852 12417868
13853 12423052
13854 12423868
13855 12423940
13856 12424276
13857 12425020
13858 12429508
13859 12431068
13860 12431356
13861 12431428
13862 12432076
13863 12434188
13864 12435028
13865 12435892
13866 12436588
13867 12438148
13868 12438220
13869 12438580
13870 12438964
13871 12439228
13872 12441916
13873 12445372
13874 12445636
13875 12446356
13876 12446380
13877 12448756
13878 12448900
13879 12449548
13880 12450868
13881 12452428
13882 12452788
13883 12453508
13884 12455548
13885 12457948
13886 12458020
13887 12459580
13888 12459916
13889 12459940
13890 12460660
13891 12465148
13892 12466132
13893 12466612
13894 12466708
13895 12466732
13896 12467068
13897 12467812
13898 12469828
13899 12470188
13900 12470668
13901 12472228
13902 12472300
13903 12473860
13904 12474220
13905 12474508
13906 12476476
13907 12477556
13908 12477748
13909 12479452
13910 12480892
13911 12481012
13912 12481372
13913 12481660
13914 12484636
13915 12486508
13916 12488164
13917 12488452
13918 12490756
13919 12492028
13920 12493660
13921 12495868
13922 12498916
13923 12499108
13924 12499180
13925 12500788
13926 12500812
13927 12502660
13928 12503740
13929 12504268
13930 12505996
13931 12506068
13932 12506308
13933 12507940
13934 12509404
13935 12509692
13936 12512116
13937 12513196
13938 12513388
13939 12513460
13940 12515092
13941 12517300
13942 12519196
13943 12520276
13944 12520348
13945 12520612
13946 12522052
13947 12522244
13948 12522532
13949 12524092
13950 12525196
13951 12527500
13952 12527668
13953 12532828
13954 12533476
13955 12534556
13956 12534820
13957 12536740
13958 12539908
13959 12540556
13960 12541708
13961 12541948
13962 12541972
13963 12546196
13964 12546988
13965 12547756
13966 12548836
13967 12548860
13968 12549100
13969 12554836
13970 12554908
13971 12555988
13972 12556252
13973 12558172
13974 12560380
13975 12560572
13976 12560836
13977 12561268
13978 12562060
13979 12563140
13980 12563404
13981 12567268
13982 12567916
13983 12568348
13984 12568420
13985 12569116
13986 12570292
13987 12575548
13988 12576268
13989 12577900
13990 12580180
13991 12582196
13992 12582628
13993 12582700
13994 12583396
13995 12583420
13996 12588916
13997 12589276
13998 12589348
13999 12589852
14000 12590092
14001 12590548
14002 12596476
14003 12596908
14004 12597700
14005 12599332
14006 12601252
14007 12603196
14008 12603556
14009 12603628
14010 12604060
14011 12604852
14012 12605140
14013 12606220
14014 12606772
14015 12608404
14016 12609988
14017 12610276
14018 12611188
14019 12611212
14020 12617404
14021 12617476
14022 12617836
14023 12618340
14024 12619348
14025 12621172
14026 12622252
14027 12623092
14028 12624556
14029 12624988
14030 12625492
14031 12628132
14032 12630916
14033 12631348
14034 12631420
14035 12631780
14036 12632116
14037 12632140
14038 12632644
14039 12632932
14040 12635020
14041 12637372
14042 12638548
14043 12638836
14044 12639268
14045 12640780
14046 12642412
14047 12642892
14048 12644524
14049 12645628
14050 12645700
14051 12645988
14052 12646420
14053 12646732
14054 12647140
14055 12648220
14056 12649300
14057 12649564
14058 12651484
14059 12653116
14060 12653140
14061 12653572
14062 12656452
14063 12659212
14064 12659908
14065 12660268
14066 12663460
14067 12664252
14068 12667060
14069 12667420
14070 12669580
14071 12674188
14072 12674212
14073 12674572
14074 12680644
14075 12681340
14076 12685420
14077 12687604
14078 12688492
14079 12689500
14080 12691012
14081 12692572
14082 12692644
14083 12694996
14084 12695644
14085 12697372
14086 12699532
14087 12702196
14088 12705700
14089 12707260
14090 12716356
14091 12718804
14092 12720508
14093 12721540
14094 12721804
14095 12723556
14096 12727132
14097 12728692
14098 12728764
14099 12730708
14100 12732580
14101 12734092
14102 12735652
14103 12737836
14104 12739732
14105 12744916
14106 12744988
14107 12750868
14108 12752140
14109 12753580
14110 12759196
14111 12759292
14112 12760732
14113 12761884
14114 12764884
14115 12766348
14116 12770212
14117 12771772
14118 12773116
14119 12773476
14120 12773500
14121 12774652
14122 12780652
14123 12782812
14124 12787780
14125 12790540
14126 12794476
14127 12794932
14128 12798004
14129 12801004
14130 12802084
14131 12803812
14132 12804820
14133 12806332
14134 12807892
14135 12811972
14136 12815908
14137 12818932
14138 12824884
14139 12832612
14140 12832972
14141 12834124
14142 12834820
14143 12837724
14144 12839932
14145 12842452
14146 12852100
14147 12855052
14148 12858988
14149 12861004
14150 12870244
14151 12876052
14152 12877756
14153 12878260
14154 12879172
14155 12880732
14156 12888532
14157 12891172
14158 12892036
14159 12893548
14160 12895108
14161 12897124
14162 12899188
14163 12909892
14164 12912172
14165 12913036
14166 12917692
14167 12921268
14168 12922780
14169 12924172
14170 12929668
14171 12931324
14172 12933244
14173 12934108
14174 12943084
14175 12944284
14176 12957460
14177 12960292
14178 12960772
14179 12962116
14180 12973276
14181 12974404
14182 12978388
14183 12979804
14184 12980116
14185 12982132
14186 12984340
14187 12986692
14188 12988132
14189 12996892
14190 12999388
14191 13001068
14192 13002508
14193 13003564
14194 13004836
14195 13006084
14196 13007620
14197 13015924
14198 13018252
14199 13020460
14200 13021996
14201 13028620
14202 13030300
14203 13031740
14204 13032532
14205 13036852
14206 13039684
14207 13042996
14208 13046644
14209 13047988
14210 13049692
14211 13051228
14212 13057852
14213 13059532
14214 13060972
14215 13064068
14216 13072228
14217 13080460
14218 13082764
14219 13088764
14220 13090780
14221 13091092
14222 13093300
14223 13095988
14224 13096060
14225 13101460
14226 13105468
14227 13109692
14228 13118428
14229 13118884
14230 13119748
14231 13122532
14232 13126900
14233 13127716
14234 13130692
14235 13137772
14236 13139308
14237 13147612
14238 13148980
14239 13149076
14240 13151764
14241 13154908
14242 13156948
14243 13163356
14244 13170508
14245 13178212
14246 13178308
14247 13180996
14248 13181380
14249 13186180
14250 13192588
14251 13196620
14252 13199740
14253 13207540
14254 13210612
14255 13213588
14256 13215412
14257 13221820
14258 13227388
14259 13228972
14260 13236772
14261 13240228
14262 13242820
14263 13248388
14264 13249708
14265 13251052
14266 13256212
14267 13258204
14268 13260268
14269 13264564
14270 13269460
14271 13272052
14272 13280668
14273 13281628
14274 13293316
14275 13295620
14276 13301284
14277 13307236
14278 13308172
14279 13309900
14280 13310020
14281 13314268
14282 13325236
14283 13328308
14284 13333108
14285 13337404
14286 13351780
14287 13354468
14288 13358116
14289 13358692
14290 13368748
14291 13373284
14292 13375900
14293 13381012
14294 13389748
14295 13391956
14296 13396252
14297 13410244
14298 13413316
14299 13413796
14300 13427596
14301 13432132
14302 13434748
14303 13441972
14304 13444468
14305 13445404
14306 13460356
14307 13460428
14308 13466236
14309 13474252
14310 13477828
14311 13488148
14312 13488220
14313 13495780
14314 13501876
14315 13505236
14316 13505380
14317 13511500
14318 13513948
14319 13515628
14320 13517140
14321 13518148
14322 13519108
14323 13520236
14324 13527676
14325 13527940
14326 13531420
14327 13532548
14328 13532932
14329 13532956
14330 13533028
14331 13533100
14332 13533172
14333 13533676
14334 13538572
14335 13539508
14336 13540516
14337 13545628
14338 13546588
14339 13547692
14340 13548028
14341 13554460
14342 13555468
14343 13555588
14344 13557556
14345 13560940
14346 13561588
14347 13561876
14348 13568212
14349 13568740
14350 13569052
14351 13574956
14352 13576156
14353 13576228
14354 13576396
14355 13583308
14356 13583332
14357 13584316
14358 13585012
14359 13586788
14360 13589908
14361 13590484
14362 13591108
14363 13591780
14364 13592428
14365 13592908
14366 13592980
14367 13598596
14368 13599268
14369 13604020
14370 13604956
14371 13606012
14372 13606372
14373 13606396
14374 13606756
14375 13606780
14376 13606828
14377 13607212
14378 13607380
14379 13613548
14380 13613788
14381 13614796
14382 13614868
14383 13615396
14384 13617772
14385 13618612
14386 13619308
14387 13619932
14388 13620652
14389 13621036
14390 13621108
14391 13621780
14392 13622332
14393 13628068
14394 13628188
14395 13628740
14396 13629748
14397 13629820
14398 13633564
14399 13635220
14400 13636156
14401 13636228
14402 13636588
14403 13637308
14404 13642396
14405 13643020
14406 13643692
14407 13644700
14408 13644820
14409 13645636
14410 13647268
14411 13648828
14412 13650100
14413 13650172
14414 13650292
14415 13650436
14416 13650508
14417 13650700
14418 13651036
14419 13651108
14420 13651180
14421 13651588
14422 13651780
14423 13652188
14424 13652236
14425 13652308
14426 13652332
14427 13655092
14428 13657588
14429 13657660
14430 13657972
14431 13658188
14432 13658548
14433 13658668
14434 13659652
14435 13659676
14436 13659820
14437 13661380
14438 13662508
14439 13665124
14440 13665388
14441 13665460
14442 13665700
14443 13666060
14444 13666180
14445 13666948
14446 13667140
14447 13667188
14448 13667308
14449 13669684
14450 13670884
14451 13671052
14452 13672540
14453 13672612
14454 13672948
14455 13673548
14456 13673596
14457 13673668
14458 13673692
14459 13674628
14460 13674676
14461 13674700
14462 13677460
14463 13678300
14464 13680100
14465 13680340
14466 13680460
14467 13681012
14468 13681036
14469 13681180
14470 13682116
14471 13682188
14472 13682332
14473 13683748
14474 13687492
14475 13687612
14476 13687828
14477 13687876
14478 13687948
14479 13687972
14480 13688500
14481 13688548
14482 13688668
14483 13689628
14484 13689652
14485 13689676
14486 13692148
14487 13693252
14488 13693372
14489 13694980
14490 13695028
14491 13695100
14492 13695124
14493 13695292
14494 13695316
14495 13695340
14496 13695460
14497 13695988
14498 13696036
14499 13696060
14500 13696180
14501 13696780
14502 13696972
14503 13697116
14504 13697140
14505 13697188
14506 13699900
14507 13700668
14508 13700740
14509 13702444
14510 13702468
14511 13702780
14512 13702828
14513 13703476
14514 13703548
14515 13704628
14516 13704700
14517 13706116
14518 13706404
14519 13707004
14520 13707172
14521 13708204
14522 13709932
14523 13709980
14524 13710100
14525 13710268
14526 13710292
14527 13710316
14528 13710340
14529 13710460
14530 13710988
14531 13711012
14532 13711036
14533 13711780
14534 13712116
14535 13712140
14536 13713292
14537 13714420
14538 13715620
14539 13715692
14540 13717420
14541 13717468
14542 13717492
14543 13717612
14544 13717756
14545 13717828
14546 13718476
14547 13718500
14548 13718548
14549 13719868
14550 13723180
14551 13724908
14552 13724980
14553 13725124
14554 13725268
14555 13725292
14556 13725316
14557 13725988
14558 13726060
14559 13729372
14560 13729492
14561 13730572
14562 13732420
14563 13732444
14564 13732468
14565 13732756
14566 13732780
14567 13732804
14568 13732828
14569 13733476
14570 13733500
14571 13736788
14572 13736860
14573 13738060
14574 13738108
14575 13738180
14576 13738204
14577 13739908
14578 13739932
14579 13739980
14580 13740268
14581 13740292
14582 13740340
14583 13740820
14584 13740988
14585 13741012
14586 13741228
14587 13742524
14588 13744324
14589 13745524
14590 13745548
14591 13745692
14592 13747420
14593 13747492
14594 13747756
14595 13747780
14596 13748476
14597 13748500
14598 13750300
14599 13750612
14600 13751380
14601 13751740
14602 13751812
14603 13753012
14604 13753060
14605 13753180
14606 13754908
14607 13754932
14608 13755172
14609 13755268
14610 13755292
14611 13755508
14612 13755652
14613 13755988
14614 13756180
14615 13758028
14616 13759300
14617 13760500
14618 13760548
14619 13762420
14620 13762444
14621 13762756
14622 13762780
14623 13762804
14624 13763500
14625 13763668
14626 13765252
14627 13766020
14628 13766692
14629 13766812
14630 13767988
14631 13768060
14632 13768204
14633 13769908
14634 13769932
14635 13770268
14636 13770460
14637 13771012
14638 13772740
14639 13772980
14640 13774180
14641 13774228
14642 13775500
14643 13775524
14644 13775548
14645 13777420
14646 13777780
14647 13777948
14648 13778020
14649 13778668
14650 13779844
14651 13780060
14652 13780396
14653 13780468
14654 13781644
14655 13781668
14656 13781812
14657 13782988
14658 13783012
14659 13783060
14660 13784380
14661 13784932
14662 13785172
14663 13785292
14664 13786300
14665 13787260
14666 13787932
14667 13789132
14668 13789180
14669 13789300
14670 13790500
14671 13790572
14672 13792444
14673 13792948
14674 13792972
14675 13793332
14676 13794196
14677 13795252
14678 13795348
14679 13795420
14680 13796020
14681 13796620
14682 13796668
14683 13796692
14684 13796812
14685 13797988
14686 13798012
14687 13798252
14688 13798372
14689 13800100
14690 13800124
14691 13800484
14692 13800772
14693 13801180
14694 13801372
14695 13802212
14696 13804108
14697 13804180
14698 13804324
14699 13805500
14700 13805524
14701 13805740
14702 13809628
14703 13809700
14704 13810228
14705 13810300
14706 13810420
14707 13811620
14708 13811644
14709 13811668
14710 13812004
14711 13812988
14712 13813012
14713 13815460
14714 13815700
14715 13815988
14716 13817164
14717 13817740
14718 13817788
14719 13817836
14720 13819108
14721 13819132
14722 13819180
14723 13820500
14724 13822852
14725 13822972
14726 13823092
14727 13824580
14728 13824652
14729 13825252
14730 13825276
14731 13825420
14732 13826620
14733 13826692
14734 13828012
14735 13828180
14736 13828252
14737 13830124
14738 13830652
14739 13832740
14740 13832788
14741 13832908
14742 13834108
14743 13834132
14744 13835524
14745 13837804
14746 13838140
14747 13838692
14748 13839532
14749 13839652
14750 13840228
14751 13840276
14752 13840300
14753 13840420
14754 13841620
14755 13841644
14756 13841860
14757 13842004
14758 13843180
14759 13843204
14760 13843564
14761 13845292
14762 13846108
14763 13847020
14764 13847068
14765 13847716
14766 13849108
14767 13849132
14768 13853140
14769 13853284
14770 13854484
14771 13854508
14772 13855228
14773 13855252
14774 13855276
14775 13856620
14776 13856812
14777 13860292
14778 13860652
14779 13861972
14780 13862716
14781 13862740
14782 13862788
14783 13864132
14784 13864372
14785 13865692
14786 13865932
14787 13867804
14788 13868476
14789 13868548
14790 13869460
14791 13869508
14792 13869532
14793 13870228
14794 13870300
14795 13871644
14796 13873204
14797 13876948
14798 13877020
14799 13877716
14800 13877740
14801 13883428
14802 13883500
14803 13884100
14804 13884460
14805 13884484
14806 13884508
14807 13885228
14808 13885252
14809 13885468
14810 13885612
14811 13888372
14812 13888660
14813 13889044
14814 13891948
14815 13891972
14816 13892020
14817 13892716
14818 13892740
14819 13898332
14820 13898380
14821 13899460
14822 13899532
14823 13900228
14824 13900420
14825 13901812
14826 13903372
14827 13905868
14828 13906948
14829 13906972
14830 13907740
14831 13907908
14832 13909324
14833 13910884
14834 13913332
14835 13913356
14836 13914460
14837 13914484
14838 13915252
14839 13917004
14840 13920388
14841 13920820
14842 13921948
14843 13921972
14844 13926364
14845 13927924
14846 13928308
14847 13928356
14848 13928500
14849 13929460
14850 13934524
14851 13935796
14852 13936012
14853 13936972
14854 13939492
14855 13942756
14856 13943308
14857 13943332
14858 13943356
14859 13944484
14860 13945420
14861 13947004
14862 13948564
14863 13948852
14864 13950292
14865 13950796
14866 13950820
14867 13950868
14868 13952164
14869 13952932
14870 13956892
14871 13957780
14872 13958308
14873 13958380
14874 13960060
14875 13960612
14876 13962484
14877 13965244
14878 13965796
14879 13965820
14880 13968100
14881 13971844
14882 13972660
14883 13972732
14884 13972900
14885 13973308
14886 13973332
14887 13974652
14888 13974892
14889 13979332
14890 13980220
14891 13980796
14892 13980820
14893 13982164
14894 13983100
14895 13984684
14896 13987612
14897 13987708
14898 13988308
14899 13989292
14900 13990612
14901 13994692
14902 13995100
14903 13995244
14904 13995820
14905 13995988
14906 13997332
14907 14001844
14908 14002180
14909 14002564
14910 14002588
14911 14002708
14912 14002732
14913 14003332
14914 14007796
14915 14007964
14916 14010076
14917 14010220
14918 14012332
14919 14017180
14920 14017540
14921 14017588
14922 14017636
14923 14017708
14924 14017732
14925 14019292
14926 14019844
14927 14020636
14928 14022268
14929 14025028
14930 14025220
14931 14028292
14932 14032516
14933 14032588
14934 14032708
14935 14032732
14936 14035060
14937 14035324
14938 14036668
14939 14037964
14940 14038300
14941 14039524
14942 14040076
14943 14040100
14944 14040220
14945 14047588
14946 14047732
14947 14055076
14948 14055244
14949 14057524
14950 14060812
14951 14062372
14952 14062516
14953 14062540
14954 14062564
14955 14062588
14956 14062948
14957 14066332
14958 14070028
14959 14070052
14960 14070100
14961 14075644
14962 14077516
14963 14077540
14964 14077612
14965 14078692
14966 14080828
14967 14083660
14968 14085004
14969 14085028
14970 14085052
14971 14085412
14972 14092516
14973 14092540
14974 14092564
14975 14098492
14976 14100052
14977 14103652
14978 14107540
14979 14108092
14980 14108140
14981 14110540
14982 14111548
14983 14112100
14984 14113516
14985 14115052
14986 14116372
14987 14119252
14988 14121124
14989 14121412
14990 14122564
14991 14122972
14992 14123092
14993 14126500
14994 14127268
14995 14130460
14996 14130604
14997 14133988
14998 14142100
14999 14144260
15000 14148484
15001 14152900
15002 14152972
15003 14153572
15004 14154244
15005 14156500
15006 14157796
15007 14164732
15008 14164948
15009 14166820
15010 14167900
15011 14168284
15012 14171332
15013 14172076
15014 14179420
15015 14187868
15016 14189668
15017 14189740
15018 14190652
15019 14193964
15020 14194180
15021 14197924
15022 14199052
15023 14199388
15024 14199940
15025 14202340
15026 14205604
15027 14207332
15028 14210428
15029 14212660
15030 14213092
15031 14214052
15032 14228092
15033 14230180
15034 14233228
15035 14233276
15036 14233348
15037 14234668
15038 14235508
15039 14235604
15040 14239660
15041 14243932
15042 14244412
15043 14244676
15044 14252812
15045 14253028
15046 14256268
15047 14258428
15048 14259244
15049 14259268
15050 14259748
15051 14262508
15052 14262580
15053 14264788
15054 14273284
15055 14279116
15056 14281612
15057 14285500
15058 14289628
15059 14290180
15060 14290516
15061 14290588
15062 14295820
15063 14298508
15064 14302036
15065 14304052
15066 14304724
15067 14305012
15068 14308348
15069 14321020
15070 14321356
15071 14321428
15072 14322652
15073 14325340
15074 14325916
15075 14327092
15076 14331268
15077 14335396
15078 14342044
15079 14344348
15080 14349532
15081 14349748
15082 14350420
15083 14353228
15084 14364532
15085 14367196
15086 14372044
15087 14372788
15088 14373148
15089 14373268
15090 14373340
15091 14386132
15092 14386804
15093 14387740
15094 14390116
15095 14395228
15096 14395588
15097 14395636
15098 14395708
15099 14396260
15100 14408188
15101 14409724
15102 14410228
15103 14410588
15104 14410660
15105 14417740
15106 14418076
15107 14419108
15108 14423884
15109 14427412
15110 14428900
15111 14429884
15112 14433076
15113 14440588
15114 14440660
15115 14441068
15116 14441476
15117 14442028
15118 14445340
15119 14452708
15120 14453068
15121 14455204
15122 14455420
15123 14456068
15124 14456428
15125 14463580
15126 14463916
15127 14464396
15128 14467036
15129 14469652
15130 14477380
15131 14478268
15132 14478916
15133 14479348
15134 14486428
15135 14486836
15136 14489188
15137 14498188
15138 14501836
15139 14507452
15140 14509348
15141 14513308
15142 14518948
15143 14521036
15144 14523748
15145 14524108
15146 14528500
15147 14536228
15148 14538844
15149 14543956
15150 14546572
15151 14546596
15152 14547028
15153 14557012
15154 14564740
15155 14579860
15156 14580412
15157 14583652
15158 14588140
15159 14592508
15160 14597692
15161 14598340
15162 14601964
15163 14602540
15164 14602780
15165 14605420
15166 14609908
15167 14613148
15168 14615356
15169 14617732
15170 14620876
15171 14632540
15172 14632948
15173 14633188
15174 14638012
15175 14638276
15176 14640676
15177 14647732
15178 14649604
15179 14655100
15180 14655676
15181 14657332
15182 14657980
15183 14665060
15184 14671972
15185 14672452
15186 14672788
15187 14675260
15188 14675332
15189 14675524
15190 14677948
15191 14679700
15192 14682988
15193 14686924
15194 14687428
15195 14694412
15196 14694652
15197 14695156
15198 14698924
15199 14700580
15200 14700868
15201 14702140
15202 14702380
15203 14702788
15204 14709412
15205 14709868
15206 14710108
15207 14716924
15208 14717140
15209 14717596
15210 14720092
15211 14724652
15212 14724868
15213 14727244
15214 14732380
15215 14732596
15216 14734900
15217 14737372
15218 14740108
15219 14741644
15220 14745100
15221 14745172
15222 14749540
15223 14752900
15224 14752972
15225 14754604
15226 14762332
15227 14764492
15228 14764564
15229 14764900
15230 14769196
15231 14770060
15232 14771980
15233 14772700
15234 14773012
15235 14777788
15236 14779708
15237 14787412
15238 14792116
15239 14794492
15240 14794564
15241 14794708
15242 14794924
15243 14797012
15244 14797084
15245 14800084
15246 14804812
15247 14804884
15248 14807812
15249 14811652
15250 14812612
15251 14815540
15252 14819380
15253 14819452
15254 14822932
15255 14823268
15256 14826604
15257 14827180
15258 14827252
15259 14830660
15260 14834092
15261 14834980
15262 14838388
15263 14839900
15264 14840692
15265 14841820
15266 14841892
15267 14842132
15268 14842204
15269 14845852
15270 14846116
15271 14849692
15272 14849932
15273 14853580
15274 14856604
15275 14856820
15276 14856892
15277 14857420
15278 14859124
15279 14861308
15280 14864332
15281 14864404
15282 14864620
15283 14864692
15284 14866924
15285 14869036
15286 14872132
15287 14872420
15288 14874724
15289 14881492
15290 14882524
15291 14885380
15292 14888836
15293 14889292
15294 14894284
15295 14896444
15296 14897092
15297 14902012
15298 14903932
15299 14904244
15300 14904892
15301 14908228
15302 14909812
15303 14909884
15304 14911732
15305 14912044
15306 14915044
15307 14917612
15308 14918932
15309 14919532
15310 14919844
15311 14926444
15312 14926732
15313 14927332
15314 14930500
15315 14931148
15316 14934244
15317 14934532
15318 14935948
15319 14938228
15320 14942044
15321 14942332
15322 14945956
15323 14947492
15324 14949844
15325 14950948
15326 14955292
15327 14955364
15328 14964124
15329 14968852
15330 14971924
15331 14978140
15332 14978212
15333 14979724
15334 14985940
15335 14987524
15336 14993332
15337 15001060
15338 15001132
15339 15007132
15340 15008860
15341 15009604
15342 15017404
15343 15025204
15344 15030076
15345 15032452
15346 15033004
15347 15040252
15348 15044572
15349 15046060
15350 15048052
15351 15055372
15352 15055852
15353 15063172
15354 15069748
15355 15070180
15356 15070324
15357 15070972
15358 15073852
15359 15077548
15360 15078772
15361 15092284
15362 15092500
15363 15099988
15364 15100012
15365 15107188
15366 15108028
15367 15114988
15368 15115900
15369 15122500
15370 15124012
15371 15124564
15372 15132292
15373 15132364
15374 15138412
15375 15139612
15376 15140092
15377 15140164
15378 15147628
15379 15147892
15380 15147964
15381 15154612
15382 15155428
15383 15155692
15384 15162124
15385 15162412
15386 15169636
15387 15169708
15388 15169924
15389 15170428
15390 15186316
15391 15193852
15392 15194404
15393 15197860
15394 15199804
15395 15201316
15396 15201652
15397 15205660
15398 15208828
15399 15210004
15400 15212908
15401 15215620
15402 15215788
15403 15217732
15404 15217804
15405 15225604
15406 15231532
15407 15243196
15408 15244636
15409 15246508
15410 15248740
15411 15248908
15412 15256252
15413 15258436
15414 15261748
15415 15263236
15416 15271060
15417 15272452
15418 15276268
15419 15279964
15420 15287980
15421 15291988
15422 15293932
15423 15294388
15424 15294940
15425 15299860
15426 15305860
15427 15310348
15428 15314836
15429 15316540
15430 15317644
15431 15318892
15432 15320548
15433 15322948
15434 15323860
15435 15325660
15436 15325828
15437 15330580
15438 15331588
15439 15334780
15440 15336076
15441 15337036
15442 15337756
15443 15338476
15444 15339412
15445 15339820
15446 15340108
15447 15349372
15448 15352060
15449 15355492
15450 15355588
15451 15355780
15452 15356500
15453 15357388
15454 15362260
15455 15363124
15456 15367972
15457 15368668
15458 15371140
15459 15371308
15460 15371548
15461 15379348
15462 15381100
15463 15383476
15464 15384628
15465 15385180
15466 15385972
15467 15393988
15468 15394156
15469 15394852
15470 15399628
15471 15400396
15472 15400588
15473 15401836
15474 15402868
15475 15404260
15476 15404404
15477 15404980
15478 15405148
15479 15405220
15480 15406948
15481 15408892
15482 15412828
15483 15414676
15484 15416788
15485 15416908
15486 15417076
15487 15417700
15488 15417868
15489 15419428
15490 15420940
15491 15421108
15492 15425716
15493 15426580
15494 15428860
15495 15431356
15496 15432316
15497 15433756
15498 15435052
15499 15435388
15500 15437020
15501 15440620
15502 15444820
15503 15447316
15504 15448636
15505 15448996
15506 15449428
15507 15449596
15508 15449716
15509 15450172
15510 15450460
15511 15450628
15512 15450700
15513 15452668
15514 15454372
15515 15458308
15516 15460588
15517 15462100
15518 15464236
15519 15465532
15520 15466420
15521 15466588
15522 15467500
15523 15472348
15524 15473308
15525 15473476
15526 15474340
15527 15474412
15528 15474580
15529 15476788
15530 15478084
15531 15480196
15532 15481156
15533 15482548
15534 15484588
15535 15485812
15536 15488452
15537 15488476
15538 15490420
15539 15490540
15540 15492508
15541 15493828
15542 15495148
15543 15495196
15544 15496228
15545 15496396
15546 15496468
15547 15497188
15548 15497428
15549 15497716
15550 15498148
15551 15498292
15552 15498532
15553 15503212
15554 15504076
15555 15506068
15556 15509812
15557 15511108
15558 15512188
15559 15512308
15560 15512356
15561 15513148
15562 15513268
15563 15514252
15564 15514300
15565 15517540
15566 15517828
15567 15520108
15568 15520348
15569 15520996
15570 15521380
15571 15522028
15572 15522148
15573 15522244
15574 15524212
15575 15524428
15576 15525556
15577 15527308
15578 15527596
15579 15528916
15580 15529108
15581 15529948
15582 15529996
15583 15530020
15584 15530260
15585 15530548
15586 15531292
15587 15532012
15588 15536308
15589 15537988
15590 15538252
15591 15541348
15592 15541540
15593 15541708
15594 15543916
15595 15544060
15596 15544156
15597 15544300
15598 15544876
15599 15544996
15600 15545092
15601 15545380
15602 15545908
15603 15545980
15604 15546412
15605 15546652
15606 15547924
15607 15549268
15608 15551836
15609 15552028
15610 15552796
15611 15552868
15612 15553972
15613 15555724
15614 15560020
15615 15560476
15616 15560836
15617 15561100
15618 15561868
15619 15561988
15620 15563740
15621 15565420
15622 15565588
15623 15565660
15624 15567796
15625 15568012
15626 15568756
15627 15568828
15628 15569860
15629 15569908
15630 15569980
15631 15570916
15632 15573148
15633 15573268
15634 15573316
15635 15573388
15636 15574948
15637 15575284
15638 15575716
15639 15575788
15640 15576028
15641 15576148
15642 15576316
15643 15576820
15644 15577108
15645 15577828
15646 15577852
15647 15579652
15648 15580996
15649 15583756
15650 15584716
15651 15584836
15652 15585820
15653 15585868
15654 15585988
15655 15587452
15656 15587668
15657 15588820
15658 15589108
15659 15589276
15660 15589300
15661 15589372
15662 15589396
15663 15589540
15664 15591436
15665 15591676
15666 15591748
15667 15592180
15668 15592708
15669 15592756
15670 15592828
15671 15592876
15672 15593212
15673 15593812
15674 15593860
15675 15594100
15676 15594532
15677 15599740
15678 15600676
15679 15600700
15680 15601804
15681 15605236
15682 15605260
15683 15605380
15684 15605500
15685 15605548
15686 15607636
15687 15607756
15688 15608428
15689 15608668
15690 15608716
15691 15608836
15692 15609220
15693 15609268
15694 15609820
15695 15609868
15696 15609988
15697 15611380
15698 15611548
15699 15612988
15700 15613108
15701 15613252
15702 15615628
15703 15615676
15704 15615748
15705 15616660
15706 15616708
15707 15616948
15708 15617812
15709 15617980
15710 15619180
15711 15620668
15712 15620836
15713 15620980
15714 15621028
15715 15621220
15716 15623548
15717 15623596
15718 15623620
15719 15624652
15720 15624940
15721 15625828
15722 15628756
15723 15628948
15724 15629212
15725 15631588
15726 15631636
15727 15632668
15728 15632716
15729 15633820
15730 15635260
15731 15635284
15732 15635308
15733 15635428
15734 15636988
15735 15637108
15736 15637204
15737 15637228
15738 15639580
15739 15639628
15740 15639868
15741 15640660
15742 15640708
15743 15640828
15744 15640948
15745 15641332
15746 15641932
15747 15641980
15748 15642052
15749 15643060
15750 15643108
15751 15644716
15752 15644908
15753 15644980
15754 15645220
15755 15647572
15756 15648676
15757 15649828
15758 15650908
15759 15652636
15760 15652708
15761 15652948
15762 15653068
15763 15655588
15764 15655636
15765 15656668
15766 15656716
15767 15659140
15768 15659212
15769 15660676
15770 15660868
15771 15660940
15772 15661372
15773 15663004
15774 15663580
15775 15663868
15776 15664252
15777 15664780
15778 15664828
15779 15665764
15780 15666940
15781 15667012
15782 15668596
15783 15668668
15784 15668932
15785 15669220
15786 15671596
15787 15671716
15788 15672676
15789 15673060
15790 15673156
15791 15673252
15792 15675148
15793 15676660
15794 15676828
15795 15677620
15796 15679588
15797 15680788
15798 15682948
15799 15683092
15800 15683140
15801 15683188
15802 15684556
15803 15684676
15804 15684820
15805 15684868
15806 15684940
15807 15687700
15808 15687748
15809 15687916
15810 15688156
15811 15688780
15812 15688828
15813 15688996
15814 15690748
15815 15690868
15816 15692548
15817 15692596
15818 15692788
15819 15692812
15820 15695596
15821 15697228
15822 15698668
15823 15700516
15824 15700540
15825 15700780
15826 15700828
15827 15700948
15828 15703708
15829 15703828
15830 15703876
15831 15704788
15832 15705508
15833 15706828
15834 15707044
15835 15707140
15836 15708508
15837 15708556
15838 15708676
15839 15708772
15840 15708820
15841 15709732
15842 15711700
15843 15711916
15844 15712900
15845 15712948
15846 15712996
15847 15714220
15848 15714628
15849 15714748
15850 15714820
15851 15716500
15852 15716548
15853 15716764
15854 15716908
15855 15717388
15856 15719860
15857 15720268
15858 15720748
15859 15720892
15860 15721108
15861 15722548
15862 15722620
15863 15722788
15864 15723148
15865 15724492
15866 15724780
15867 15724828
15868 15727708
15869 15729220
15870 15729388
15871 15729556
15872 15730588
15873 15730708
15874 15730780
15875 15730852
15876 15732508
15877 15732556
15878 15732772
15879 15732940
15880 15733060
15881 15733228
15882 15733444
15883 15733828
15884 15735508
15885 15735820
15886 15735868
15887 15736900
15888 15737068
15889 15737236
15890 15738508
15891 15738580
15892 15740500
15893 15740788
15894 15743812
15895 15744028
15896 15745276
15897 15746572
15898 15746668
15899 15746788
15900 15748516
15901 15748780
15902 15749020
15903 15750172
15904 15752356
15905 15753268
15906 15754468
15907 15754588
15908 15754660
15909 15754708
15910 15755164
15911 15756508
15912 15756892
15913 15757108
15914 15758068
15915 15759820
15916 15760588
15917 15760948
15918 15762460
15919 15762508
15920 15762580
15921 15762628
15922 15762652
15923 15763060
15924 15764620
15925 15764668
15926 15764788
15927 15765172
15928 15767980
15929 15768196
15930 15768436
15931 15768820
15932 15770428
15933 15770452
15934 15770620
15935 15770668
15936 15770788
15937 15772516
15938 15772900
15939 15773068
15940 15773188
15941 15777076
15942 15778420
15943 15778468
15944 15778588
15945 15778612
15946 15778660
15947 15779572
15948 15780628
15949 15780892
15950 15781108
15951 15783988
15952 15784156
15953 15784996
15954 15786412
15955 15786460
15956 15786604
15957 15789052
15958 15791932
15959 15792676
15960 15794404
15961 15794620
15962 15794668
15963 15794692
15964 15796780
15965 15796900
15966 15797068
15967 15798052
15968 15801172
15969 15802420
15970 15802468
15971 15802612
15972 15802900
15973 15804628
15974 15805012
15975 15805060
15976 15808156
15977 15808540
15978 15808708
15979 15808876
15980 15808948
15981 15809788
15982 15810412
15983 15810580
15984 15810628
15985 15810940
15986 15812740
15987 15812788
15988 15813004
15989 15813508
15990 15813628
15991 15814012
15992 15818428
15993 15818620
15994 15820732
15995 15824668
15996 15824836
15997 15824884
15998 15824908
15999 15826420
16000 15826780
16001 15826948
16002 15827452
16003 15827908
16004 15829012
16005 15829180
16006 15829276
16007 15829348
16008 15832588
16009 15834580
16010 15834628
16011 15835012
16012 15836740
16013 15836908
16014 15840268
16015 15840796
16016 15841516
16017 15842428
16018 15842740
16019 15844900
16020 15846124
16021 15848548
16022 15848620
16023 15848788
16024 15850540
16025 15850732
16026 15851620
16027 15853180
16028 15853348
16029 15856612
16030 15856756
16031 15856780
16032 15858532
16033 15858892
16034 15860908
16035 15861076
16036 15861124
16037 15861340
16038 15861676
16039 15864316
16040 15864508
16041 15864748
16042 15866692
16043 15866740
16044 15868852
16045 15869068
16046 15872356
16047 15872500
16048 15872548
16049 15872620
16050 15872740
16051 15872788
16052 15873052
16053 15874540
16054 15874708
16055 15874852
16056 15874900
16057 15876892
16058 15877348
16059 15877612
16060 15877732
16061 15877828
16062 15878884
16063 15880468
16064 15880492
16065 15880732
16066 15882844
16067 15885076
16068 15888196
16069 15888460
16070 15888508
16071 15888748
16072 15888796
16073 15890644
16074 15893620
16075 15896236
16076 15896452
16077 15896740
16078 15898852
16079 15899020
16080 15901780
16081 15904228
16082 15904444
16083 15904756
16084 15904876
16085 15905260
16086 15906652
16087 15906820
16088 15907012
16089 15907228
16090 15907660
16091 15909460
16092 15909628
16093 15910732
16094 15912196
16095 15912460
16096 15912748
16097 15917188
16098 15920116
16099 15920188
16100 15920356
16101 15920452
16102 15920740
16103 15920860
16104 15920908
16105 15921124
16106 15923020
16107 15923140
16108 15923188
16109 15925012
16110 15925516
16111 15925732
16112 15925900
16113 15925996
16114 15928180
16115 15928468
16116 15928756
16117 15930964
16118 15931180
16119 15933628
16120 15934492
16121 15936076
16122 15936172
16123 15936460
16124 15937372
16125 15938620
16126 15938764
16127 15938980
16128 15941356
16129 15942220
16130 15942340
16131 15944068
16132 15947572
16133 15950332
16134 15950452
16135 15952036
16136 15952060
16137 15952180
16138 15952468
16139 15952852
16140 15953020
16141 15953428
16142 15954988
16143 15958180
16144 15958228
16145 15959524
16146 15960052
16147 15960196
16148 15960580
16149 15960868
16150 15966340
16151 15968020
16152 15968068
16153 15968116
16154 15968188
16155 15968980
16156 15969028
16157 15971620
16158 15972028
16159 15974068
16160 15974452
16161 15976012
16162 15976732
16163 15976972
16164 15979300
16165 15981796
16166 15984004
16167 15984076
16168 15984196
16169 15984580
16170 15987100
16171 15990340
16172 15992068
16173 15992692
16174 15992980
16175 15993148
16176 15995428
16177 15995908
16178 15998068
16179 16000684
16180 16001980
16181 16003372
16182 16003468
16183 16004020
16184 16006180
16185 16006564
16186 16008076
16187 16011268
16188 16014508
16189 16014748
16190 16016020
16191 16016308
16192 16016692
16193 16017148
16194 16017316
16195 16019860
16196 16020052
16197 16020172
16198 16020292
16199 16022236
16200 16022620
16201 16022860
16202 16024036
16203 16025092
16204 16025308
16205 16030348
16206 16030732
16207 16032028
16208 16035868
16209 16038460
16210 16040188
16211 16041028
16212 16041316
16213 16043908
16214 16048036
16215 16048420
16216 16048804
16217 16049020
16218 16051708
16219 16054948
16220 16055428
16221 16062676
16222 16063060
16223 16063540
16224 16065028
16225 16067980
16226 16068292
16227 16068532
16228 16068652
16229 16069612
16230 16070788
16231 16071172
16232 16071412
16233 16073428
16234 16076404
16235 16078900
16236 16079284
16237 16080532
16238 16084204
16239 16084348
16240 16087012
16241 16087924
16242 16088260
16243 16090348
16244 16092148
16245 16092460
16246 16097140
16247 16097572
16248 16097596
16249 16098292
16250 16100260
16251 16100572
16252 16103308
16253 16104412
16254 16108372
16255 16111852
16256 16112092
16257 16112260
16258 16112428
16259 16112596
16260 16113028
16261 16113412
16262 16113796
16263 16114060
16264 16114420
16265 16116772
16266 16117084
16267 16117444
16268 16119580
16269 16119820
16270 16119964
16271 16120372
16272 16121308
16273 16124788
16274 16127692
16275 16128364
16276 16128868
16277 16132588
16278 16132900
16279 16133308
16280 16133452
16281 16136596
16282 16138036
16283 16140700
16284 16141012
16285 16144372
16286 16148812
16287 16149052
16288 16149124
16289 16152748
16290 16153036
16291 16154308
16292 16156924
16293 16160260
16294 16161628
16295 16161748
16296 16162420
16297 16165564
16298 16168372
16299 16168708
16300 16176484
16301 16176700
16302 16176916
16303 16177636
16304 16178020
16305 16178476
16306 16181692
16307 16181932
16308 16185748
16309 16186132
16310 16186588
16311 16189492
16312 16189732
16313 16189804
16314 16192708
16315 16192876
16316 16193476
16317 16194700
16318 16197604
16319 16197916
16320 16200868
16321 16202188
16322 16209700
16323 16209748
16324 16210300
16325 16211212
16326 16215076
16327 16216228
16328 16216876
16329 16217860
16330 16218916
16331 16222372
16332 16227028
16333 16230172
16334 16230484
16335 16233916
16336 16235140
16337 16238284
16338 16239220
16339 16240228
16340 16242028
16341 16242628
16342 16243252
16343 16248988
16344 16250740
16345 16257316
16346 16257580
16347 16257700
16348 16257796
16349 16258852
16350 16259092
16351 16259140
16352 16259212
16353 16265812
16354 16266964
16355 16271164
16356 16273156
16357 16273756
16358 16274020
16359 16274356
16360 16275820
16361 16278964
16362 16279660
16363 16281076
16364 16281748
16365 16281868
16366 16282468
16367 16283932
16368 16287460
16369 16287772
16370 16289860
16371 16289980
16372 16290580
16373 16296508
16374 16298236
16375 16298692
16376 16299532
16377 16305700
16378 16305868
16379 16306348
16380 16306372
16381 16307044
16382 16307332
16383 16307644
16384 16310356
16385 16314196
16386 16314460
16387 16316500
16388 16322188
16389 16322308
16390 16322572
16391 16324612
16392 16330300
16393 16330420
16394 16331260
16395 16336948
16396 16337668
16397 16338196
16398 16338412
16399 16338532
16400 16338652
16401 16339372
16402 16340212
16403 16345060
16404 16345156
16405 16346308
16406 16346524
16407 16348324
16408 16354036
16409 16354420
16410 16355140
16411 16355164
16412 16355380
16413 16362532
16414 16363252
16415 16365292
16416 16370308
16417 16371940
16418 16378420
16419 16379092
16420 16380052
16421 16385740
16422 16386532
16423 16387204
16424 16389004
16425 16393540
16426 16394476
16427 16394644
16428 16402588
16429 16403212
16430 16403932
16431 16410700
16432 16418812
16433 16419772
16434 16419892
16435 16420732
16436 16427212
16437 16427884
16438 16434700
16439 16434916
16440 16435780
16441 16439188
16442 16444612
16443 16450828
16444 16451140
16445 16454788
16446 16459252
16447 16460572
16448 16467364
16449 16467892
16450 16468564
16451 16476004
16452 16479868
16453 16480348
16454 16484572
16455 16485748
16456 16500172
16457 16503580
16458 16503940
16459 16505332
16460 16505692
16461 16516684
16462 16534468
16463 16535308
16464 16537156
16465 16540852
16466 16544740
16467 16548724
16468 16551556
16469 16553812
16470 16558468
16471 16560868
16472 16568836
16473 16575148
16474 16576468
16475 16576948
16476 16578316
16477 16581292
16478 16583140
16479 16589020
16480 16589404
16481 16592596
16482 16592716
16483 16599148
16484 16600420
16485 16602028
16486 16603108
16487 16616476
16488 16616668
16489 16617508
16490 16617628
16491 16619476
16492 16630084
16493 16631260
16494 16632436
16495 16632580
16496 16633756
16497 16635484
16498 16640308
16499 16640428
16500 16643188
16501 16644268
16502 16648516
16503 16649092
16504 16649572
16505 16650412
16506 16654180
16507 16654204
16508 16656436
16509 16657636
16510 16660636
16511 16665460
16512 16667980
16513 16669060
16514 16670644
16515 16673596
16516 16674916
16517 16681588
16518 16682428
16519 16682860
16520 16684348
16521 16684588
16522 16686700
16523 16688548
16524 16695868
16525 16696588
16526 16697596
16527 16698388
16528 16698796
16529 16699708
16530 16700548
16531 16701460
16532 16702396
16533 16702468
16534 16702948
16535 16703380
16536 16710220
16537 16712716
16538 16714756
16539 16716076
16540 16716220
16541 16717012
16542 16722388
16543 16722748
16544 16724500
16545 16726132
16546 16729060
16547 16729708
16548 16733932
16549 16735012
16550 16737748
16551 16738756
16552 16739956
16553 16746652
16554 16747540
16555 16748380
16556 16748812
16557 16750012
16558 16752220
16559 16753156
16560 16753876
16561 16755916
16562 16758724
16563 16761268
16564 16763548
16565 16763908
16566 16764340
16567 16764388
16568 16765660
16569 16767268
16570 16768444
16571 16768660
16572 16770868
16573 16772332
16574 16775140
16575 16776988
16576 16779916
16577 16782172
16578 16785316
16579 16787332
16580 16788340
16581 16789540
16582 16790452
16583 16792372
16584 16794316
16585 16795036
16586 16795204
16587 16795660
16588 16797676
16589 16797700
16590 16798180
16591 16798516
16592 16798996
16593 16800700
16594 16801948
16595 16805500
16596 16811092
16597 16812028
16598 16813348
16599 16813492
16600 16814140
16601 16814332
16602 16815268
16603 16816828
16604 16818148
16605 16818172
16606 16819108
16607 16819828
16608 16820452
16609 16822876
16610 16823068
16611 16823308
16612 16823788
16613 16825708
16614 16827028
16615 16829500
16616 16830292
16617 16831972
16618 16832692
16619 16833532
16620 16836196
16621 16838284
16622 16838836
16623 16841860
16624 16842940
16625 16843108
16626 16843588
16627 16844620
16628 16847668
16629 16847980
16630 16849084
16631 16849108
16632 16850188
16633 16854292
16634 16858324
16635 16859092
16636 16859236
16637 16860268
16638 16861612
16639 16862836
16640 16863628
16641 16863940
16642 16864636
16643 16864804
16644 16865260
16645 16865308
16646 16866652
16647 16866868
16648 16866892
16649 16873588
16650 16873612
16651 16873660
16652 16874116
16653 16874980
16654 16876300
16655 16876636
16656 16880260
16657 16880596
16658 16881916
16659 16883332
16660 16883548
16661 16884748
16662 16885780
16663 16886404
16664 16890052
16665 16891660
16666 16893172
16667 16894420
16668 16894948
16669 16896268
16670 16897372
16671 16897468
16672 16897492
16673 16897540
16674 16897996
16675 16898164
16676 16898380
16677 16898596
16678 16898620
16679 16900012
16680 16900252
16681 16905100
16682 16905796
16683 16906708
16684 16908124
16685 16910572
16686 16913092
16687 16913428
16688 16913452
16689 16913932
16690 16914148
16691 16915060
16692 16916452
16693 16916692
16694 16919740
16695 16921420
16696 16921444
16697 16921756
16698 16922260
16699 16922476
16700 16923388
16701 16923412
16702 16924780
16703 16925428
16704 16926220
16705 16929100
16706 16929628
16707 16929748
16708 16929892
16709 16930108
16710 16930588
16711 16931740
16712 16933108
16713 16934332
16714 16936948
16715 16937452
16716 16937884
16717 16938100
16718 16938220
16719 16938460
16720 16938940
16721 16939852
16722 16940068
16723 16941484
16724 16941556
16725 16943908
16726 16944220
16727 16945756
16728 16946212
16729 16946548
16730 16946788
16731 16947268
16732 16947292
16733 16948180
16734 16948420
16735 16951012
16736 16953892
16737 16954540
16738 16954660
16739 16954780
16740 16956508
16741 16959124
16742 16961212
16743 16962220
16744 16962436
16745 16962892
16746 16963108
16747 16963228
16748 16963252
16749 16963732
16750 16963948
16751 16964452
16752 16964836
16753 16965508
16754 16965772
16755 16969228
16756 16969540
16757 16970068
16758 16970548
16759 16970788
16760 16971220
16761 16971244
16762 16971460
16763 16971820
16764 16972060
16765 16972300
16766 16973188
16767 16973212
16768 16973620
16769 16974844
16770 16975012
16771 16977580
16772 16978420
16773 16978900
16774 16979572
16775 16979692
16776 16979812
16777 16979908
16778 16980340
16779 16980388
16780 16980532
16781 16980652
16782 16981516
16783 16981540
16784 16982716
16785 16985380
16786 16986004
16787 16987468
16788 16987684
16789 16988020
16790 16988716
16791 16989388
16792 16989868
16793 16991140
16794 16992772
16795 16993732
16796 16994092
16797 16994332
16798 16994548
16799 16995580
16800 16995820
16801 16996012
16802 16996252
16803 16996348
16804 16996612
16805 16996732
16806 16997068
16807 16997092
16808 16998196
16809 16998220
16810 16999804
16811 17002660
16812 17003692
16813 17003908
16814 17004340
16815 17004604
16816 17004676
16817 17005396
16818 17005420
16819 17006548
16820 17006572
16821 17008204
16822 17010172
16823 17011012
16824 17011228
16825 17012020
16826 17012260
16827 17012668
16828 17013028
16829 17013052
16830 17013748
16831 17014876
16832 17014900
16833 17018500
16834 17018740
16835 17019340
16836 17019364
16837 17020348
16838 17020612
16839 17021020
16840 17021044
16841 17021356
16842 17021380
16843 17021452
16844 17022076
16845 17022100
16846 17022412
16847 17022532
16848 17023228
16849 17023420
16850 17023876
16851 17026372
16852 17026828
16853 17027068
16854 17027692
16855 17028676
16856 17029348
16857 17029372
16858 17029708
16859 17030428
16860 17030452
16861 17031580
16862 17031748
16863 17032300
16864 17033932
16865 17035804
16866 17036020
16867 17037028
16868 17037052
16869 17037700
16870 17038036
16871 17038060
16872 17038132
16873 17038756
16874 17038780
16875 17039620
16876 17039932
16877 17042476
16878 17043508
16879 17043532
16880 17044132
16881 17044372
16882 17044780
16883 17045356
16884 17045380
16885 17046028
16886 17046052
16887 17046388
16888 17046412
16889 17047108
16890 17047300
16891 17048428
16892 17048452
16893 17050612
16894 17052460
16895 17052724
16896 17053708
16897 17054380
16898 17054404
16899 17054716
16900 17054740
16901 17055460
16902 17055628
16903 17057092
16904 17058724
16905 17058940
16906 17059156
16907 17059180
16908 17059972
16909 17060188
16910 17060788
16911 17062036
16912 17062060
16913 17062708
16914 17062732
16915 17063068
16916 17063260
16917 17063812
16918 17064412
16919 17067052
16920 17067268
16921 17068300
16922 17068540
16923 17069140
16924 17069164
16925 17070388
16926 17070412
16927 17071060
16928 17071420
16929 17071588
16930 17072308
16931 17075380
16932 17075620
16933 17076628
16934 17077468
16935 17077492
16936 17078716
16937 17078740
16938 17079412
16939 17079772
16940 17080372
16941 17084188
16942 17084956
16943 17085820
16944 17087068
16945 17087764
16946 17088268
16947 17088292
16948 17088364
16949 17091268
16950 17091820
16951 17092060
16952 17092084
16953 17092300
16954 17093308
16955 17093332
16956 17093980
16957 17094148
16958 17094172
16959 17095420
16960 17095588
16961 17096260
16962 17096284
16963 17097340
16964 17097940
16965 17098252
16966 17100412
16967 17100628
16968 17101636
16969 17101660
16970 17102500
16971 17102524
16972 17103772
16973 17105692
16974 17107732
16975 17108524
16976 17108740
16977 17109988
16978 17110828
16979 17110852
16980 17111692
16981 17112268
16982 17112292
16983 17113300
16984 17114212
16985 17116060
16986 17116852
16987 17117068
16988 17117092
16989 17117332
16990 17118316
16991 17118340
16992 17119180
16993 17121652
16994 17122540
16995 17123044
16996 17125180
16997 17125396
16998 17125444
16999 17126668
17000 17126692
17001 17127532
17002 17127700
17003 17129644
17004 17130172
17005 17130892
17006 17131300
17007 17133508
17008 17133748
17009 17133772
17010 17134996
17011 17135020
17012 17135884
17013 17136484
17014 17137300
17015 17138164
17016 17138500
17017 17139220
17018 17140228
17019 17141092
17020 17141860
17021 17141884
17022 17142076
17023 17142100
17024 17142292
17025 17142532
17026 17143348
17027 17143540
17028 17144380
17029 17144404
17030 17145652
17031 17146492
17032 17147140
17033 17147572
17034 17149204
17035 17150188
17036 17150212
17037 17150428
17038 17151700
17039 17155180
17040 17156692
17041 17157532
17042 17158540
17043 17158756
17044 17158780
17045 17158972
17046 17159212
17047 17160052
17048 17162212
17049 17162500
17050 17163172
17051 17163532
17052 17165860
17053 17166124
17054 17166868
17055 17166892
17056 17167108
17057 17167132
17058 17168548
17059 17168572
17060 17169412
17061 17171524
17062 17172172
17063 17172268
17064 17173180
17065 17174188
17066 17175220
17067 17175244
17068 17175436
17069 17175460
17070 17176540
17071 17177764
17072 17179180
17073 17180164
17074 17182540
17075 17183548
17076 17183572
17077 17183788
17078 17184412
17079 17187532
17080 17189020
17081 17189716
17082 17190052
17083 17190868
17084 17190892
17085 17191900
17086 17192092
17087 17192140
17088 17192308
17089 17193580
17090 17194180
17091 17194612
17092 17194900
17093 17195452
17094 17195788
17095 17196268
17096 17197516
17097 17199220
17098 17200252
17099 17200492
17100 17205412
17101 17206492
17102 17206708
17103 17207548
17104 17207572
17105 17208604
17106 17209012
17107 17210452
17108 17211172
17109 17211292
17110 17213404
17111 17214148
17112 17214508
17113 17214820
17114 17215060
17115 17215900
17116 17215924
17117 17217100
17118 17217124
17119 17218780
17120 17219644
17121 17222140
17122 17223148
17123 17224228
17124 17224252
17125 17227540
17126 17228068
17127 17229412
17128 17229700
17129 17230492
17130 17231476
17131 17232580
17132 17234020
17133 17235460
17134 17236804
17135 17238148
17136 17239828
17137 17239852
17138 17240476
17139 17240932
17140 17241100
17141 17241220
17142 17241628
17143 17242132
17144 17242372
17145 17242612
17146 17243812
17147 17244292
17148 17245972
17149 17246500
17150 17247652
17151 17248156
17152 17249284
17153 17250484
17154 17255980
17155 17256508
17156 17257780
17157 17257804
17158 17259004
17159 17259220
17160 17261524
17161 17261812
17162 17263540
17163 17264308
17164 17264572
17165 17264836
17166 17264860
17167 17267332
17168 17270140
17169 17270260
17170 17271988
17171 17272444
17172 17272636
17173 17273188
17174 17273212
17175 17275900
17176 17280220
17177 17280436
17178 17280772
17179 17280988
17180 17281516
17181 17281540
17182 17282812
17183 17284012
17184 17284252
17185 17285692
17186 17285980
17187 17287324
17188 17288572
17189 17289100
17190 17289316
17191 17289340
17192 17289364
17193 17289460
17194 17289868
17195 17291164
17196 17292364
17197 17292892
17198 17294236
17199 17295652
17200 17297020
17201 17297116
17202 17297428
17203 17297668
17204 17298220
17205 17299684
17206 17302780
17207 17305468
17208 17305780
17209 17305996
17210 17306020
17211 17306572
17212 17307172
17213 17307388
17214 17308012
17215 17308348
17216 17309740
17217 17309860
17218 17310748
17219 17312548
17220 17314108
17221 17314348
17222 17314372
17223 17319028
17224 17320684
17225 17322244
17226 17322460
17227 17322676
17228 17322700
17229 17324692
17230 17326132
17231 17326420
17232 17328388
17233 17329132
17234 17330452
17235 17330788
17236 17331028
17237 17333044
17238 17334244
17239 17338900
17240 17339140
17241 17339164
17242 17339380
17243 17339548
17244 17340100
17245 17342476
17246 17343220
17247 17344852
17248 17345644
17249 17347228
17250 17347468
17251 17347492
17252 17347732
17253 17348452
17254 17355556
17255 17355820
17256 17356228
17257 17358532
17258 17360260
17259 17361748
17260 17362564
17261 17364172
17262 17368492
17263 17368828
17264 17371012
17265 17372524
17266 17374924
17267 17376412
17268 17376820
17269 17377156
17270 17377372
17271 17378620
17272 17379460
17273 17379772
17274 17380492
17275 17385388
17276 17386732
17277 17388916
17278 17388940
17279 17388964
17280 17389612
17281 17390332
17282 17393740
17283 17393836
17284 17395180
17285 17397268
17286 17397292
17287 17401852
17288 17401948
17289 17403628
17290 17405596
17291 17405620
17292 17406052
17293 17406316
17294 17409172
17295 17410348
17296 17413084
17297 17413948
17298 17413972
17299 17417620
17300 17421532
17301 17422276
17302 17422300
17303 17422324
17304 17423140
17305 17425732
17306 17427172
17307 17429980
17308 17430652
17309 17432212
17310 17434084
17311 17435284
17312 17435620
17313 17437252
17314 17438428
17315 17438980
17316 17441212
17317 17442532
17318 17442628
17319 17443132
17320 17443732
17321 17444068
17322 17445700
17323 17446492
17324 17447332
17325 17452180
17326 17454148
17327 17455684
17328 17456284
17329 17458180
17330 17462596
17331 17471500
17332 17473324
17333 17473372
17334 17474188
17335 17474788
17336 17475340
17337 17475964
17338 17477692
17339 17478220
17340 17480020
17341 17484412
17342 17485804
17343 17486140
17344 17489380
17345 17491372
17346 17492860
17347 17494252
17348 17494588
17349 17497012
17350 17498164
17351 17502700
17352 17503036
17353 17506060
17354 17510620
17355 17511148
17356 17512684
17357 17520052
17358 17521012
17359 17521420
17360 17521612
17361 17522020
17362 17522092
17363 17526484
17364 17530468
17365 17533252
17366 17534932
17367 17539372
17368 17539444
17369 17540860
17370 17541700
17371 17542060
17372 17543380
17373 17546044
17374 17546092
17375 17546212
17376 17546812
17377 17547964
17378 17549428
17379 17551828
17380 17556292
17381 17562460
17382 17562532
17383 17563132
17384 17565868
17385 17570644
17386 17570908
17387 17572972
17388 17574172
17389 17574412
17390 17578492
17391 17578732
17392 17579812
17393 17580220
17394 17580700
17395 17580988
17396 17581156
17397 17581324
17398 17583772
17399 17587924
17400 17590660
17401 17591308
17402 17592220
17403 17594308
17404 17595244
17405 17595412
17406 17596588
17407 17596852
17408 17597284
17409 17600668
17410 17606188
17411 17606860
17412 17607652
17413 17609116
17414 17609932
17415 17611252
17416 17611324
17417 17612620
17418 17614348
17419 17615572
17420 17616100
17421 17619052
17422 17621812
17423 17622052
17424 17623204
17425 17624020
17426 17624932
17427 17628052
17428 17628580
17429 17628604
17430 17630332
17431 17631052
17432 17631460
17433 17633380
17434 17637124
17435 17638444
17436 17638780
17437 17638852
17438 17640988
17439 17641828
17440 17642044
17441 17642428
17442 17644012
17443 17644060
17444 17645692
17445 17646220
17446 17646628
17447 17646748
17448 17646892
17449 17646964
17450 17647300
17451 17647372
17452 17647732
17453 17649724
17454 17650276
17455 17657332
17456 17658172
17457 17662180
17458 17662492
17459 17662732
17460 17663332
17461 17663908
17462 17663932
17463 17664460
17464 17665180
17465 17665900
17466 17666620
17467 17668540
17468 17671252
17469 17672572
17470 17674732
17471 17675068
17472 17676172
17473 17676988
17474 17678188
17475 17679124
17476 17679820
17477 17680972
17478 17681020
17479 17681092
17480 17681308
17481 17681428
17482 17682460
17483 17690020
17484 17690908
17485 17693644
17486 17693692
17487 17693860
17488 17695300
17489 17695468
17490 17696092
17491 17696164
17492 17696308
17493 17696836
17494 17697988
17495 17698132
17496 17698540
17497 17698588
17498 17698660
17499 17699524
17500 17706652
17501 17706700
17502 17707036
17503 17707852
17504 17707972
17505 17708860
17506 17709700
17507 17710300
17508 17712316
17509 17712412
17510 17714764
17511 17715148
17512 17715172
17513 17715388
17514 17716300
17515 17716420
17516 17718148
17517 17719468
17518 17721700
17519 17721772
17520 17723284
17521 17723692
17522 17723812
17523 17724532
17524 17724748
17525 17724868
17526 17727412
17527 17728468
17528 17730220
17529 17731804
17530 17732212
17531 17732260
17532 17732884
17533 17732980
17534 17733196
17535 17736412
17536 17740324
17537 17740780
17538 17740924
17539 17741332
17540 17741428
17541 17742940
17542 17742988
17543 17743060
17544 17744428
17545 17744524
17546 17744860
17547 17744908
17548 17744932
17549 17746492
17550 17746540
17551 17747332
17552 17747380
17553 17747452
17554 17747596
17555 17748892
17556 17749300
17557 17749780
17558 17749876
17559 17752612
17560 17753452
17561 17755444
17562 17757412
17563 17758228
17564 17761900
17565 17763652
17566 17763964
17567 17764948
17568 17770540
17569 17771260
17570 17772484
17571 17772940
17572 17774524
17573 17774764
17574 17774908
17575 17776804
17576 17777212
17577 17777572
17578 17778652
17579 17778940
17580 17779708
17581 17780788
17582 17780956
17583 17781004
17584 17781604
17585 17782108
17586 17783020
17587 17783044
17588 17783212
17589 17786020
17590 17786092
17591 17789572
17592 17790052
17593 17791660
17594 17792020
17595 17792692
17596 17792740
17597 17793124
17598 17793292
17599 17793892
17600 17794492
17601 17794540
17602 17794612
17603 17795764
17604 17796100
17605 17796436
17606 17798092
17607 17798620
17608 17798740
17609 17799460
17610 17800108
17611 17802364
17612 17803060
17613 17804668
17614 17808652
17615 17809036
17616 17809132
17617 17809972
17618 17810812
17619 17812732
17620 17813068
17621 17813188
17622 17815204
17623 17817748
17624 17818492
17625 17819332
17626 17819404
17627 17820100
17628 17821252
17629 17823700
17630 17823724
17631 17823772
17632 17824468
17633 17825284
17634 17827852
17635 17829772
17636 17830228
17637 17830348
17638 17832220
17639 17832316
17640 17833588
17641 17838292
17642 17838892
17643 17840812
17644 17842180
17645 17843260
17646 17843692
17647 17844316
17648 17845012
17649 17845780
17650 17845828
17651 17846860
17652 17847340
17653 17847460
17654 17847580
17655 17847628
17656 17849332
17657 17849380
17658 17849596
17659 17849692
17660 17849980
17661 17850628
17662 17853892
17663 17855380
17664 17857828
17665 17857900
17666 17857924
17667 17859076
17668 17860612
17669 17862052
17670 17862124
17671 17862412
17672 17862940
17673 17864476
17674 17866444
17675 17866492
17676 17869132
17677 17869204
17678 17870692
17679 17870932
17680 17872492
17681 17874940
17682 17875012
17683 17875060
17684 17875252
17685 17875276
17686 17877676
17687 17878684
17688 17878828
17689 17879068
17690 17879452
17691 17879956
17692 17880268
17693 17880988
17694 17881012
17695 17881060
17696 17881708
17697 17881804
17698 17883580
17699 17887204
17700 17888020
17701 17889508
17702 17892052
17703 17893924
17704 17893972
17705 17894140
17706 17894212
17707 17894740
17708 17894812
17709 17894980
17710 17895340
17711 17895724
17712 17896180
17713 17896540
17714 17897068
17715 17897188
17716 17898100
17717 17898868
17718 17898988
17719 17900620
17720 17900860
17721 17901220
17722 17901244
17723 17902492
17724 17902660
17725 17904244
17726 17906620
17727 17906668
17728 17909164
17729 17909188
17730 17912188
17731 17912812
17732 17913412
17733 17913652
17734 17914780
17735 17915116
17736 17915188
17737 17915212
17738 17916604
17739 17917732
17740 17918020
17741 17918236
17742 17920252
17743 17920492
17744 17921332
17745 17921980
17746 17922148
17747 17922172
17748 17922220
17749 17923732
17750 17923780
17751 17926300
17752 17926468
17753 17928100
17754 17928268
17755 17928484
17756 17928868
17757 17929300
17758 17930668
17759 17932228
17760 17932300
17761 17932348
17762 17934868
17763 17936812
17764 17937004
17765 17938444
17766 17939260
17767 17940868
17768 17943580
17769 17944372
17770 17945284
17771 17945332
17772 17945524
17773 17945860
17774 17946316
17775 17946940
17776 17946964
17777 17947012
17778 17947780
17779 17947828
17780 17949292
17781 17949340
17782 17949628
17783 17950348
17784 17950396
17785 17952892
17786 17953492
17787 17953852
17788 17953876
17789 17954044
17790 17955460
17791 17956276
17792 17956348
17793 17956372
17794 17957908
17795 17961844
17796 17962012
17797 17962372
17798 17962612
17799 17964052
17800 17964892
17801 17964940
17802 17966452
17803 17966476
17804 17966740
17805 17970364
17806 17970532
17807 17970892
17808 17970940
17809 17970988
17810 17971132
17811 17972572
17812 17972620
17813 17973388
17814 17973460
17815 17973508
17816 17975020
17817 17975308
17818 17978884
17819 17979052
17820 17979340
17821 17979460
17822 17979988
17823 17981068
17824 17981140
17825 17981164
17826 17981212
17827 17982028
17828 17983588
17829 17983828
17830 17984140
17831 17984860
17832 17987404
17833 17988004
17834 17988244
17835 17989684
17836 17989732
17837 17990500
17838 17992156
17839 17994820
17840 17994964
17841 17995972
17842 17996140
17843 17996452
17844 17996572
17845 17996740
17846 17996764
17847 17996788
17848 17997508
17849 17997892
17850 17998180
17851 17998252
17852 17998300
17853 17998492
17854 17998660
17855 17999068
17856 17999308
17857 18000868
17858 18003724
17859 18004492
17860 18005068
17861 18005092
17862 18005260
17863 18006820
17864 18007612
17865 18007636
17866 18012244
17867 18013252
17868 18013588
17869 18013852
17870 18014956
17871 18015292
17872 18016180
17873 18019372
17874 18020764
17875 18021604
17876 18021748
17877 18021772
17878 18022180
17879 18022372
17880 18022420
17881 18023860
17882 18024748
17883 18026788
17884 18029284
17885 18030100
17886 18030124
17887 18030172
17888 18030268
17889 18030700
17890 18030748
17891 18030868
17892 18030940
17893 18030964
17894 18032404
17895 18032428
17896 18032692
17897 18033316
17898 18035116
17899 18035380
17900 18037852
17901 18038620
17902 18038860
17903 18039196
17904 18039268
17905 18039292
17906 18039484
17907 18040972
17908 18041260
17909 18042028
17910 18046372
17911 18047020
17912 18047212
17913 18047380
17914 18047428
17915 18047812
17916 18047860
17917 18047980
17918 18048052
17919 18048100
17920 18049468
17921 18049540
17922 18049708
17923 18049780
17924 18050932
17925 18050980
17926 18052396
17927 18052492
17928 18053884
17929 18054244
17930 18055732
17931 18055876
17932 18055972
17933 18056308
17934 18056380
17935 18056620
17936 18058108
17937 18062692
17938 18062764
17939 18064228
17940 18064300
17941 18064324
17942 18064492
17943 18064540
17944 18064948
17945 18065092
17946 18065380
17947 18066820
17948 18067708
17949 18067948
17950 18069508
17951 18071212
17952 18071284
17953 18071980
17954 18072844
17955 18072892
17956 18072988
17957 18073060
17958 18073108
17959 18073420
17960 18073660
17961 18076276
17962 18078076
17963 18079732
17964 18079804
17965 18080500
17966 18081340
17967 18081412
17968 18081460
17969 18081628
17970 18081988
17971 18082204
17972 18082228
17973 18083980
17974 18085372
17975 18086908
17976 18087292
17977 18088252
17978 18089980
17979 18090100
17980 18090532
17981 18090556
17982 18090772
17983 18092500
17984 18096820
17985 18096892
17986 18097540
17987 18097612
17988 18097660
17989 18098452
17990 18098668
17991 18098908
17992 18099100
17993 18099124
17994 18099340
17995 18099508
17996 18099580
17997 18100660
17998 18101068
17999 18101332
18000 18102460
18001 18104020
18002 18105340
18003 18106108
18004 18106180
18005 18107020
18006 18107212
18007 18107236
18008 18107260
18009 18107668
18010 18107908
18011 18110668
18012 18112588
18013 18114004
18014 18114724
18015 18114772
18016 18115564
18017 18115588
18018 18115780
18019 18116236
18020 18118348
18021 18118444
18022 18118492
18023 18119236
18024 18121036
18025 18121420
18026 18122452
18027 18122500
18028 18123220
18029 18123340
18030 18124132
18031 18124348
18032 18124516
18033 18124948
18034 18125572
18035 18128068
18036 18128452
18037 18130564
18038 18130948
18039 18131020
18040 18131860
18041 18132700
18042 18132868
18043 18132916
18044 18133252
18045 18134020
18046 18135172
18047 18135460
18048 18138052
18049 18138532
18050 18139468
18051 18140332
18052 18141268
18053 18142300
18054 18142540
18055 18144028
18056 18147604
18057 18148060
18058 18148132
18059 18148180
18060 18148900
18061 18149980
18062 18150628
18063 18150868
18064 18151132
18065 18152860
18066 18153748
18067 18155548
18068 18156124
18069 18156628
18070 18157444
18071 18157468
18072 18159196
18073 18162196
18074 18164644
18075 18165076
18076 18165148
18077 18165172
18078 18165244
18079 18166012
18080 18167308
18081 18167380
18082 18168148
18083 18168244
18084 18169972
18085 18173692
18086 18173740
18087 18173812
18088 18173860
18089 18174580
18090 18175876
18091 18175900
18092 18176476
18093 18178540
18094 18179692
18095 18182188
18096 18182260
18097 18182380
18098 18183148
18099 18184228
18100 18185260
18101 18186988
18102 18188260
18103 18190060
18104 18190852
18105 18191860
18106 18193156
18107 18193588
18108 18193828
18109 18196708
18110 18198820
18111 18199300
18112 18199420
18113 18199588
18114 18200356
18115 18201508
18116 18201604
18117 18201892
18118 18201964
18119 18202060
18120 18202156
18121 18202660
18122 18203044
18123 18204484
18124 18207340
18125 18207868
18126 18207964
18127 18207988
18128 18210268
18129 18216412
18130 18216436
18131 18216532
18132 18217540
18133 18218620
18134 18218836
18135 18219772
18136 18221500
18137 18224980
18138 18225100
18139 18225268
18140 18226108
18141 18227188
18142 18228052
18143 18228100
18144 18231220
18145 18232948
18146 18233548
18147 18233668
18148 18233788
18149 18236020
18150 18236668
18151 18236788
18152 18237172
18153 18241468
18154 18242116
18155 18243388
18156 18245116
18157 18250060
18158 18250084
18159 18250132
18160 18253132
18161 18253348
18162 18254284
18163 18256012
18164 18257812
18165 18260500
18166 18261796
18167 18262612
18168 18262852
18169 18265732
18170 18267076
18171 18267172
18172 18268228
18173 18269068
18174 18270148
18175 18270532
18176 18271180
18177 18271300
18178 18275692
18179 18275740
18180 18276508
18181 18277900
18182 18279292
18183 18279628
18184 18284260
18185 18284284
18186 18284308
18187 18285076
18188 18287860
18189 18290524
18190 18292804
18191 18292852
18192 18296308
18193 18301300
18194 18301372
18195 18301420
18196 18302356
18197 18302452
18198 18302740
18199 18303580
18200 18304660
18201 18305812
18202 18309484
18203 18309940
18204 18309988
18205 18312028
18206 18312412
18207 18314140
18208 18318004
18209 18318412
18210 18318508
18211 18319468
18212 18319588
18213 18326980
18214 18328036
18215 18329524
18216 18330820
18217 18335524
18218 18335548
18219 18336868
18220 18338092
18221 18339172
18222 18340324
18223 18343612
18224 18344116
18225 18346540
18226 18348652
18227 18352660
18228 18352948
18229 18359284
18230 18360964
18231 18361228
18232 18362548
18233 18362932
18234 18365332
18235 18369292
18236 18369796
18237 18370996
18238 18373684
18239 18378748
18240 18380044
18241 18381052
18242 18392812
18243 18404356
18244 18404428
18245 18404740
18246 18405124
18247 18405508
18248 18412252
18249 18415564
18250 18419092
18251 18421468
18252 18431572
18253 18435532
18254 18438868
18255 18439252
18256 18440020
18257 18443044
18258 18446764
18259 18447388
18260 18455716
18261 18462052
18262 18464932
18263 18466084
18264 18472996
18265 18473380
18266 18474532
18267 18481900
18268 18485764
18269 18487060
18270 18490108
18271 18495412
18272 18496564
18273 18498676
18274 18507508
18275 18507604
18276 18507892
18277 18516412
18278 18529924
18279 18533188
18280 18536284
18281 18541636
18282 18542020
18283 18542404
18284 18544852
18285 18550924
18286 18559132
18287 18571804
18288 18574684
18289 18576532
18290 18583012
18291 18593644
18292 18595492
18293 18599692
18294 18602212
18295 18608044
18296 18610660
18297 18622324
18298 18630772
18299 18645172
18300 18649924
18301 18679684
18302 18700444
18303 18704668
18304 18708892
18305 18747628
18306 18749884
18307 18755188
18308 18772828
18309 18774436
18310 18776764
18311 18785284
18312 18799780
18313 18810892
18314 18824236
18315 18828004
18316 18836572
18317 18860260
18318 18876820
18319 18877900
18320 18879532
18321 18895540
18322 18914044
18323 18925708
18324 18926596
18325 18926620
18326 18928348
18327 18928420
18328 18930964
18329 18936868
18330 18944284
18331 18946060
18332 18948076
18333 18963388
18334 18965428
18335 18978508
18336 18979300
18337 18981028
18338 18983068
18339 18992164
18340 18995620
18341 18999652
18342 19000708
18343 19007548
18344 19009588
18345 19011748
18346 19011868
18347 19013260
18348 19013980
18349 19015948
18350 19017148
18351 19022668
18352 19024396
18353 19030900
18354 19030996
18355 19033588
18356 19034572
18357 19038340
18358 19042036
18359 19047340
18360 19049452
18361 19051228
18362 19057420
18363 19059676
18364 19060108
18365 19068244
18366 19068556
18367 19068868
18368 19070044
18369 19077316
18370 19077748
18371 19081540
18372 19082188
18373 19082812
18374 19083940
18375 19084372
18376 19086196
18377 19089868
18378 19092268
18379 19097908
18380 19100788
18381 19101940
18382 19104268
18383 19107508
18384 19108708
18385 19109548
18386 19109908
18387 19112716
18388 19113220
18389 19118428
18390 19121668
18391 19121908
18392 19126396
18393 19127548
18394 19129084
18395 19130356
18396 19136068
18397 19136428
18398 19139740
18399 19143508
18400 19144036
18401 19145188
18402 19148188
18403 19148428
18404 19152076
18405 19153708
18406 19154068
18407 19156876
18408 19157380
18409 19161148
18410 19161676
18411 19162588
18412 19165828
18413 19169716
18414 19170556
18415 19175212
18416 19178788
18417 19179316
18418 19180588
18419 19183900
18420 19186180
18421 19187356
18422 19187668
18423 19188196
18424 19189108
18425 19189540
18426 19191820
18427 19192108
18428 19192348
18429 19192852
18430 19195036
18431 19196236
18432 19196428
18433 19198228
18434 19201300
18435 19204996
18436 19205308
18437 19206748
18438 19210516
18439 19212676
18440 19213876
18441 19214716
18442 19216060
18443 19219372
18444 19223668
18445 19224580
18446 19224748
18447 19225468
18448 19227292
18449 19227820
18450 19229548
18451 19230316
18452 19231828
18453 19232356
18454 19233268
18455 19239196
18456 19240180
18457 19240396
18458 19240780
18459 19242220
18460 19247188
18461 19247956
18462 19249468
18463 19256836
18464 19258036
18465 19258876
18466 19260052
18467 19260220
18468 19263292
18469 19264828
18470 19267828
18471 19268740
18472 19269172
18473 19273708
18474 19275868
18475 19275988
18476 19277692
18477 19280692
18478 19282468
18479 19283356
18480 19284556
18481 19284940
18482 19285660
18483 19291348
18484 19292308
18485 19293508
18486 19294348
18487 19295692
18488 19296508
18489 19296748
18490 19297540
18491 19300996
18492 19302772
18493 19303300
18494 19304212
18495 19307668
18496 19311340
18497 19311460
18498 19317868
18499 19320028
18500 19320412
18501 19325308
18502 19326028
18503 19326820
18504 19327516
18505 19328980
18506 19329820
18507 19331164
18508 19331980
18509 19332460
18510 19335508
18511 19336468
18512 19339684
18513 19342948
18514 19346932
18515 19347196
18516 19347268
18517 19349452
18518 19353340
18519 19354300
18520 19355500
18521 19360588
18522 19362028
18523 19362988
18524 19365292
18525 19365940
18526 19367020
18527 19369468
18528 19370980
18529 19374628
18530 19376428
18531 19382404
18532 19385980
18533 19388812
18534 19390972
18535 19395988
18536 19397500
18537 19398460
18538 19401148
18539 19402492
18540 19402708
18541 19411012
18542 19412092
18543 19412836
18544 19413628
18545 19418260
18546 19420348
18547 19421068
18548 19428316
18549 19429372
18550 19432828
18551 19432972
18552 19433932
18553 19437892
18554 19438252
18555 19438348
18556 19440148
18557 19445956
18558 19446868
18559 19447228
18560 19448116
18561 19449100
18562 19453732
18563 19453996
18564 19456180
18565 19456252
18566 19456468
18567 19463332
18568 19464772
18569 19465588
18570 19465756
18571 19468444
18572 19472020
18573 19472836
18574 19473820
18575 19475620
18576 19480972
18577 19481260
18578 19482340
18579 19482700
18580 19482772
18581 19483396
18582 19484572
18583 19489540
18584 19489588
18585 19491292
18586 19491724
18587 19498540
18588 19499356
18589 19499716
18590 19500628
18591 19500700
18592 19501156
18593 19505260
18594 19507468
18595 19507492
18596 19507756
18597 19507948
18598 19508308
18599 19508788
18600 19509220
18601 19509652
18602 19511092
18603 19514860
18604 19517212
18605 19518652
18606 19518796
18607 19525036
18608 19525060
18609 19525852
18610 19526236
18611 19531468
18612 19532500
18613 19533628
18614 19534852
18615 19535308
18616 19536100
18617 19539772
18618 19540420
18619 19542580
18620 19542964
18621 19543348
18622 19543780
18623 19544260
18624 19545148
18625 19545316
18626 19546564
18627 19550068
18628 19550428
18629 19551916
18630 19553668
18631 19558180
18632 19559020
18633 19560508
18634 19560892
18635 19561348
18636 19561372
18637 19561708
18638 19562620
18639 19562956
18640 19569460
18641 19571092
18642 19571572
18643 19575628
18644 19576588
18645 19578820
18646 19579276
18647 19580524
18648 19580788
18649 19587388
18650 19587868
18651 19588228
18652 19589476
18653 19594492
18654 19594876
18655 19596388
18656 19597180
18657 19604956
18658 19605340
18659 19606132
18660 19611100
18661 19612420
18662 19613908
18663 19614292
18664 19614772
18665 19615108
18666 19615996
18667 19622860
18668 19623244
18669 19624060
18670 19629004
18671 19630348
18672 19630828
18673 19631812
18674 19632220
18675 19633036
18676 19633900
18677 19637980
18678 19640788
18679 19641172
18680 19641988
18681 19646932
18682 19647916
18683 19649740
18684 19650148
18685 19650724
18686 19651060
18687 19651732
18688 19656868
18689 19658716
18690 19659100
18691 19659916
18692 19660420
18693 19663060
18694 19665340
18695 19665820
18696 19666300
18697 19667668
18698 19668172
18699 19668988
18700 19669372
18701 19674772
18702 19676740
18703 19677028
18704 19677940
18705 19680988
18706 19682428
18707 19682884
18708 19683748
18709 19685596
18710 19686100
18711 19689220
18712 19691380
18713 19692700
18714 19694668
18715 19695052
18716 19695892
18717 19698172
18718 19700332
18719 19701676
18720 19703620
18721 19707124
18722 19707508
18723 19709284
18724 19710628
18725 19712980
18726 19718260
18727 19719700
18728 19721548
18729 19722052
18730 19727212
18731 19728556
18732 19730620
18733 19731004
18734 19731364
18735 19736188
18736 19736764
18737 19737628
18738 19739572
18739 19742980
18740 19745140
18741 19746580
18742 19748932
18743 19753420
18744 19754212
18745 19756588
18746 19757500
18747 19760548
18748 19763068
18749 19764508
18750 19767940
18751 19768516
18752 19769500
18753 19772140
18754 19773580
18755 19778452
18756 19781092
18757 19782532
18758 19785796
18759 19787404
18760 19792540
18761 19793452
18762 19796380
18763 19799020
18764 19800460
18765 19805332
18766 19808092
18767 19810972
18768 19811188
18769 19814308
18770 19817044
18771 19820980
18772 19823260
18773 19827916
18774 19828492
18775 19828876
18776 19829932
18777 19832332
18778 19834972
18779 19836412
18780 19841188
18781 19841812
18782 19846588
18783 19850260
18784 19854940
18785 19858588
18786 19859212
18787 19860412
18788 19864348
18789 19864828
18790 19865716
18791 19870924
18792 19874020
18793 19874668
18794 19877140
18795 19879828
18796 19882636
18797 19883356
18798 19883620
18799 19886212
18800 19892308
18801 19892572
18802 19894540
18803 19895164
18804 19896364
18805 19896748
18806 19900108
18807 19901260
18808 19901548
18809 19908700
18810 19909876
18811 19910212
18812 19910500
18813 19913092
18814 19915012
18815 19918828
18816 19919188
18817 19919476
18818 19927780
18819 19928140
18820 19928428
18821 19930492
18822 19930876
18823 19932700
18824 19933180
18825 19935940
18826 19936180
18827 19936732
18828 19937116
18829 19943212
18830 19945036
18831 19945348
18832 19945708
18833 19946068
18834 19946356
18835 19949044
18836 19950508
18837 19952668
18838 19954300
18839 19954660
18840 19955428
18841 19963180
18842 19963252
18843 19963636
18844 19963996
18845 19964380
18846 19965772
18847 19966828
18848 19968652
18849 19970452
18850 19970812
18851 19972204
18852 19972588
18853 19979548
18854 19979908
18855 19981180
18856 19981660
18857 19982020
18858 19982308
18859 19984996
18860 19985380
18861 19986244
18862 19988980
18863 19990132
18864 19990516
18865 19991380
18866 19997692
18867 19999108
18868 19999132
18869 19999516
18870 19999948
18871 20000332
18872 20002780
18873 20003260
18874 20004412
18875 20004988
18876 20005564
18877 20008060
18878 20009020
18879 20013940
18880 20015500
18881 20015860
18882 20016100
18883 20016676
18884 20017972
18885 20018260
18886 20020372
18887 20021332
18888 20024572
18889 20025988
18890 20026468
18891 20030788
18892 20034028
18893 20034580
18894 20035540
18895 20035900
18896 20038060
18897 20039116
18898 20039692
18899 20039740
18900 20039860
18901 20040748
18902 20041420
18903 20042740
18904 20043532
18905 20044012
18906 20044492
18907 20052292
18908 20052484
18909 20054212
18910 20057668
18911 20057884
18912 20061940
18913 20062420
18914 20066740
18915 20069980
18916 20071420
18917 20071852
18918 20071900
18919 20072620
18920 20074492
18921 20075548
18922 20075812
18923 20077180
18924 20077852
18925 20087788
18926 20088340
18927 20089588
18928 20092036
18929 20092660
18930 20093620
18931 20094220
18932 20094460
18933 20095444
18934 20096860
18935 20097316
18936 20097892
18937 20098372
18938 20102692
18939 20105932
18940 20106268
18941 20106412
18942 20107756
18943 20108188
18944 20108332
18945 20111764
18946 20111980
18947 20113612
18948 20115004
18949 20120860
18950 20124100
18951 20124196
18952 20126500
18953 20129932
18954 20132500
18955 20132668
18956 20133844
18957 20135956
18958 20142268
18959 20142844
18960 20144140
18961 20144188
18962 20144260
18963 20144908
18964 20145028
18965 20148100
18966 20150044
18967 20150236
18968 20159908
18969 20161948
18970 20162836
18971 20165908
18972 20169220
18973 20172148
18974 20174980
18975 20178700
18976 20180620
18977 20183980
18978 20184052
18979 20184532
18980 20185228
18981 20186860
18982 20189548
18983 20190436
18984 20193124
18985 20196100
18986 20198260
18987 20198788
18988 20199148
18989 20202220
18990 20202436
18991 20205172
18992 20211292
18993 20214124
18994 20215132
18995 20215420
18996 20215588
18997 20216092
18998 20216428
18999 20216932
19000 20218108
19001 20220388
19002 20220964
19003 20221756
19004 20224660
19005 20225500
19006 20229460
19007 20230468
19008 20232052
19009 20234572
19010 20238652
19011 20242468
19012 20242948
19013 20243668
19014 20247628
19015 20251540
19016 20251780
19017 20252020
19018 20252740
19019 20253388
19020 20254828
19021 20256820
19022 20257228
19023 20257876
19024 20258476
19025 20265892
19026 20268004
19027 20269780
19028 20271076
19029 20271556
19030 20275852
19031 20278780
19032 20280148
19033 20284060
19034 20284228
19035 20288716
19036 20289220
19037 20290396
19038 20293252
19039 20293300
19040 20296948
19041 20297788
19042 20298292
19043 20302324
19044 20305060
19045 20306860
19046 20307340
19047 20307388
19048 20307460
19049 20307748
19050 20308756
19051 20311108
19052 20311708
19053 20315236
19054 20315932
19055 20316460
19056 20320492
19057 20324308
19058 20324908
19059 20325028
19060 20325556
19061 20326516
19062 20327116
19063 20329732
19064 20333380
19065 20334100
19066 20334340
19067 20334628
19068 20334868
19069 20338948
19070 20342452
19071 20343028
19072 20343196
19073 20343820
19074 20344708
19075 20347828
19076 20347900
19077 20348068
19078 20348140
19079 20350708
19080 20351548
19081 20352268
19082 20352796
19083 20356924
19084 20358700
19085 20358820
19086 20359780
19087 20360620
19088 20361460
19089 20361628
19090 20361988
19091 20365996
19092 20367892
19093 20368852
19094 20369716
19095 20370436
19096 20375308
19097 20375380
19098 20377924
19099 20378788
19100 20379628
19101 20379796
19102 20384620
19103 20387020
19104 20387980
19105 20388700
19106 20389228
19107 20396092
19108 20396956
19109 20398420
19110 20398468
19111 20398708
19112 20402788
19113 20402980
19114 20405188
19115 20406148
19116 20406868
19117 20407492
19118 20411740
19119 20412100
19120 20412580
19121 20413180
19122 20414260
19123 20415220
19124 20416060
19125 20416108
19126 20417236
19127 20417596
19128 20418196
19129 20418316
19130 20421076
19131 20421148
19132 20422036
19133 20425132
19134 20425660
19135 20425828
19136 20430988
19137 20431108
19138 20432428
19139 20433388
19140 20433556
19141 20434900
19142 20439148
19143 20439220
19144 20440060
19145 20440180
19146 20441620
19147 20443300
19148 20443588
19149 20444116
19150 20448916
19151 20449132
19152 20449252
19153 20450692
19154 20451652
19155 20452540
19156 20453068
19157 20453236
19158 20455972
19159 20457988
19160 20458204
19161 20458348
19162 20461036
19163 20461756
19164 20462092
19165 20462308
19166 20466700
19167 20466988
19168 20467060
19169 20467300
19170 20467420
19171 20468860
19172 20469028
19173 20469820
19174 20469988
19175 20470108
19176 20470708
19177 20470876
19178 20470948
19179 20476132
19180 20476372
19181 20476516
19182 20479732
19183 20479948
19184 20480476
19185 20480716
19186 20484868
19187 20485228
19188 20485468
19189 20485588
19190 20487124
19191 20488276
19192 20489788
19193 20493940
19194 20494300
19195 20494540
19196 20497228
19197 20497396
19198 20498116
19199 20498356
19200 20503012
19201 20503396
19202 20503420
19203 20503756
19204 20504092
19205 20505292
19206 20505460
19207 20506252
19208 20506468
19209 20507956
19210 20508196
19211 20512084
19212 20512468
19213 20512708
19214 20516908
19215 20521180
19216 20521660
19217 20521900
19218 20522020
19219 20522068
19220 20523748
19221 20523940
19222 20524636
19223 20524708
19224 20524876
19225 20524900
19226 20525572
19227 20525596
19228 20525788
19229 20525836
19230 20526316
19231 20530252
19232 20530636
19233 20533948
19234 20534548
19235 20535436
19236 20535628
19237 20539348
19238 20539948
19239 20540188
19240 20541724
19241 20541940
19242 20544316
19243 20544388
19244 20548420
19245 20549140
19246 20549380
19247 20553076
19248 20553268
19249 20553796
19250 20557156
19251 20558332
19252 20558452
19253 20558788
19254 20560108
19255 20560180
19256 20560348
19257 20561068
19258 20561428
19259 20561956
19260 20562028
19261 20562556
19262 20565460
19263 20566588
19264 20567068
19265 20569420
19266 20570476
19267 20571868
19268 20575300
19269 20576260
19270 20576308
19271 20576620
19272 20576668
19273 20576788
19274 20576908
19275 20577532
19276 20579500
19277 20579596
19278 20579788
19279 20581828
19280 20583172
19281 20584372
19282 20584852
19283 20585332
19284 20585572
19285 20588476
19286 20588548
19287 20589508
19288 20590156
19289 20590228
19290 20593444
19291 20595220
19292 20596540
19293 20596900
19294 20597956
19295 20598148
19296 20599276
19297 20599972
19298 20603020
19299 20603500
19300 20603668
19301 20604196
19302 20605948
19303 20607796
19304 20607868
19305 20608588
19306 20612980
19307 20613052
19308 20613580
19309 20613748
19310 20614972
19311 20615260
19312 20616028
19313 20616916
19314 20617636
19315 20619292
19316 20622004
19317 20623948
19318 20624020
19319 20626756
19320 20627428
19321 20629780
19322 20630908
19323 20631076
19324 20631436
19325 20631508
19326 20631676
19327 20633428
19328 20633620
19329 20633812
19330 20634316
19331 20634388
19332 20635276
19333 20635996
19334 20638876
19335 20639452
19336 20639932
19337 20640148
19338 20640388
19339 20643436
19340 20644396
19341 20645116
19342 20647948
19343 20649868
19344 20651500
19345 20651788
19346 20652748
19347 20653636
19348 20658316
19349 20658388
19350 20658988
19351 20661796
19352 20662756
19353 20663476
19354 20666116
19355 20666860
19356 20667628
19357 20667868
19358 20668228
19359 20669788
19360 20669860
19361 20670532
19362 20670916
19363 20672908
19364 20673604
19365 20675884
19366 20676820
19367 20677276
19368 20678908
19369 20680156
19370 20681116
19371 20681836
19372 20682700
19373 20685796
19374 20686300
19375 20686396
19376 20686420
19377 20686468
19378 20687212
19379 20688220
19380 20688700
19381 20688892
19382 20689276
19383 20689660
19384 20690548
19385 20691940
19386 20692084
19387 20694748
19388 20695108
19389 20695276
19390 20697268
19391 20699476
19392 20700388
19393 20704228
19394 20704300
19395 20704756
19396 20706388
19397 20707636
19398 20708020
19399 20711740
19400 20713276
19401 20713468
19402 20715628
19403 20717068
19404 20718028
19405 20718148
19406 20718748
19407 20722156
19408 20722228
19409 20722828
19410 20724748
19411 20725996
19412 20727988
19413 20730700
19414 20731780
19415 20736388
19416 20736772
19417 20738980
19418 20739148
19419 20739316
19420 20740108
19421 20741116
19422 20741188
19423 20741860
19424 20742484
19425 20743108
19426 20743492
19427 20744164
19428 20744548
19429 20744668
19430 20745628
19431 20746012
19432 20746540
19433 20748172
19434 20750068
19435 20750236
19436 20752540
19437 20755780
19438 20757244
19439 20758108
19440 20758180
19441 20758708
19442 20759188
19443 20759548
19444 20761468
19445 20762332
19446 20762908
19447 20763292
19448 20764180
19449 20765020
19450 20766556
19451 20767996
19452 20768500
19453 20768596
19454 20772532
19455 20773420
19456 20774020
19457 20775412
19458 20777116
19459 20777548
19460 20777716
19461 20780020
19462 20780140
19463 20782660
19464 20783260
19465 20785948
19466 20786428
19467 20786668
19468 20786956
19469 20790700
19470 20791660
19471 20792380
19472 20795476
19473 20795908
19474 20796076
19475 20796460
19476 20798380
19477 20798764
19478 20799940
19479 20800900
19480 20801620
19481 20802988
19482 20803948
19483 20804596
19484 20805028
19485 20810020
19486 20810860
19487 20811844
19488 20812060
19489 20813068
19490 20813836
19491 20814436
19492 20814820
19493 20817244
19494 20818180
19495 20819260
19496 20821516
19497 20822956
19498 20823388
19499 20824732
19500 20826172
19501 20828500
19502 20830228
19503 20830396
19504 20830468
19505 20831428
19506 20832796
19507 20836540
19508 20836660
19509 20839468
19510 20840548
19511 20841316
19512 20841748
19513 20842612
19514 20845780
19515 20847652
19516 20848756
19517 20848948
19518 20849788
19519 20850748
19520 20851348
19521 20851612
19522 20851780
19523 20853652
19524 20855020
19525 20856892
19526 20857204
19527 20857636
19528 20858908
19529 20859676
19530 20862892
19531 20865292
19532 20866132
19533 20872012
19534 20872132
19535 20874532
19536 20875372
19537 20877268
19538 20878228
19539 20878660
19540 20879020
19541 20881252
19542 20883772
19543 20885188
19544 20885356
19545 20885380
19546 20890492
19547 20891812
19548 20893012
19549 20894068
19550 20894428
19551 20895628
19552 20897500
19553 20901052
19554 20903476
19555 20903548
19556 20903716
19557 20903740
19558 20905828
19559 20906740
19560 20910292
19561 20912308
19562 20912596
19563 20912836
19564 20919532
19565 20921116
19566 20921476
19567 20921908
19568 20922076
19569 20924932
19570 20924980
19571 20927284
19572 20931148
19573 20931196
19574 20933620
19575 20933932
19576 20934220
19577 20936524
19578 20940076
19579 20940268
19580 20941780
19581 20942164
19582 20942860
19583 20942908
19584 20943172
19585 20943340
19586 20943460
19587 20945764
19588 20949556
19589 20951860
19590 20952292
19591 20952580
19592 20955004
19593 20958340
19594 20958436
19595 20958628
19596 20959012
19597 20959684
19598 20959852
19599 20960332
19600 20961100
19601 20961532
19602 20961820
19603 20962756
19604 20965060
19605 20966980
19606 20967916
19607 20970220
19608 20970340
19609 20970772
19610 20976508
19611 20976796
19612 20976988
19613 20979460
19614 20984812
19615 20986468
19616 20987812
19617 20994868
19618 20995156
19619 20997052
19620 20998612
19621 21002452
19622 21003916
19623 21006172
19624 21006292
19625 21007564
19626 21007852
19627 21013156
19628 21013228
19629 21013708
19630 21014068
19631 21014284
19632 21015196
19633 21015412
19634 21016804
19635 21017092
19636 21025492
19637 21026044
19638 21026332
19639 21031396
19640 21031588
19641 21032068
19642 21034732
19643 21035284
19644 21036388
19645 21040636
19646 21043972
19647 21053212
19648 21057172
19649 21058996
19650 21061444
19651 21068116
19652 21069172
19653 21069340
19654 21070684
19655 21076084
19656 21076468
19657 21078412
19658 21078580
19659 21079924
19660 21086476
19661 21087532
19662 21087700
19663 21089164
19664 21091996
19665 21096580
19666 21096772
19667 21096940
19668 21101860
19669 21104836
19670 21105700
19671 21105820
19672 21106012
19673 21113860
19674 21114940
19675 21123772
19676 21124180
19677 21130300
19678 21133732
19679 21142132
19680 21142804
19681 21142972
19682 21147292
19683 21148132
19684 21150100
19685 21151180
19686 21152044
19687 21152212
19688 21159340
19689 21160252
19690 21160972
19691 21161284
19692 21161452
19693 21162268
19694 21167692
19695 21170212
19696 21170524
19697 21178660
19698 21179452
19699 21182500
19700 21187492
19701 21188692
19702 21196732
19703 21197020
19704 21197404
19705 21206260
19706 21206644
19707 21212812
19708 21213220
19709 21215884
19710 21219268
19711 21221428
19712 21222268
19713 21224812
19714 21225124
19715 21230668
19716 21234052
19717 21239212
19718 21239620
19719 21240532
19720 21243292
19721 21252292
19722 21252532
19723 21257020
19724 21257548
19725 21258412
19726 21258820
19727 21259708
19728 21261532
19729 21268060
19730 21270652
19731 21270772
19732 21277012
19733 21277492
19734 21278236
19735 21279892
19736 21280012
19737 21285580
19738 21286444
19739 21286732
19740 21289132
19741 21291604
19742 21294052
19743 21294940
19744 21295396
19745 21295684
19746 21296092
19747 21296188
19748 21296212
19749 21297196
19750 21297892
19751 21298372
19752 21310348
19753 21313612
19754 21313732
19755 21314404
19756 21321532
19757 21322972
19758 21323068
19759 21323092
19760 21323932
19761 21324076
19762 21325924
19763 21326932
19764 21328852
19765 21332836
19766 21333172
19767 21333772
19768 21333988
19769 21340324
19770 21341788
19771 21344404
19772 21344428
19773 21346516
19774 21346588
19775 21348100
19776 21349564
19777 21349684
19778 21353644
19779 21359716
19780 21361708
19781 21362884
19782 21365620
19783 21367348
19784 21368284
19785 21370228
19786 21371260
19787 21374860
19788 21379180
19789 21388588
19790 21388900
19791 21395668
19792 21397108
19793 21397852
19794 21398260
19795 21401476
19796 21403012
19797 21403180
19798 21403300
19799 21405724
19800 21405844
19801 21405964
19802 21406996
19803 21407212
19804 21407620
19805 21408244
19806 21415780
19807 21416572
19808 21416932
19809 21421972
19810 21425140
19811 21425884
19812 21426292
19813 21426388
19814 21431332
19815 21431428
19816 21433060
19817 21434500
19818 21435244
19819 21435340
19820 21435628
19821 21435652
19822 21435748
19823 21440380
19824 21443812
19825 21444388
19826 21444604
19827 21444700
19828 21445012
19829 21447628
19830 21450100
19831 21451732
19832 21453172
19833 21453268
19834 21453964
19835 21454420
19836 21454540
19837 21456868
19838 21457540
19839 21460612
19840 21461092
19841 21462124
19842 21462532
19843 21462628
19844 21463372
19845 21463492
19846 21463780
19847 21463876
19848 21467956
19849 21470452
19850 21471892
19851 21472732
19852 21472828
19853 21475108
19854 21477028
19855 21479188
19856 21479764
19857 21481132
19858 21481300
19859 21481420
19860 21482572
19861 21482668
19862 21486580
19863 21487588
19864 21489124
19865 21489220
19866 21490660
19867 21490756
19868 21491524
19869 21491620
19870 21491908
19871 21491932
19872 21494884
19873 21495196
19874 21498484
19875 21498580
19876 21500860
19877 21500884
19878 21501268
19879 21501460
19880 21503692
19881 21505348
19882 21507844
19883 21509452
19884 21509548
19885 21510220
19886 21510700
19887 21510820
19888 21512380
19889 21512500
19890 21512932
19891 21513772
19892 21514420
19893 21515140
19894 21515452
19895 21517108
19896 21517252
19897 21517372
19898 21518788
19899 21518812
19900 21519556
19901 21519652
19902 21519772
19903 21519868
19904 21520060
19905 21520180
19906 21524020
19907 21526612
19908 21526708
19909 21528148
19910 21529012
19911 21529396
19912 21529492
19913 21531172
19914 21531628
19915 21532588
19916 21533092
19917 21533380
19918 21537580
19919 21537796
19920 21538348
19921 21538444
19922 21538660
19923 21538852
19924 21540532
19925 21542452
19926 21542740
19927 21545500
19928 21546940
19929 21547060
19930 21547804
19931 21547900
19932 21551260
19933 21551812
19934 21552052
19935 21554740
19936 21554764
19937 21556276
19938 21556372
19939 21556588
19940 21557140
19941 21559036
19942 21560620
19943 21561124
19944 21561412
19945 21561508
19946 21564100
19947 21564292
19948 21565732
19949 21565828
19950 21566692
19951 21568252
19952 21569020
19953 21569980
19954 21570484
19955 21570580
19956 21570772
19957 21570868
19958 21573532
19959 21573652
19960 21573748
19961 21575068
19962 21575932
19963 21579292
19964 21579844
19965 21579940
19966 21580132
19967 21582892
19968 21583012
19969 21584620
19970 21584836
19971 21586516
19972 21587692
19973 21588652
19974 21588748
19975 21589204
19976 21589540
19977 21589660
19978 21592228
19979 21592324
19980 21592540
19981 21593860
19982 21593980
19983 21596428
19984 21597052
19985 21598012
19986 21598108
19987 21598612
19988 21598732
19989 21598900
19990 21598996
19991 21601684
19992 21603316
19993 21604876
19994 21606412
19995 21607372
19996 21607972
19997 21608068
19998 21611020
19999 21612652
20000 21612868
